parentobjectid,childobjectid,relationship
10,282,separable
34,0,separable
34,33,separable
160,161,inseparable
182,183,separable
182,184,separable
391,220445,separable
486,487,separable
486,488,separable
760,761,inseparable
1154,1155,separable
1154,1156,separable
1288,91410,separable
1288,91411,separable
1290,1291,inseparable
1292,1293,inseparable
1294,1295,inseparable
1296,1297,inseparable
1300,1301,inseparable
1302,1303,inseparable
1304,1305,inseparable
1306,1307,inseparable
1308,1309,inseparable
1310,1311,inseparable
1312,1313,inseparable
1314,1315,inseparable
1316,1317,inseparable
1318,1319,inseparable
1320,1321,inseparable
1322,1323,inseparable
1324,1325,inseparable
1326,1327,inseparable
1328,1329,inseparable
1330,1331,inseparable
1332,1333,inseparable
1335,150137,inseparable
1858,1857,separable
1858,1859,separable
1858,1860,separable
1858,1861,separable
1858,1862,separable
1858,1863,separable
1865,1864,separable
1865,1866,separable
1865,1867,separable
1865,1868,separable
1865,1869,separable
1865,1870,separable
1865,1871,separable
1865,1872,separable
1865,1873,separable
1865,1874,separable
1865,1875,separable
1865,1876,separable
1865,1877,separable
1865,1878,separable
1865,1879,separable
1865,1880,separable
1865,1881,separable
1865,1882,separable
1865,1883,separable
1865,1884,separable
1865,1885,separable
1865,1886,separable
1865,1887,separable
1865,1888,separable
1865,1889,separable
1865,1890,separable
1865,1891,separable
1865,1892,separable
1865,1893,separable
1865,1894,separable
1865,1895,separable
1865,1896,separable
1865,1897,separable
1865,1898,separable
1865,1899,separable
1865,1900,separable
1865,1901,separable
1865,1902,separable
1865,1903,separable
1905,1904,separable
1905,1906,separable
1905,1907,separable
1905,1908,separable
1905,1909,separable
1905,1910,separable
1905,1911,separable
1905,1912,separable
1905,1913,separable
1905,1914,separable
1905,1915,separable
1905,1916,separable
1905,1917,separable
1905,1918,separable
1905,1919,separable
1905,1920,separable
1905,1921,separable
1905,1922,separable
1905,1923,separable
1905,1924,separable
1905,1925,separable
1905,1926,separable
1905,1927,separable
1905,1928,separable
1905,1929,separable
1905,1930,separable
1905,1931,separable
1905,1932,separable
1905,1933,separable
1905,1934,separable
1905,1935,separable
1905,1936,separable
1905,1937,separable
1905,1938,separable
1905,1939,separable
1905,1940,separable
1905,1941,separable
1905,1942,separable
1944,1943,separable
1944,1945,separable
1944,1946,separable
1944,1947,separable
1944,1948,separable
1944,1949,separable
1944,1950,separable
1944,1951,separable
1944,1952,separable
1944,1953,separable
1944,1954,separable
1944,1955,separable
1944,1956,separable
1944,1957,separable
1944,1958,separable
1944,1959,separable
1944,1960,separable
1944,1961,separable
1944,1962,separable
1944,1963,separable
1944,1964,separable
1944,1965,separable
1944,1966,separable
1944,1967,separable
1944,1968,separable
1944,1969,separable
1944,1970,separable
1944,1971,separable
1944,1972,separable
1944,1973,separable
1944,1974,separable
1944,1975,separable
1944,1976,separable
1944,1977,separable
1983,1984,inseparable
1983,1985,inseparable
1988,1987,separable
1988,1989,separable
1988,1990,separable
1988,1991,separable
1988,1992,separable
1988,1993,separable
1988,1994,separable
1988,1995,separable
1988,1996,separable
1988,1997,separable
1988,1998,separable
1988,1999,separable
1988,2000,separable
1988,2001,separable
1988,2002,separable
1988,2003,separable
1988,2004,separable
1988,2005,separable
1988,2006,separable
1988,2007,separable
1988,2008,separable
1988,2009,separable
1988,2010,separable
1988,2011,separable
1988,2012,separable
1988,2013,separable
1988,2014,separable
1988,2015,separable
1988,2016,separable
1988,2017,separable
1988,2018,separable
1988,2019,separable
1988,2020,separable
1988,2021,separable
1988,2022,separable
1988,2023,separable
2025,2024,separable
2025,2026,separable
2025,2027,separable
2025,2028,separable
2025,2029,separable
2025,2030,separable
2025,2031,separable
2025,2032,separable
2025,2033,separable
2025,2034,separable
2025,2035,separable
2025,2036,separable
2025,2037,separable
2025,2038,separable
2025,2039,separable
2025,2040,separable
2025,2041,separable
2025,2042,separable
2025,2043,separable
2025,2044,separable
2025,2045,separable
2025,2046,separable
2025,2047,separable
2025,2048,separable
2025,2049,separable
2025,2050,separable
2025,2051,separable
2025,2052,separable
2025,2053,separable
2025,2054,separable
2025,2055,separable
2025,2056,separable
2025,2057,separable
2025,2058,separable
2025,2059,separable
2061,2060,separable
2061,2062,separable
2061,2063,separable
2061,2064,separable
2061,2065,separable
2061,2066,separable
2061,2067,separable
2061,2068,separable
2061,2069,separable
2061,2070,separable
2061,2071,separable
2061,2072,separable
2061,2073,separable
2061,2074,separable
2061,2075,separable
2061,2076,separable
2061,2077,separable
2061,2078,separable
2061,2079,separable
2061,2080,separable
2061,2081,separable
2061,2082,separable
2061,2083,separable
2061,2084,separable
2061,2085,separable
2061,2086,separable
2061,2087,separable
2061,2088,separable
2061,2089,separable
2061,2090,separable
2061,2091,separable
2061,2092,separable
2061,2093,separable
2061,2094,separable
2061,2095,separable
2061,2096,separable
2061,2097,separable
2099,2098,separable
2099,2100,separable
2099,2101,separable
2099,2102,separable
2099,2103,separable
2099,2104,separable
2099,2105,separable
2099,2106,separable
2099,2107,separable
2099,2108,separable
2099,2109,separable
2099,2110,separable
2099,2111,separable
2099,2112,separable
2099,2113,separable
2099,2114,separable
2099,2115,separable
2099,2116,separable
2099,2117,separable
2099,2118,separable
2099,2119,separable
2099,2120,separable
2099,2121,separable
2099,2122,separable
2099,2123,separable
2099,2124,separable
2099,2125,separable
2099,2126,separable
2099,2127,separable
2099,2128,separable
2099,2129,separable
2099,2130,separable
2099,2131,separable
2099,2132,separable
2099,2133,separable
2135,2134,separable
2135,2136,separable
2135,2137,separable
2135,2138,separable
2135,2139,separable
2135,2140,separable
2135,2141,separable
2135,2142,separable
2135,2143,separable
2135,2144,separable
2135,2145,separable
2135,2146,separable
2135,2147,separable
2135,2148,separable
2135,2149,separable
2135,2150,separable
2135,2151,separable
2135,2152,separable
2135,2153,separable
2135,2154,separable
2135,2155,separable
2135,2156,separable
2135,2157,separable
2135,2158,separable
2135,2159,separable
2135,2160,separable
2135,2161,separable
2135,2162,separable
2135,2163,separable
2135,2164,separable
2135,2165,separable
2135,2166,separable
2135,2167,separable
2135,2168,separable
2135,2169,separable
2135,2170,separable
2135,2171,separable
2135,2172,separable
2135,2173,separable
2175,2174,separable
2175,2176,separable
2175,2177,separable
2175,2178,separable
2175,2179,separable
2175,2180,separable
2175,2181,separable
2175,2182,separable
2175,2183,separable
2175,2184,separable
2175,2185,separable
2175,2186,separable
2175,2187,separable
2175,2188,separable
2175,2189,separable
2175,2190,separable
2175,2191,separable
2175,2192,separable
2175,2193,separable
2175,2194,separable
2175,2195,separable
2175,2196,separable
2175,2197,separable
2175,2198,separable
2175,2199,separable
2175,2200,separable
2175,2201,separable
2175,2202,separable
2175,2203,separable
2175,2204,separable
2175,2205,separable
2175,2206,separable
2175,2207,separable
2175,2208,separable
2175,2209,separable
2175,2210,separable
2212,2211,separable
2212,2213,separable
2212,2214,separable
2212,2215,separable
2212,2216,separable
2212,2217,separable
2212,2218,separable
2212,2219,separable
2212,2220,separable
2212,2221,separable
2212,2222,separable
2212,2223,separable
2212,2224,separable
2212,2225,separable
2212,2226,separable
2212,2227,separable
2212,2228,separable
2212,2229,separable
2212,2230,separable
2212,2231,separable
2212,2232,separable
2212,2233,separable
2212,2234,separable
2212,2235,separable
2212,2236,separable
2212,2237,separable
2212,2238,separable
2212,2239,separable
2212,2240,separable
2212,2241,separable
2212,2242,separable
2212,2243,separable
2212,2244,separable
2212,2245,separable
2212,2246,separable
2212,2247,separable
2249,2248,separable
2249,2250,separable
2249,2251,separable
2249,2252,separable
2249,2253,separable
2249,2254,separable
2249,2255,separable
2249,2256,separable
2249,2257,separable
2249,2258,separable
2249,2259,separable
2249,2260,separable
2249,2261,separable
2249,2262,separable
2249,2263,separable
2249,2264,separable
2249,2265,separable
2249,2266,separable
2249,2267,separable
2249,2268,separable
2249,2269,separable
2249,2270,separable
2249,2271,separable
2249,2272,separable
2249,2273,separable
2249,2274,separable
2249,2275,separable
2249,2276,separable
2249,2277,separable
2249,2278,separable
2249,2279,separable
2249,2280,separable
2249,2281,separable
2283,2282,separable
2283,2284,separable
2283,2285,separable
2283,2286,separable
2283,2287,separable
2283,2288,separable
2283,2289,separable
2283,2290,separable
2283,2291,separable
2283,2292,separable
2283,2293,separable
2283,2294,separable
2283,2295,separable
2283,2296,separable
2283,2297,separable
2283,2298,separable
2283,2299,separable
2283,2300,separable
2283,2301,separable
2283,2302,separable
2283,2303,separable
2283,2304,separable
2283,2305,separable
2283,2306,separable
2283,2307,separable
2283,2308,separable
2283,2309,separable
2283,2310,separable
2283,2311,separable
2283,2312,separable
2283,2313,separable
2283,2314,separable
2283,2315,separable
2283,2316,separable
2283,2317,separable
2283,2318,separable
2283,2319,separable
2283,2320,separable
2283,2321,separable
2283,2322,separable
2283,2323,separable
2283,2324,separable
2283,2325,separable
2283,2326,separable
2283,2327,separable
2283,2328,separable
2283,2329,separable
2283,2330,separable
2283,2331,separable
2333,2332,separable
2333,2334,separable
2333,2335,separable
2333,2336,separable
2333,2337,separable
2333,2338,separable
2333,2339,separable
2333,2340,separable
2333,2341,separable
2333,2342,separable
2333,2343,separable
2333,2344,separable
2345,2346,inseparable
2345,2347,inseparable
2345,2348,inseparable
2345,2349,inseparable
2345,2350,inseparable
2345,2351,inseparable
2345,2352,inseparable
2345,2353,inseparable
2345,2354,inseparable
2345,2355,inseparable
2345,2356,inseparable
2345,2357,inseparable
2345,2358,inseparable
2345,2359,inseparable
2361,2360,separable
2361,2362,separable
2361,2363,separable
2361,2364,separable
2361,2365,separable
2361,2366,separable
2361,2367,separable
2361,2368,separable
2361,2369,separable
2361,2370,separable
2361,2371,separable
2361,2372,separable
2361,2373,separable
2361,2374,separable
2361,2375,separable
2361,2376,separable
2361,2377,separable
2361,2378,separable
2361,2379,separable
2361,2380,separable
2361,2381,separable
2361,2382,separable
2361,2383,separable
2361,2384,separable
2388,2387,separable
2388,2389,separable
2388,2390,separable
2388,2391,separable
2388,2392,separable
2388,2393,separable
2388,2394,separable
2388,2395,separable
2388,2396,separable
2435,2434,separable
2435,2436,separable
2435,2437,separable
2435,2438,separable
2435,2439,separable
2435,2440,separable
2435,2441,separable
2435,2442,separable
2435,2443,separable
2435,2444,separable
2435,2445,separable
2435,2446,separable
2435,2447,separable
2456,2455,separable
2456,2457,separable
2456,2458,separable
2456,2459,separable
2456,2460,separable
2456,2461,separable
2456,2462,separable
2456,2463,separable
2456,2464,separable
2456,2465,separable
2456,2466,separable
2478,2479,inseparable
2478,2483,separable
2495,2494,separable
2495,2496,separable
2495,2497,separable
2495,2498,separable
2495,2499,separable
2495,2500,separable
2495,2501,separable
2495,2502,separable
2495,2503,separable
2509,2510,inseparable
2523,223068,inseparable
2523,223069,inseparable
2523,223070,inseparable
2523,223071,inseparable
2523,223072,inseparable
2523,223073,inseparable
2523,223074,inseparable
2523,223075,inseparable
2523,223076,inseparable
2523,223077,inseparable
2523,223078,inseparable
2523,223079,inseparable
2523,223080,inseparable
2523,223081,inseparable
2523,223082,inseparable
2523,223083,inseparable
2523,223084,inseparable
2523,223085,inseparable
2523,223086,inseparable
2523,223087,inseparable
2523,223088,inseparable
2523,223089,inseparable
2523,223090,inseparable
2523,223091,inseparable
2523,223092,inseparable
2523,223093,inseparable
2523,223094,inseparable
2523,223095,inseparable
2523,223096,inseparable
2523,223097,inseparable
2523,223098,inseparable
2523,223099,inseparable
2523,223100,inseparable
2523,223101,inseparable
2523,223102,inseparable
2523,223103,inseparable
2523,223104,inseparable
2523,223105,inseparable
2523,223106,inseparable
2523,223107,inseparable
2523,223108,inseparable
2523,223109,inseparable
2523,223110,inseparable
2523,223111,inseparable
2523,223112,inseparable
2525,2526,inseparable
2537,2538,separable
2558,2559,inseparable
2564,2563,separable
2564,2565,separable
2564,2566,separable
2564,2567,separable
2564,2568,separable
2564,2569,separable
2564,2570,separable
2564,2571,separable
2564,2572,separable
2564,2573,separable
2564,2574,separable
2564,2575,separable
2564,2576,separable
2564,2577,separable
2564,2578,separable
2564,2579,separable
2564,2580,separable
2564,2581,separable
2564,2582,separable
2564,2583,separable
2564,2584,separable
2564,2585,separable
2564,2586,separable
2564,2587,separable
2564,2588,separable
2564,2589,separable
2564,2590,separable
2564,2594,separable
2564,2595,separable
2564,2596,separable
2564,2597,separable
2564,2598,separable
2564,2599,separable
2564,2600,separable
2590,2591,inseparable
2590,2592,inseparable
2590,2593,inseparable
2601,2602,inseparable
2601,2603,inseparable
2601,2604,inseparable
2601,2605,inseparable
2629,2631,separable
2634,2635,inseparable
2634,2636,inseparable
2634,2637,inseparable
2634,2638,inseparable
2634,2639,inseparable
2634,2640,inseparable
2648,2649,inseparable
2648,2650,inseparable
2648,2651,inseparable
2648,2652,inseparable
2653,2654,inseparable
2653,2655,inseparable
2653,2656,inseparable
2653,2657,inseparable
2661,2662,inseparable
2661,2663,inseparable
2661,2664,inseparable
2661,2665,inseparable
2661,2666,inseparable
2661,2667,inseparable
2661,2668,inseparable
2661,2669,inseparable
2661,2670,inseparable
2687,2688,inseparable
2687,2689,inseparable
2687,2690,inseparable
2687,2691,inseparable
2687,2692,inseparable
2687,2693,inseparable
2687,2694,inseparable
2687,2695,inseparable
2687,2696,inseparable
2687,2697,inseparable
2687,2698,inseparable
2687,2699,inseparable
2687,2700,inseparable
2687,2701,inseparable
2687,2702,inseparable
2687,2703,inseparable
2722,138900,separable
2722,138901,separable
2725,211729,inseparable
2725,211730,inseparable
2725,211731,inseparable
2725,211732,inseparable
2725,211733,inseparable
2725,211734,inseparable
2725,211735,inseparable
2725,211736,inseparable
2725,211737,inseparable
2725,211738,inseparable
2725,211739,inseparable
2725,211740,inseparable
2725,211741,inseparable
2725,211742,inseparable
2725,211743,inseparable
2725,211744,inseparable
2725,211745,inseparable
2725,211746,inseparable
2725,211747,inseparable
2725,211748,inseparable
2725,211749,inseparable
2725,211750,inseparable
2725,211751,inseparable
2725,211752,inseparable
2725,211753,inseparable
2725,211754,inseparable
2725,211755,inseparable
2725,211756,inseparable
2725,211757,inseparable
2725,211758,inseparable
2725,211759,inseparable
2725,211760,inseparable
2725,211761,inseparable
2725,211762,inseparable
2725,211763,inseparable
2725,211764,inseparable
2725,211765,inseparable
2725,211766,inseparable
2725,211767,inseparable
2725,211768,inseparable
2725,211769,inseparable
2725,211770,inseparable
2725,211861,inseparable
3200,3201,inseparable
3790,3791,inseparable
3824,3825,inseparable
3933,3934,inseparable
4055,4056,inseparable
4060,4061,inseparable
4075,4076,inseparable
4695,4696,inseparable
4763,4764,inseparable
4765,4766,inseparable
4768,4767,separable
4768,4769,separable
4768,4770,separable
4768,4771,separable
4768,4772,separable
4768,4773,separable
4768,4774,separable
4768,4775,separable
4768,4776,separable
4768,4777,separable
4768,4778,separable
4768,4779,separable
4768,4780,separable
4768,4781,separable
4768,4782,separable
4768,4783,separable
4768,4784,separable
4768,4785,separable
4768,4786,separable
4768,4787,separable
4768,4788,separable
4768,4789,separable
4768,4790,separable
4768,4791,separable
4768,4792,separable
4768,4793,separable
4768,4794,separable
4768,4795,separable
4768,4796,separable
4768,4797,separable
4768,4798,separable
4768,4799,separable
4768,4800,separable
4802,4801,separable
4802,4803,separable
4802,4804,separable
4802,4805,separable
4802,4806,separable
4802,4807,separable
4802,4808,separable
4802,4809,separable
4802,4810,separable
4802,4811,separable
4802,4812,separable
4802,4813,separable
4802,4814,separable
4802,4815,separable
4802,4816,separable
4802,4817,separable
4802,4818,separable
4802,4819,separable
4802,4820,separable
4802,4821,separable
4802,4822,separable
4802,4823,separable
4802,4824,separable
4802,4825,separable
4802,4826,separable
4802,4827,separable
4802,4828,separable
4802,4829,separable
4802,4830,separable
4802,4831,separable
4802,4832,separable
4802,4833,separable
4802,4834,separable
4802,4835,separable
4802,4836,separable
4802,4837,separable
4802,4838,separable
4802,4839,separable
4802,4840,separable
4802,4841,separable
4802,4842,separable
4802,4843,separable
4802,4844,separable
4802,4845,separable
4802,4846,separable
4802,4847,separable
4802,4848,separable
4802,4849,separable
4802,4850,separable
4802,4851,separable
4802,4852,separable
4802,4853,separable
4802,4854,separable
4802,4855,separable
4802,4856,separable
4802,4857,separable
4802,4858,separable
4802,4859,separable
4802,4860,separable
4802,4861,separable
4802,4862,separable
4802,4863,separable
4802,4864,separable
4802,4889,separable
4802,4890,separable
4802,4891,separable
4867,4868,inseparable
4869,4870,inseparable
4871,4872,inseparable
4873,4874,inseparable
4876,4877,inseparable
4887,4888,inseparable
4887,4892,inseparable
4887,4893,inseparable
4887,4894,inseparable
5006,5007,inseparable
5010,5009,separable
5010,5011,separable
5010,5012,separable
5010,5013,separable
5010,5014,separable
5010,5015,separable
5010,5016,separable
5010,5017,separable
5010,5018,separable
5010,5019,separable
5010,5020,separable
5010,5021,separable
5010,5022,separable
5010,5023,separable
5010,5024,separable
5010,5025,separable
5010,5026,separable
5032,5031,separable
5032,5033,separable
5032,5034,separable
5032,5035,separable
5032,5036,separable
5032,5037,separable
5032,5038,separable
5032,5039,separable
5032,5040,separable
5032,5041,separable
5032,5042,separable
5032,5043,separable
5032,5044,separable
5032,5045,separable
5827,5826,separable
5827,5828,separable
5827,5829,separable
5827,5830,separable
5865,5864,separable
5865,5866,separable
5865,5867,separable
5865,5868,separable
5865,5869,separable
5865,5872,separable
5865,5873,separable
5865,5874,separable
5865,5875,separable
5865,5879,separable
5865,5883,separable
5865,5884,separable
5865,5886,separable
5865,5887,separable
5865,5888,separable
5865,5889,separable
5865,5890,separable
5865,5891,separable
5869,5870,inseparable
5869,5871,inseparable
5875,5876,inseparable
5875,5877,inseparable
5875,5878,inseparable
5879,5880,inseparable
5879,5881,inseparable
5879,5882,inseparable
5884,5885,inseparable
5891,5892,inseparable
5891,5893,inseparable
5891,5894,inseparable
6015,6016,inseparable
6353,6354,inseparable
7183,7184,inseparable
7328,216084,separable
7328,216085,separable
7328,216086,separable
7328,216087,separable
7328,216088,separable
7328,216089,separable
7328,216090,separable
7328,216091,separable
7328,216092,separable
7328,216093,separable
7328,216094,separable
7328,216095,separable
7328,216096,separable
7328,216097,separable
7328,216098,separable
7328,216099,separable
7328,216100,separable
7328,216101,separable
7328,216102,separable
7328,216103,separable
7328,216104,separable
7328,216105,separable
7328,216106,separable
7328,216107,separable
7328,216108,separable
7328,216109,separable
7328,216110,separable
7328,216111,separable
7328,216112,separable
7329,212474,separable
7329,212475,separable
7329,212476,separable
7329,212477,separable
7329,212478,separable
7329,212479,separable
7329,212480,separable
7329,212481,separable
7329,212482,separable
7329,212483,separable
7329,212484,separable
7329,212485,separable
7329,212486,separable
7329,212487,separable
7329,212488,separable
7329,212489,separable
7329,212490,separable
7329,212491,separable
7329,212492,separable
7329,212493,separable
7329,212494,separable
7329,212495,separable
7329,212496,separable
7329,212497,separable
7329,212498,separable
7329,212499,separable
7329,212500,separable
7329,212501,separable
7329,212502,separable
7329,212503,separable
7329,212504,separable
7329,212505,separable
7329,212506,separable
7329,212507,separable
7329,212508,separable
7329,212509,separable
7329,212510,separable
7329,212511,separable
7329,212512,separable
7329,212513,separable
7329,212514,separable
7329,212515,separable
7329,212516,separable
7329,212517,separable
7329,212518,separable
7329,212519,separable
7329,212520,separable
7329,212521,separable
7329,212522,separable
7329,212523,separable
7329,212524,separable
7329,212525,separable
7329,212526,separable
7329,212527,separable
7329,212528,separable
7329,212529,separable
7329,212530,separable
7329,212531,separable
7329,212532,separable
7329,212533,separable
7329,212534,separable
7329,212535,separable
7329,212536,separable
7329,212537,separable
7329,212538,separable
7329,212539,separable
7329,212540,separable
7329,212541,separable
7329,212542,separable
7329,212543,separable
7329,212544,separable
7329,212545,separable
7329,212546,separable
7329,212547,separable
7329,212548,separable
7329,212549,separable
7330,216040,separable
7330,216041,separable
7330,216042,separable
7330,216043,separable
7330,216044,separable
7330,216045,separable
7330,216046,separable
7330,216047,separable
7330,216048,separable
7330,216049,separable
7330,216050,separable
7330,216051,separable
7330,216052,separable
7330,216053,separable
7330,216054,separable
7330,216055,separable
7330,216056,separable
7330,216057,separable
7330,216058,separable
7330,216059,separable
7330,216060,separable
7330,216061,separable
7330,216062,separable
7330,216063,separable
7330,216064,separable
7330,216065,separable
7330,216066,separable
7330,216067,separable
7330,216068,separable
7346,7347,inseparable
7450,7451,inseparable
7450,7452,inseparable
7450,7453,inseparable
7450,7454,inseparable
7450,7455,inseparable
7450,7456,inseparable
7450,7457,inseparable
7450,7458,inseparable
7450,7459,inseparable
7450,7460,inseparable
7450,7461,inseparable
7450,7462,inseparable
7450,7463,inseparable
7450,7464,inseparable
7450,7465,inseparable
7450,7466,inseparable
7450,7467,inseparable
7450,7468,inseparable
7450,7469,inseparable
7450,7470,inseparable
7450,7471,inseparable
7450,7472,inseparable
7450,7473,inseparable
7450,7474,inseparable
7450,7475,inseparable
7450,7476,inseparable
7450,7477,inseparable
7450,7478,inseparable
7450,7479,inseparable
7450,7480,inseparable
7450,7481,inseparable
7450,7482,inseparable
7450,7483,inseparable
7450,7484,inseparable
7450,7485,inseparable
7450,7486,inseparable
7450,7487,inseparable
7450,7488,inseparable
7450,7489,inseparable
7450,7490,inseparable
7450,7491,inseparable
7450,7492,inseparable
7450,7493,inseparable
7450,7494,inseparable
7450,7495,inseparable
7450,7496,inseparable
7450,7497,inseparable
7450,7498,inseparable
7450,7499,inseparable
7450,7500,inseparable
7450,7501,inseparable
7450,7502,inseparable
7450,7503,inseparable
7450,7504,inseparable
7450,7505,inseparable
7450,7506,inseparable
7450,7507,inseparable
7450,7508,inseparable
7450,7509,inseparable
7450,7510,inseparable
7450,7511,inseparable
7450,7512,inseparable
7450,7513,inseparable
7450,7514,inseparable
7450,7515,inseparable
7450,7516,inseparable
7450,7517,inseparable
7450,7518,inseparable
7450,7519,inseparable
7450,7520,inseparable
7450,7521,inseparable
7450,7522,inseparable
7450,7523,inseparable
7450,7524,inseparable
7450,7525,inseparable
7450,7526,inseparable
7450,7527,inseparable
7450,7528,inseparable
7450,7529,inseparable
7450,7530,inseparable
7535,7536,inseparable
7535,7537,inseparable
7535,7538,inseparable
7535,7539,inseparable
7535,7540,inseparable
7535,7541,inseparable
7535,7542,inseparable
7535,7543,inseparable
7535,7544,inseparable
7535,7545,inseparable
7535,7546,inseparable
7535,7547,inseparable
7535,7548,inseparable
7535,7549,inseparable
7535,7550,inseparable
7535,7551,inseparable
7535,7552,inseparable
7535,7553,inseparable
7535,7554,inseparable
7535,7555,inseparable
7535,7556,inseparable
7535,7557,inseparable
7535,7558,inseparable
7535,7559,inseparable
7535,7560,inseparable
7535,7561,inseparable
7535,7562,inseparable
7535,7563,inseparable
7535,7564,inseparable
7535,7565,inseparable
7535,7566,inseparable
7535,7567,inseparable
7535,7568,inseparable
7535,7569,inseparable
7535,7570,inseparable
7535,7571,inseparable
7535,7572,inseparable
7535,7573,inseparable
7535,7574,inseparable
7535,7575,inseparable
7535,7576,inseparable
7535,7577,inseparable
7535,7578,inseparable
7535,7579,inseparable
7535,7580,inseparable
7535,7581,inseparable
7535,7582,inseparable
7535,7583,inseparable
7535,7584,inseparable
7535,7585,inseparable
7535,7586,inseparable
7535,7587,inseparable
7535,7588,inseparable
7535,7589,inseparable
7535,7590,inseparable
7535,7591,inseparable
7535,7592,inseparable
7535,7593,inseparable
7535,7594,inseparable
7535,7595,inseparable
7535,7596,inseparable
7535,7597,inseparable
7535,7598,inseparable
7535,7599,inseparable
7535,7600,inseparable
7535,7601,inseparable
7535,7602,inseparable
7535,7603,inseparable
7535,7604,inseparable
7535,7605,inseparable
7535,7606,inseparable
7535,7607,inseparable
7535,7608,inseparable
7535,7609,inseparable
7535,7610,inseparable
7535,7611,inseparable
7535,7612,inseparable
7535,7613,inseparable
7535,7614,inseparable
7535,7615,inseparable
7616,7617,inseparable
7616,7618,inseparable
7616,7619,inseparable
7616,7620,inseparable
7616,7621,inseparable
7616,7622,inseparable
7616,7623,inseparable
7616,7624,inseparable
7616,7625,inseparable
7616,7626,inseparable
7616,7627,inseparable
7616,7628,inseparable
7616,7629,inseparable
7616,7630,inseparable
7616,7631,inseparable
7616,7632,inseparable
7616,7633,inseparable
7616,7634,inseparable
7671,7670,separable
7671,7672,separable
7671,7673,separable
7671,7674,separable
7671,7675,separable
7671,7676,separable
7671,7677,separable
7671,7678,separable
7671,7679,separable
7671,7680,separable
7671,7682,separable
7671,7683,separable
7671,7684,separable
7671,7685,separable
7671,7686,separable
7671,7687,separable
7671,7688,separable
7671,7689,separable
7671,7690,separable
7671,7691,separable
7671,7693,separable
7671,7694,separable
7671,7695,separable
7671,7697,separable
7680,7681,inseparable
7691,7692,inseparable
7695,7696,inseparable
7699,7698,separable
7699,7700,separable
7699,7701,separable
7699,7702,separable
7699,7703,separable
7699,7704,separable
7699,7705,separable
7699,7706,separable
7699,7707,separable
7699,7708,separable
7699,7709,separable
7699,7710,separable
7699,7711,separable
7699,7712,separable
7699,7713,separable
7699,7714,separable
7699,7715,separable
7699,7716,separable
7699,7717,separable
7699,7718,separable
7699,7719,separable
7699,7720,separable
7699,7721,separable
7699,7722,separable
7699,7723,separable
7699,7724,separable
7699,7725,separable
7699,7726,separable
7699,7727,separable
7699,7728,separable
7699,7729,separable
8439,8440,inseparable
8447,8448,inseparable
8643,8644,inseparable
8743,8744,inseparable
8949,8950,inseparable
9223,9224,inseparable
9532,9531,separable
9532,9533,separable
9532,9534,separable
9532,9535,separable
9532,9536,separable
9532,9537,separable
9741,9742,inseparable
10191,10188,separable
10191,10189,separable
10191,10190,separable
10191,10192,separable
10191,10193,separable
10191,10194,separable
10191,10195,separable
10191,10196,separable
10191,10197,separable
10191,69957,separable
10396,10397,inseparable
10406,10405,separable
10406,10407,separable
10406,10408,separable
10406,10409,separable
10406,10410,separable
10406,10411,separable
10406,10412,separable
10406,10413,separable
10406,10414,separable
10406,10415,separable
10482,10481,separable
10482,10483,separable
10482,10484,separable
10482,10485,separable
10760,10761,inseparable
11302,11303,inseparable
11305,11306,inseparable
11308,144448,inseparable
11309,144444,inseparable
11310,144446,inseparable
11380,11381,inseparable
11389,11390,inseparable
11401,11402,inseparable
11500,11501,inseparable
11506,11507,inseparable
11508,11509,inseparable
11514,11515,inseparable
11517,11518,inseparable
11519,11520,inseparable
11586,11587,inseparable
11656,11655,separable
11656,11657,separable
11656,11658,separable
11656,11659,separable
11656,11660,separable
11656,11661,separable
11656,11662,separable
11656,11663,separable
11656,11664,separable
11656,11665,separable
11656,11666,separable
11656,11667,separable
11656,11668,separable
11656,11669,separable
11656,11670,separable
11656,11671,separable
11656,11672,separable
11656,11673,separable
11656,11674,separable
11656,11675,separable
11656,11676,separable
11656,11677,separable
11656,11678,separable
11656,11679,separable
11656,11680,separable
11682,11681,separable
11682,11683,separable
11682,11684,separable
11682,11685,separable
11682,11686,separable
11682,11687,separable
11682,11688,separable
11682,11689,separable
11682,11690,separable
11682,11691,separable
11682,11692,separable
11682,11693,separable
11682,11694,separable
11682,11695,separable
11682,11696,separable
11682,11697,separable
11682,11698,separable
11682,11699,separable
11682,11700,separable
11682,11701,separable
11682,11702,separable
11682,11703,separable
11682,11704,separable
11682,11705,separable
11682,11706,separable
11682,11707,separable
11682,11708,separable
11711,11710,separable
11711,11712,separable
11711,11713,separable
11711,11714,separable
11711,11715,separable
11711,11716,separable
11711,11717,separable
11711,11718,separable
11711,11719,separable
11711,11720,separable
11711,11721,separable
11711,11722,separable
11711,11723,separable
11711,11724,separable
11737,11738,inseparable
11745,11746,inseparable
11750,11751,inseparable
11752,11753,inseparable
11772,11773,inseparable
11793,11794,inseparable
11795,11796,inseparable
11797,11798,inseparable
11801,11802,inseparable
11803,11804,inseparable
11810,11811,inseparable
11812,11813,inseparable
11827,11828,inseparable
11829,11830,inseparable
11951,11950,separable
11951,11952,separable
11951,11953,separable
11951,11954,separable
11951,11955,separable
11951,11956,separable
11969,11968,separable
11969,11970,separable
11969,11971,separable
11969,11972,separable
11969,11973,separable
11969,11974,separable
11969,11975,separable
11969,11976,separable
11969,11977,separable
11969,11978,separable
11969,11979,separable
11969,11980,separable
11969,11981,separable
11969,11982,separable
11969,11983,separable
11969,11984,separable
11969,11985,separable
11969,11986,separable
11969,11987,separable
11969,11988,separable
11969,11989,separable
11969,11990,separable
11969,11991,separable
11969,11992,separable
11969,11993,separable
11969,11994,separable
11969,11995,separable
11969,11996,separable
11969,11997,separable
11969,11998,separable
11969,11999,separable
11969,12000,separable
11969,12001,separable
11969,12002,separable
11969,12003,separable
11969,12004,separable
11969,12005,separable
11969,12006,separable
11969,12007,separable
11969,12008,separable
11969,12009,separable
11969,12010,separable
11969,12011,separable
11969,12012,separable
11969,12013,separable
11969,12014,separable
11969,12015,separable
11969,12016,separable
11969,12017,separable
12041,12040,separable
12041,12042,separable
12041,12043,separable
12041,12044,separable
12041,12045,separable
12041,12046,separable
12041,12047,separable
12041,12048,separable
12041,12049,separable
12041,12050,separable
12143,272,separable
12143,41683,separable
30281,30280,separable
30281,30282,separable
30281,30283,separable
30281,30284,separable
30281,30285,separable
30281,30286,separable
30281,30287,separable
30281,30288,separable
30281,30289,separable
30295,30294,separable
30295,30296,separable
30295,30297,separable
30295,30298,separable
30295,30299,separable
30295,30300,separable
30318,30317,separable
30318,30319,separable
30318,30320,separable
30318,30321,separable
30318,30322,separable
30318,30323,separable
30318,30324,separable
30331,225103,inseparable
30331,225104,inseparable
30331,225105,inseparable
30331,225106,inseparable
30331,225107,inseparable
30331,225108,inseparable
30331,225109,inseparable
30331,225110,inseparable
30331,225111,inseparable
30331,225112,inseparable
30331,225113,inseparable
30331,225114,inseparable
30331,225115,inseparable
30331,225116,inseparable
30331,225117,inseparable
30331,225118,inseparable
30331,225119,inseparable
30355,30354,separable
30355,30356,separable
30355,30357,separable
30355,30358,separable
30355,30359,separable
30355,30360,separable
30355,30361,separable
30355,30362,separable
30355,30363,separable
30355,30364,separable
30355,30365,separable
30355,30366,separable
30355,30367,separable
30355,30368,separable
30355,30369,separable
30355,30370,separable
30355,30371,separable
30355,30372,separable
30355,30373,separable
30355,30374,separable
30355,30375,separable
30355,30376,separable
30355,30377,separable
30355,30378,separable
30355,30379,separable
30355,30380,separable
30355,30381,separable
30355,30382,separable
30355,30383,separable
30355,30384,separable
30355,30385,separable
30355,30386,separable
30355,30387,separable
30355,30388,separable
30355,30389,separable
30355,30390,separable
30355,30391,separable
30355,30392,separable
30355,30393,separable
30355,30394,separable
30355,30395,separable
30355,30396,separable
30355,30397,separable
30355,30398,separable
30355,30399,separable
30355,30400,separable
30355,30401,separable
30355,30402,separable
30355,30403,separable
30355,30404,separable
30355,30405,separable
30355,30406,separable
30355,30407,separable
30355,30408,separable
30355,30409,separable
30355,30410,separable
30355,30411,separable
30355,30412,separable
30355,30413,separable
30355,30414,separable
30355,30415,separable
30355,30416,separable
30355,30417,separable
30355,30418,separable
30355,30419,separable
30355,30420,separable
30355,30421,separable
30355,30422,separable
30355,30423,separable
30355,30424,separable
30355,30425,separable
30355,30426,separable
30355,30427,separable
30355,30428,separable
30355,30429,separable
30355,30430,separable
30355,30431,separable
30355,30432,separable
30355,30433,separable
30355,30434,separable
30355,30435,separable
30355,30436,separable
30355,30437,separable
30355,30438,separable
30355,30439,separable
30355,30440,separable
30355,30441,separable
30355,30442,separable
30355,30443,separable
30355,30444,separable
30355,30445,separable
30355,30446,separable
30355,30447,separable
30355,30448,separable
30355,30449,separable
30355,30450,separable
30355,30451,separable
30355,30452,separable
30355,30453,separable
30355,30454,separable
30355,30455,separable
30355,30456,separable
30355,30457,separable
30355,30458,separable
30355,30459,separable
30355,30460,separable
30355,30461,separable
30355,30462,separable
30355,30463,separable
30355,30464,separable
30355,30465,separable
30355,30466,separable
30355,30467,separable
30355,30468,separable
30533,30532,separable
30533,30534,separable
30533,30535,separable
30533,30536,separable
30533,30537,separable
30533,30538,separable
30533,30539,separable
30533,30540,separable
30533,30541,separable
30533,30542,separable
30533,30543,separable
30533,30544,separable
30533,30545,separable
30533,30546,separable
30533,30547,separable
30533,30548,separable
30533,30549,separable
30533,30550,separable
30533,30551,separable
30533,30552,separable
30533,30553,separable
30533,30554,separable
30533,30555,separable
30533,30556,separable
30533,30557,separable
30533,30558,separable
30533,30559,separable
30533,30560,separable
30533,30561,separable
30533,30562,separable
30533,30563,separable
30533,30564,separable
30533,30565,separable
30533,30566,separable
30533,30567,separable
30533,30568,separable
30533,30569,separable
30533,30570,separable
30533,30571,separable
30533,30572,separable
30533,30573,separable
30533,30574,separable
30533,30575,separable
30533,30576,separable
30533,30577,separable
30533,30578,separable
30533,30579,separable
30533,30580,separable
30533,30581,separable
30533,30582,separable
30533,30583,separable
30533,30584,separable
30533,30585,separable
30533,30586,separable
30533,30587,separable
30533,30588,separable
30533,30589,separable
30533,30590,separable
30533,30591,separable
30533,30592,separable
30533,30593,separable
30533,30594,separable
30680,30679,separable
30680,30681,separable
30680,30682,separable
30680,30683,separable
30680,30684,separable
30680,30685,separable
30691,30690,separable
30691,30692,separable
30691,30693,separable
30691,30694,separable
30691,30695,separable
30691,30696,separable
30691,30697,separable
30691,30698,separable
30691,30699,separable
30691,30700,separable
30691,30701,separable
30691,30702,separable
30691,30703,separable
30691,30704,separable
30691,30705,separable
30691,30706,separable
30691,30707,separable
30691,30708,separable
30691,30709,separable
30691,30710,separable
30691,30711,separable
30691,30712,separable
30691,30713,separable
30691,30714,separable
30691,30715,separable
30894,30893,separable
30894,30895,separable
30894,30896,separable
30894,30897,separable
30894,30898,separable
30894,30899,separable
30894,30900,separable
30894,30901,separable
30894,30902,separable
30894,30903,separable
30894,30904,separable
30894,30905,separable
30894,30906,separable
30894,30907,separable
30894,30908,separable
30894,30909,separable
30894,30910,separable
30894,30911,separable
30894,30912,separable
30894,30913,separable
30894,30914,separable
30894,30915,separable
30894,30916,separable
30894,30917,separable
30894,30918,separable
30894,30919,separable
30894,30920,separable
30894,30921,separable
30894,30922,separable
30894,30923,separable
30894,30924,separable
30894,30925,separable
30894,30926,separable
30894,30927,separable
30894,30928,separable
30894,30929,separable
30894,30930,separable
30894,30931,separable
30894,30932,separable
30894,30933,separable
30894,30934,separable
30894,30935,separable
30894,30936,separable
30894,30937,separable
30894,30938,separable
30894,30939,separable
30894,30940,separable
30894,30941,separable
30894,30942,separable
30894,30943,separable
30894,30944,separable
30894,30945,separable
30894,30946,separable
30894,30947,separable
30894,30948,separable
30894,30949,separable
30894,30950,separable
30894,30951,separable
30894,30952,separable
30894,30953,separable
30894,30954,separable
30894,30955,separable
30894,30956,separable
30894,30957,separable
30894,30958,separable
30894,30959,separable
30894,30960,separable
30894,30961,separable
30894,30962,separable
30894,30963,separable
30894,30964,separable
30894,30965,separable
30894,30966,separable
30894,30967,separable
30894,30968,separable
30894,30969,separable
30894,30970,separable
30894,30971,separable
30894,30972,separable
30894,30973,separable
30894,30974,separable
30894,30975,separable
30894,30976,separable
30894,30977,separable
30894,30978,separable
30894,30979,separable
30894,30980,separable
30894,30981,separable
30894,30982,separable
30894,30983,separable
30894,30984,separable
30894,30985,separable
30894,30986,separable
30894,30987,separable
30894,30988,separable
30894,30989,separable
30894,30990,separable
30894,30991,separable
30894,30992,separable
30894,30993,separable
30894,30994,separable
30894,30995,separable
30894,30996,separable
30894,30997,separable
30894,30998,separable
30894,30999,separable
30894,31000,separable
30894,31001,separable
30894,31002,separable
30894,31003,separable
30894,31004,separable
30894,31005,separable
30894,31006,separable
30894,31007,separable
30894,31008,separable
30894,31009,separable
30894,31010,separable
30894,31011,separable
30894,31012,separable
30894,31013,separable
30894,31014,separable
30894,31015,separable
30894,31016,separable
30894,31017,separable
30894,31018,separable
30894,31019,separable
30894,31020,separable
30894,31021,separable
30894,31022,separable
30894,31023,separable
30894,31024,separable
30894,31025,separable
30894,31026,separable
30894,31027,separable
30894,31028,separable
30894,31029,separable
30894,31030,separable
30894,31031,separable
30894,31032,separable
30894,31033,separable
30894,31034,separable
30894,31035,separable
30894,31036,separable
30894,31037,separable
30894,31038,separable
30894,31039,separable
30894,31040,separable
30894,31041,separable
30894,31042,separable
30894,31043,separable
30894,31044,separable
30894,31045,separable
30894,31046,separable
30894,31047,separable
30894,31048,separable
30894,31049,separable
30894,31050,separable
30894,31051,separable
30894,31052,separable
30894,31053,separable
30894,31054,separable
30894,31055,separable
30894,31056,separable
30894,31057,separable
30894,31058,separable
30894,31059,separable
30894,31060,separable
30894,31061,separable
30894,31062,separable
30894,31063,separable
30894,31064,separable
30894,31065,separable
30894,31066,separable
30894,31067,separable
30894,31068,separable
30894,31069,separable
30894,31070,separable
30894,31071,separable
30894,31072,separable
30894,31073,separable
30894,31074,separable
30894,31075,separable
30894,31076,separable
30894,31077,separable
30894,31078,separable
30894,31079,separable
30894,31080,separable
30894,31081,separable
30894,31082,separable
30894,31083,separable
30894,31084,separable
30894,31085,separable
30894,31086,separable
30894,31087,separable
30894,31088,separable
30894,31089,separable
30894,31090,separable
30894,31091,separable
30894,31092,separable
31094,31093,separable
31094,31095,separable
31094,31096,separable
31094,31097,separable
31094,31098,separable
31094,31099,separable
31094,31100,separable
31094,31101,separable
31094,31102,separable
31094,31103,separable
31094,31104,separable
31094,31105,separable
31094,31106,separable
31094,31107,separable
31094,31108,separable
31094,31109,separable
31094,31110,separable
31094,31111,separable
31094,31112,separable
31094,31113,separable
31094,31114,separable
31094,31115,separable
31094,31116,separable
31094,31117,separable
31094,31118,separable
31094,31119,separable
31094,31120,separable
31094,31121,separable
31094,31122,separable
31094,31123,separable
31094,31124,separable
31094,31125,separable
31094,31126,separable
31094,31127,separable
31094,31128,separable
31094,31129,separable
31094,31130,separable
31094,31131,separable
31094,31132,separable
31094,31133,separable
31094,31134,separable
31094,31135,separable
31094,31136,separable
31094,31137,separable
31094,31138,separable
31094,31139,separable
31094,31140,separable
31094,31141,separable
31094,31142,separable
31094,31143,separable
31094,31144,separable
31094,31145,separable
31094,31146,separable
31094,31147,separable
31094,31148,separable
31094,31149,separable
31094,31150,separable
31094,31151,separable
31094,31152,separable
31094,31153,separable
31094,31154,separable
31094,31155,separable
31094,31156,separable
31094,31157,separable
31094,31158,separable
31094,31159,separable
31094,31160,separable
31094,31161,separable
31094,31162,separable
31094,31163,separable
31094,31164,separable
31094,31165,separable
31094,31166,separable
31094,31167,separable
31094,31168,separable
31094,31169,separable
31094,31170,separable
31094,31171,separable
31094,31172,separable
31094,31173,separable
31094,31174,separable
31094,31175,separable
31094,31176,separable
31094,31177,separable
31094,31178,separable
31094,31179,separable
31094,31180,separable
31094,31181,separable
31094,31182,separable
31094,31183,separable
31094,31184,separable
31094,31185,separable
31094,31186,separable
31094,31187,separable
31094,31188,separable
31094,31189,separable
31094,31190,separable
31094,31191,separable
31094,31192,separable
31094,31193,separable
31094,31194,separable
31094,31195,separable
31094,31196,separable
31094,31197,separable
31094,31198,separable
31094,31199,separable
31094,31200,separable
31094,31201,separable
31094,31202,separable
31094,31203,separable
31094,31204,separable
31094,31205,separable
31094,31206,separable
31094,31207,separable
31094,31208,separable
31094,31209,separable
31094,31210,separable
31094,31211,separable
31094,31212,separable
31094,31213,separable
31094,31214,separable
31094,31215,separable
31094,31216,separable
31094,31217,separable
31094,31218,separable
31094,31219,separable
31094,31220,separable
31094,31221,separable
31094,31222,separable
31094,31223,separable
31094,31224,separable
31094,31225,separable
31094,31226,separable
31094,31227,separable
31094,31228,separable
31094,31229,separable
31094,31230,separable
31094,31231,separable
31094,31232,separable
31094,31233,separable
31094,31234,separable
31094,31235,separable
31094,31236,separable
31094,31237,separable
31094,31238,separable
31094,31239,separable
31094,31240,separable
31094,31241,separable
31094,31242,separable
31094,31243,separable
31094,31244,separable
31094,31245,separable
31094,31246,separable
31094,31247,separable
31094,31248,separable
31094,31249,separable
31094,31250,separable
31094,31251,separable
31094,31252,separable
31094,31253,separable
31094,31254,separable
31094,31255,separable
31094,31256,separable
31094,31257,separable
31094,31258,separable
31094,31259,separable
31094,31260,separable
31094,31261,separable
31094,31262,separable
31094,31263,separable
31094,31264,separable
31094,31265,separable
31094,31266,separable
31094,31267,separable
31094,31268,separable
31094,31269,separable
31094,31270,separable
31094,31271,separable
31094,31272,separable
31094,31273,separable
31094,31274,separable
31094,31275,separable
31094,31276,separable
31094,31277,separable
31094,31278,separable
31094,31279,separable
31094,31280,separable
31094,31281,separable
31094,31282,separable
31094,31283,separable
31094,31284,separable
31094,31285,separable
31094,31286,separable
31094,31287,separable
31094,31288,separable
31094,31289,separable
31094,31290,separable
31094,31291,separable
31094,31292,separable
31094,31293,separable
31094,31294,separable
31094,31295,separable
31094,31296,separable
31094,31297,separable
31094,31298,separable
31094,31299,separable
31094,31300,separable
31094,31301,separable
31094,31302,separable
31094,31303,separable
31094,31304,separable
31094,31305,separable
31094,31306,separable
31094,31307,separable
31094,31308,separable
31094,31309,separable
31094,31310,separable
31094,31311,separable
31094,31312,separable
31094,31313,separable
31094,31314,separable
31094,31315,separable
31094,31316,separable
31094,31317,separable
31094,31318,separable
31094,31319,separable
31094,31320,separable
31094,31321,separable
31094,31322,separable
31094,31323,separable
31094,31324,separable
31094,31325,separable
31094,31326,separable
31094,31327,separable
31094,31328,separable
31094,31329,separable
31094,31330,separable
31332,31331,separable
31332,31333,separable
31332,31334,separable
31332,31335,separable
31332,31336,separable
31332,31337,separable
31332,31338,separable
31332,31339,separable
31332,31340,separable
31332,31341,separable
31332,31342,separable
31332,31343,separable
31332,31344,separable
31332,31345,separable
31332,31346,separable
31332,31347,separable
31332,31348,separable
31332,31349,separable
31332,31350,separable
31332,31351,separable
31332,31352,separable
31332,31353,separable
31332,31354,separable
31332,31355,separable
31332,31356,separable
31332,31357,separable
31332,31358,separable
31332,31359,separable
31332,31360,separable
31332,31361,separable
31332,31362,separable
31332,31363,separable
31332,31364,separable
31332,31365,separable
31332,31366,separable
31332,31367,separable
31332,31368,separable
31332,31369,separable
31332,31370,separable
31332,31371,separable
31332,31372,separable
31332,31373,separable
31332,31374,separable
31332,31375,separable
31332,31376,separable
31332,31377,separable
31332,31378,separable
31332,31379,separable
31332,31380,separable
31332,31381,separable
31332,31382,separable
31332,31383,separable
31332,31384,separable
31332,31385,separable
31332,31386,separable
31332,31387,separable
31332,31388,separable
31332,31389,separable
31332,31390,separable
31332,31391,separable
31332,31392,separable
31332,31393,separable
31332,31394,separable
31332,31395,separable
31332,31396,separable
31332,31397,separable
31332,31398,separable
31332,31399,separable
31332,31400,separable
31332,31401,separable
31332,31402,separable
31332,31403,separable
31332,31404,separable
31332,31405,separable
31332,31406,separable
31332,31407,separable
31332,31408,separable
31332,31409,separable
31332,31410,separable
31332,31411,separable
31332,31412,separable
31332,31413,separable
31332,31414,separable
31332,31415,separable
31332,31416,separable
31332,31417,separable
31332,31418,separable
31332,31419,separable
31332,31420,separable
31332,31421,separable
31332,31422,separable
31332,31423,separable
31332,31424,separable
31332,31425,separable
31332,31426,separable
31332,31427,separable
31332,31428,separable
31332,31429,separable
31332,31430,separable
31332,31431,separable
31332,31432,separable
31332,31433,separable
31332,31434,separable
31332,31435,separable
31332,31436,separable
31332,31437,separable
31332,31438,separable
31332,31439,separable
31332,31440,separable
31332,31441,separable
31332,31442,separable
31332,31443,separable
31332,31444,separable
31332,31445,separable
31332,31446,separable
31332,31447,separable
31332,31448,separable
31332,31449,separable
31332,31450,separable
31332,31451,separable
31332,31452,separable
31332,31453,separable
31332,31454,separable
31332,31455,separable
31332,31456,separable
31332,31457,separable
31332,31458,separable
31332,31459,separable
31332,31460,separable
31332,31461,separable
31332,31462,separable
31332,31463,separable
31332,31464,separable
31332,31465,separable
31332,31466,separable
31332,31467,separable
31332,31468,separable
31332,31469,separable
31332,31470,separable
31332,31471,separable
31332,31472,separable
31332,31473,separable
31332,31474,separable
31332,31475,separable
31332,31476,separable
31332,31477,separable
31332,31478,separable
31332,31479,separable
31332,31480,separable
31332,31481,separable
31332,31482,separable
31332,31483,separable
31332,31484,separable
31332,31485,separable
31332,31486,separable
31332,31487,separable
31332,31488,separable
31332,31489,separable
31332,31490,separable
31332,31491,separable
31332,31492,separable
31332,31493,separable
31332,31494,separable
31332,31495,separable
31332,31496,separable
31332,31497,separable
31332,31498,separable
31332,31499,separable
31332,31500,separable
31332,31501,separable
31332,31502,separable
31332,31503,separable
31332,31504,separable
31332,31505,separable
31332,31506,separable
31332,31507,separable
31332,31508,separable
31332,31509,separable
31332,31510,separable
31332,31511,separable
31332,31512,separable
31332,31513,separable
31332,31514,separable
31332,31515,separable
31332,31516,separable
31332,31517,separable
31332,31518,separable
31332,31519,separable
31332,31520,separable
31332,31521,separable
31332,31522,separable
31332,31523,separable
31332,31524,separable
31332,31525,separable
31332,31526,separable
31332,31527,separable
31529,31528,separable
31529,31530,separable
31529,31531,separable
31529,31532,separable
31529,31533,separable
31529,31534,separable
31529,31535,separable
31529,31536,separable
31529,31537,separable
31529,31538,separable
31529,31539,separable
31529,31540,separable
31529,31541,separable
31529,31542,separable
31529,31543,separable
31529,31544,separable
31529,31545,separable
31529,31546,separable
31529,31547,separable
31529,31548,separable
31529,31549,separable
31529,31550,separable
31529,31551,separable
31529,31552,separable
31529,31553,separable
31529,31554,separable
31529,31555,separable
31529,31556,separable
31529,31557,separable
31529,31558,separable
31529,31559,separable
31529,31560,separable
31529,31561,separable
31529,31562,separable
31529,31563,separable
31529,31564,separable
31529,31565,separable
31529,31566,separable
31529,31567,separable
31529,31568,separable
31529,31569,separable
31529,31570,separable
31529,31571,separable
31529,31572,separable
31529,31573,separable
31529,31574,separable
31529,31575,separable
31529,31576,separable
31529,31577,separable
31529,31578,separable
31529,31579,separable
31529,31580,separable
31529,31581,separable
31529,31582,separable
31529,31583,separable
31529,31584,separable
31529,31585,separable
31529,31586,separable
31529,31587,separable
31529,31588,separable
31529,31589,separable
31529,31590,separable
31529,31591,separable
31529,31592,separable
31529,31593,separable
31529,31594,separable
31529,31595,separable
31529,31596,separable
31529,31597,separable
31529,31598,separable
31529,31599,separable
31529,31600,separable
31529,31601,separable
31529,31602,separable
31529,31603,separable
31529,31604,separable
31529,31605,separable
31529,31606,separable
31529,31607,separable
31529,31608,separable
31529,31609,separable
31529,31610,separable
31529,31611,separable
31529,31612,separable
31529,31613,separable
31529,31614,separable
31529,31615,separable
31529,31616,separable
31529,31617,separable
31529,31618,separable
31529,31619,separable
31529,31620,separable
31529,31621,separable
31529,31622,separable
31529,31623,separable
31529,31624,separable
31529,31625,separable
31529,31626,separable
31529,31627,separable
31529,31628,separable
31529,31629,separable
31529,31630,separable
31529,31631,separable
31529,31632,separable
31529,31633,separable
31529,31634,separable
31529,31635,separable
31529,31636,separable
31529,31637,separable
31529,31638,separable
31529,31639,separable
31529,31640,separable
31529,31641,separable
31529,31642,separable
31529,31643,separable
31529,31644,separable
31529,31645,separable
31529,31646,separable
31529,31647,separable
31529,31648,separable
31529,31649,separable
31529,31650,separable
31529,31651,separable
31529,31652,separable
31529,31653,separable
31529,31654,separable
31529,31655,separable
31529,31656,separable
31529,31657,separable
31529,31658,separable
31529,31659,separable
31529,31660,separable
31529,31661,separable
31529,31662,separable
31529,31663,separable
31529,31664,separable
31529,31665,separable
31529,31666,separable
31529,31667,separable
31529,31668,separable
31529,31669,separable
31529,31670,separable
31529,31671,separable
31529,31672,separable
31529,31673,separable
31529,31674,separable
31529,31675,separable
31529,31676,separable
31529,31677,separable
31529,31678,separable
31529,31679,separable
31529,31680,separable
31529,31681,separable
31683,31682,separable
31683,31684,separable
31683,31685,separable
31683,31686,separable
31683,31687,separable
31683,31688,separable
31683,31689,separable
31683,31690,separable
31683,31691,separable
31683,31692,separable
31683,31693,separable
31683,31694,separable
31683,31695,separable
31683,31696,separable
31683,31697,separable
31683,31698,separable
31683,31699,separable
31683,31700,separable
31683,31701,separable
31683,31702,separable
31683,31703,separable
31683,31704,separable
31683,31705,separable
31683,31706,separable
31683,31707,separable
31683,31708,separable
31683,31709,separable
31683,31710,separable
31683,31711,separable
31683,31712,separable
31683,31713,separable
31683,31714,separable
31683,31715,separable
31683,31716,separable
31683,31717,separable
31683,31718,separable
31683,31719,separable
31683,31720,separable
31683,31721,separable
31683,31722,separable
31683,31723,separable
31683,31724,separable
31683,31725,separable
31683,31726,separable
31683,31727,separable
31683,31728,separable
31683,31729,separable
31683,31730,separable
31683,31731,separable
31683,31732,separable
31683,31733,separable
31683,31734,separable
31683,31735,separable
31683,31736,separable
31683,31737,separable
31683,31738,separable
31683,31739,separable
31683,31740,separable
31683,31741,separable
31683,31742,separable
31683,31743,separable
31683,31744,separable
31683,31745,separable
31683,31746,separable
31683,31747,separable
31683,31748,separable
31683,31749,separable
31683,31750,separable
31683,31751,separable
31683,31752,separable
31683,31753,separable
31683,31754,separable
31683,31755,separable
31683,31756,separable
31683,31757,separable
31683,31758,separable
31683,31760,separable
31683,31761,separable
31683,31762,separable
31683,31763,separable
31683,31764,separable
31683,31765,separable
31683,31766,separable
31683,31767,separable
31683,31768,separable
31683,31769,separable
31683,31770,separable
31683,31771,separable
31683,31772,separable
31683,31773,separable
31683,31774,separable
31683,31775,separable
31683,31776,separable
31683,31777,separable
31683,31778,separable
31683,31779,separable
31683,31780,separable
31683,31781,separable
31683,31782,separable
31683,31783,separable
31683,31784,separable
31683,31785,separable
31683,31786,separable
31683,31787,separable
31683,31788,separable
31683,31789,separable
31683,31790,separable
31683,31791,separable
31683,31792,separable
31683,31793,separable
31683,31794,separable
31683,31795,separable
31797,31796,separable
31797,31798,separable
31797,31799,separable
31797,31800,separable
31797,31801,separable
31797,31802,separable
31797,31803,separable
31797,31804,separable
31797,31805,separable
31797,31806,separable
31797,31807,separable
31797,31808,separable
31797,31809,separable
31797,31810,separable
31797,31811,separable
31797,31812,separable
31797,31813,separable
31797,31814,separable
31797,31815,separable
31797,31816,separable
31797,31817,separable
31797,31818,separable
31797,31819,separable
31797,31820,separable
31797,31821,separable
31797,31822,separable
31797,31823,separable
31797,31824,separable
31797,31825,separable
31797,31826,separable
31797,31827,separable
31797,31828,separable
31797,31829,separable
31797,31830,separable
31797,31831,separable
31797,31832,separable
31797,31833,separable
31797,31834,separable
31797,31835,separable
31797,31836,separable
31797,31837,separable
31797,31838,separable
31797,31839,separable
31797,31840,separable
31797,31841,separable
31797,31842,separable
31797,31843,separable
31797,31844,separable
31797,31845,separable
31797,31846,separable
31797,31847,separable
31797,31848,separable
31797,31849,separable
31797,31850,separable
31797,31851,separable
31797,31852,separable
31797,31853,separable
31797,31854,separable
31797,31855,separable
31797,31856,separable
31797,31857,separable
31797,31858,separable
31797,31859,separable
31797,31860,separable
31797,31861,separable
31797,31862,separable
31797,31863,separable
31797,31864,separable
31797,31865,separable
31797,31866,separable
31797,31867,separable
31797,31868,separable
31797,31869,separable
31797,31870,separable
31797,31871,separable
31797,31872,separable
31797,31873,separable
31797,31874,separable
31797,31875,separable
31797,31876,separable
31797,31877,separable
31797,31878,separable
31797,31879,separable
31797,31880,separable
31797,31881,separable
31797,31882,separable
31797,31883,separable
31797,31884,separable
31797,31885,separable
31797,31886,separable
31797,31887,separable
31797,31888,separable
31797,31889,separable
31797,31890,separable
31797,31891,separable
31797,31892,separable
31797,31893,separable
31797,31894,separable
31797,31895,separable
31797,31896,separable
31797,31897,separable
31797,31898,separable
31797,31899,separable
31797,31900,separable
31797,31901,separable
31797,31902,separable
31797,31903,separable
31797,31904,separable
31797,31905,separable
31797,31906,separable
31797,31907,separable
31797,31908,separable
31797,31909,separable
31797,31910,separable
31797,31911,separable
31797,31912,separable
31797,31913,separable
31797,31914,separable
31797,31915,separable
31797,31916,separable
31797,31917,separable
31797,31918,separable
31797,31919,separable
31797,31920,separable
31797,31921,separable
31797,31922,separable
31797,31923,separable
31797,31924,separable
31797,31925,separable
31797,31926,separable
31797,31927,separable
31797,31928,separable
31797,31929,separable
31797,31930,separable
31797,31931,separable
31797,31932,separable
31797,31933,separable
31797,31934,separable
31797,31935,separable
31797,31936,separable
31797,31937,separable
31797,31938,separable
31797,31939,separable
31797,31940,separable
31797,31941,separable
31797,31942,separable
31797,31943,separable
31797,31944,separable
31797,31945,separable
31797,31946,separable
31797,31947,separable
31797,31948,separable
31797,31949,separable
31797,31950,separable
31797,31951,separable
31797,31952,separable
31797,31953,separable
31797,31954,separable
31797,31955,separable
31797,31956,separable
31797,31957,separable
31797,31958,separable
31797,31959,separable
31797,31960,separable
31797,31961,separable
31797,31962,separable
31797,31963,separable
31797,31964,separable
31966,31965,separable
31966,31967,separable
31966,31968,separable
31966,31969,separable
31966,31970,separable
31966,31971,separable
31966,31972,separable
31966,31973,separable
31966,31974,separable
31966,31975,separable
31966,31976,separable
31966,31977,separable
31966,31978,separable
31966,31979,separable
31966,31980,separable
31966,31981,separable
31966,31982,separable
31966,31983,separable
31966,31984,separable
31966,31985,separable
31966,31986,separable
31966,31987,separable
31966,31988,separable
31966,31989,separable
31966,31990,separable
31966,31991,separable
31966,31992,separable
31966,31993,separable
31966,31994,separable
31966,31995,separable
31966,31996,separable
31966,31997,separable
31966,31998,separable
31966,31999,separable
31966,32000,separable
31966,32001,separable
31966,32002,separable
31966,32003,separable
31966,32004,separable
31966,32005,separable
31966,32006,separable
31966,32007,separable
31966,32008,separable
31966,32009,separable
31966,32010,separable
31966,32011,separable
31966,32012,separable
31966,32013,separable
31966,32014,separable
31966,32015,separable
31966,32016,separable
31966,32017,separable
31966,32018,separable
31966,32019,separable
31966,32020,separable
31966,32021,separable
31966,32022,separable
31966,32023,separable
31966,32024,separable
31966,32025,separable
31966,32026,separable
31966,32027,separable
31966,32028,separable
31966,32029,separable
31966,32030,separable
31966,32031,separable
31966,32032,separable
31966,32033,separable
31966,32034,separable
31966,32035,separable
31966,32036,separable
31966,32037,separable
31966,32039,separable
31966,32040,separable
31966,32041,separable
31966,32042,separable
31966,32043,separable
31966,32044,separable
31966,32045,separable
31966,32046,separable
31966,32047,separable
31966,32048,separable
31966,32049,separable
31966,32050,separable
31966,32051,separable
31966,32052,separable
31966,32053,separable
31966,32054,separable
31966,32055,separable
31966,32056,separable
31966,32057,separable
31966,32058,separable
31966,32059,separable
31966,32060,separable
31966,32061,separable
31966,32062,separable
31966,32063,separable
31966,32064,separable
31966,32065,separable
31966,32066,separable
31966,32067,separable
31966,32068,separable
31966,32069,separable
31966,32070,separable
31966,32071,separable
31966,32072,separable
31966,32073,separable
31966,32074,separable
31966,32075,separable
31966,32076,separable
31966,32077,separable
31966,32078,separable
31966,32079,separable
31966,32080,separable
31966,32081,separable
31966,32082,separable
31966,32083,separable
31966,32084,separable
31966,32085,separable
31966,32086,separable
31966,32087,separable
31966,32088,separable
31966,32089,separable
31966,32090,separable
31966,32091,separable
31966,32092,separable
31966,32093,separable
31966,32094,separable
31966,32095,separable
31966,32096,separable
31966,32097,separable
31966,32098,separable
31966,32099,separable
31966,32100,separable
31966,32101,separable
31966,32102,separable
31966,32103,separable
31966,32104,separable
31966,32105,separable
31966,32106,separable
31966,32107,separable
31966,32108,separable
31966,32109,separable
31966,32110,separable
31966,32111,separable
31966,32112,separable
31966,32113,separable
31966,32114,separable
31966,32115,separable
31966,32116,separable
31966,32117,separable
31966,32118,separable
31966,32119,separable
31966,32120,separable
31966,32121,separable
31966,32122,separable
31966,32123,separable
31966,32124,separable
31966,32125,separable
31966,32126,separable
31966,32127,separable
31966,32128,separable
31966,32129,separable
31966,32130,separable
31966,32131,separable
31966,32132,separable
31966,32133,separable
31966,32134,separable
32037,32038,inseparable
32594,32595,inseparable
32594,32596,inseparable
32594,32597,inseparable
32594,32598,inseparable
32594,32599,inseparable
32594,32600,inseparable
32594,32601,inseparable
32594,32602,inseparable
32594,32603,inseparable
32594,32604,inseparable
32594,32605,inseparable
32594,32606,inseparable
32594,32607,inseparable
32594,32608,inseparable
32594,32609,inseparable
32594,32610,inseparable
32611,32612,inseparable
32613,32614,inseparable
32613,32615,inseparable
32617,32618,inseparable
32617,32619,inseparable
32617,32620,inseparable
32617,32621,inseparable
32617,32622,inseparable
32617,32623,inseparable
32949,32950,inseparable
32997,32996,separable
32997,32998,separable
32997,32999,separable
32997,33000,separable
32997,33001,separable
32997,33002,separable
32997,33003,separable
32997,33004,separable
32997,33005,separable
32997,33006,separable
32997,33007,separable
32997,33008,separable
32997,33009,separable
32997,33010,separable
32997,33011,separable
32997,33012,separable
32997,33013,separable
32997,33014,separable
32997,33015,separable
32997,33016,separable
32997,33017,separable
32997,33018,separable
32997,33019,separable
32997,33020,separable
32997,33021,separable
32997,33022,separable
32997,33023,separable
32997,33024,separable
32997,33025,separable
32997,33026,separable
32997,33027,separable
32997,33028,separable
33051,33052,inseparable
33051,33053,inseparable
33051,33054,inseparable
33051,33055,inseparable
33051,33056,inseparable
33051,33057,inseparable
33051,33058,inseparable
33051,33059,inseparable
33051,33060,inseparable
33051,33061,inseparable
33051,33062,inseparable
33051,33063,inseparable
33051,33064,inseparable
33051,33065,inseparable
33051,33066,inseparable
33051,33067,inseparable
33051,33068,inseparable
33051,33069,inseparable
33051,33070,inseparable
33051,33071,inseparable
33051,33072,inseparable
33051,33073,inseparable
33051,33074,inseparable
33051,33075,inseparable
33095,33096,inseparable
33138,33137,separable
33138,33139,separable
33281,33280,separable
33281,33282,separable
33281,33283,separable
33281,33284,separable
33281,33285,separable
33281,33286,separable
33281,33287,separable
33281,33288,separable
33281,33289,separable
33281,33290,separable
33281,33291,separable
33281,33292,separable
33281,33293,separable
33281,33294,separable
33281,33295,separable
33281,33296,separable
33281,33297,separable
33281,33298,separable
33281,33299,separable
33281,33300,separable
33281,33301,separable
33281,33302,separable
33281,33303,separable
33339,33340,inseparable
33411,33412,inseparable
33411,33413,inseparable
33411,33414,inseparable
33411,33415,inseparable
33411,33416,inseparable
33411,33417,inseparable
33411,33418,inseparable
33411,33419,inseparable
33411,33420,inseparable
33411,33421,inseparable
33411,33422,inseparable
33411,33423,inseparable
33411,33424,inseparable
33411,33425,inseparable
33411,33426,inseparable
33411,33427,inseparable
33411,33428,inseparable
33411,33429,inseparable
33411,33430,inseparable
33411,33431,inseparable
33411,33432,inseparable
33411,33433,inseparable
33411,33434,inseparable
33411,33435,inseparable
33411,33436,inseparable
33411,33437,inseparable
33411,33438,inseparable
33411,33439,inseparable
33411,33440,inseparable
33411,33441,inseparable
33411,33442,inseparable
33411,33443,inseparable
33411,33444,inseparable
33411,33445,inseparable
33411,33446,inseparable
33411,33447,inseparable
33411,33448,inseparable
33411,33449,inseparable
33411,33450,inseparable
33411,33451,inseparable
33411,33452,inseparable
33411,33453,inseparable
33411,33454,inseparable
33411,33455,inseparable
33411,33456,inseparable
33411,33457,inseparable
33411,33458,inseparable
33411,33459,inseparable
33411,33460,inseparable
33411,33461,inseparable
33411,33462,inseparable
33411,33463,inseparable
33411,33464,inseparable
33411,33465,inseparable
33411,33466,inseparable
33411,33467,inseparable
33411,33468,inseparable
33411,33469,inseparable
33411,33470,inseparable
33411,33471,inseparable
33411,33472,inseparable
33411,33473,inseparable
33411,33474,inseparable
33411,33475,inseparable
33411,33476,inseparable
33411,33477,inseparable
33411,33478,inseparable
33411,33479,inseparable
33411,33480,inseparable
33411,33481,inseparable
33411,33482,inseparable
33411,33483,inseparable
33513,33512,separable
33513,33514,separable
33513,33515,separable
33513,33516,separable
33513,33517,separable
33513,33518,separable
33513,33519,separable
33513,33520,separable
33640,33641,inseparable
33640,33642,inseparable
33640,33643,inseparable
33640,33644,inseparable
33640,33645,inseparable
33640,33646,inseparable
33663,33664,inseparable
33665,33666,inseparable
33691,33690,separable
33691,33692,separable
33691,33693,separable
33691,33694,separable
33691,33695,separable
33691,33696,separable
33691,33697,separable
33691,33698,separable
33691,33699,separable
33753,33754,inseparable
33755,33756,inseparable
33762,33763,inseparable
33865,224795,inseparable
33919,33918,separable
33919,33920,separable
33919,33921,separable
33919,33922,separable
33919,33923,separable
33919,33924,separable
33919,33925,separable
33919,33926,separable
33919,33927,separable
33919,33928,separable
33919,33929,separable
33919,33930,separable
33919,33931,separable
33919,33932,separable
33919,33933,separable
33919,33934,separable
33919,33935,separable
33919,33936,separable
33919,33937,separable
33919,33938,separable
33919,33939,separable
33919,33940,separable
33974,33975,inseparable
33982,33981,separable
33982,33983,separable
33982,33984,separable
33982,33985,separable
33982,33986,separable
33982,33987,separable
33982,33988,separable
33982,33989,separable
33982,33990,separable
33982,33991,separable
33982,33992,separable
34021,34022,inseparable
34242,34240,separable
34242,34241,separable
34331,34330,separable
34331,34332,separable
34331,34333,separable
34331,34334,separable
34331,34335,separable
34331,34336,separable
34331,34337,separable
34331,34338,separable
34360,34359,separable
34360,34361,separable
34360,34362,separable
34360,34363,separable
34360,34364,separable
34360,34365,separable
34360,34366,separable
34360,34367,separable
34360,34368,separable
34360,34369,separable
34360,34370,separable
34360,34371,separable
34360,34372,separable
34360,34373,separable
34360,34374,separable
34376,34375,separable
34376,34377,separable
34376,34378,separable
34376,34379,separable
34376,34380,separable
34376,34381,separable
34376,34382,separable
34376,34383,separable
34376,34384,separable
34376,34385,separable
34376,34386,separable
34376,34387,separable
34376,34388,separable
34376,34389,separable
34376,34390,separable
34376,34391,separable
34376,34392,separable
34376,34393,separable
34429,34430,inseparable
34431,34432,inseparable
34434,34433,separable
34434,34435,separable
34434,34436,separable
34438,34439,inseparable
34438,34440,inseparable
34438,34441,inseparable
34438,34442,inseparable
34438,34443,inseparable
34438,34444,inseparable
34438,34445,inseparable
34438,34446,inseparable
34459,34460,inseparable
34459,34461,inseparable
34459,34462,inseparable
34459,34463,inseparable
34459,34464,inseparable
34459,34465,inseparable
34459,34466,inseparable
34459,34467,inseparable
34459,34468,inseparable
34459,34469,inseparable
34459,34470,inseparable
34459,34471,inseparable
34459,34472,inseparable
34459,34473,inseparable
34459,34474,inseparable
34459,34475,inseparable
34459,34476,inseparable
34459,34477,inseparable
34478,34479,separable
34478,34480,separable
34478,34481,separable
34478,34482,separable
34478,34483,separable
34478,34484,separable
34478,34485,separable
34478,34486,separable
34478,34487,separable
34478,34488,separable
34478,34489,separable
34478,34490,separable
34478,34491,separable
34478,34492,separable
34478,34493,separable
34478,34494,separable
34478,34495,separable
34478,34496,separable
34478,34497,separable
34478,34498,separable
34478,34499,separable
34478,34500,separable
34478,34501,separable
34478,34502,separable
34478,34503,separable
34478,34504,separable
34478,34505,separable
34478,34506,separable
34478,34507,separable
34511,34512,inseparable
34511,34513,inseparable
34511,34514,inseparable
34511,34515,inseparable
34511,34516,inseparable
34511,34517,inseparable
34511,34518,inseparable
34511,34519,inseparable
34520,34521,inseparable
34520,34522,inseparable
34520,34523,inseparable
34520,34524,inseparable
34520,34525,inseparable
34520,34526,inseparable
34520,34527,inseparable
34520,34528,inseparable
34520,34529,inseparable
34520,34530,inseparable
34520,34531,inseparable
34520,34532,inseparable
34520,34533,inseparable
34520,34534,inseparable
34520,34535,inseparable
34520,34536,inseparable
34537,34538,inseparable
34537,34539,inseparable
34537,34540,inseparable
34537,34541,inseparable
34537,34542,inseparable
34537,34543,inseparable
34537,34544,inseparable
34537,34545,inseparable
34537,34546,inseparable
34537,34547,inseparable
34548,34549,inseparable
34548,34550,inseparable
34548,34551,inseparable
34548,34552,inseparable
34548,34553,inseparable
34548,34554,inseparable
34548,34555,inseparable
34548,34556,inseparable
34548,34557,inseparable
34548,34558,inseparable
34559,34560,inseparable
34559,34561,inseparable
34559,34562,inseparable
34559,34563,inseparable
34559,34564,inseparable
34559,34565,inseparable
34559,34566,inseparable
34559,34567,inseparable
34559,34568,inseparable
34559,34569,inseparable
34570,34571,inseparable
34570,34572,inseparable
34570,34573,inseparable
34570,34574,inseparable
34570,34575,inseparable
34576,34577,inseparable
34576,34578,inseparable
34576,34579,inseparable
34576,34580,inseparable
34576,34581,inseparable
34594,34595,inseparable
34652,34653,inseparable
34691,34692,inseparable
34694,34695,inseparable
34904,34903,separable
34904,34905,separable
34904,34906,separable
34904,34907,separable
34904,34908,separable
34904,34909,separable
34904,34910,separable
34904,34911,separable
34904,34912,separable
34904,34913,separable
34904,34914,separable
34904,34915,separable
34904,34916,separable
34904,34917,separable
34904,34918,separable
34904,34919,separable
34904,34920,separable
34904,34921,separable
34904,34922,separable
34904,34923,separable
34904,34924,separable
34904,34925,separable
34904,34926,separable
34904,34927,separable
34904,34928,separable
34904,34929,separable
34904,34930,separable
34904,34931,separable
34904,34932,separable
34904,34933,separable
34904,34934,separable
34904,34935,separable
34904,34936,separable
34904,34937,separable
34904,34938,separable
34904,34939,separable
34958,143124,separable
34961,34962,inseparable
34963,34964,inseparable
34986,34987,inseparable
34989,34990,inseparable
34991,34992,inseparable
35015,35016,inseparable
35017,35019,separable
35017,35020,separable
35017,35022,separable
35017,35024,separable
35017,35025,separable
35017,35026,separable
35017,35027,separable
35017,35028,separable
35017,35029,separable
35017,35030,separable
35017,35031,separable
35017,35032,separable
35017,35033,separable
35017,35034,separable
35017,35035,separable
35017,35036,separable
35017,35037,separable
35017,35038,separable
35017,35039,separable
35017,35040,separable
35017,35041,separable
35017,35042,separable
35017,35043,separable
35017,35044,separable
35017,35045,separable
35017,35046,separable
35017,35047,separable
35017,35049,separable
35017,35050,separable
35017,35052,separable
35017,35054,separable
35017,35055,separable
35017,35056,separable
35017,35057,separable
35017,35058,separable
35017,35059,separable
35017,35060,separable
35017,35061,separable
35017,35062,separable
35017,35063,separable
35017,35064,separable
35017,35065,separable
35017,35066,separable
35017,35067,separable
35017,35068,separable
35017,35069,separable
35017,35070,separable
35017,35071,separable
35017,35072,separable
35017,35073,separable
35017,35074,separable
35017,35075,separable
35017,35076,separable
35017,35077,separable
35019,143126,inseparable
35020,35021,inseparable
35022,35023,inseparable
35047,35048,inseparable
35050,35051,inseparable
35052,35053,inseparable
35077,35078,inseparable
35150,35151,separable
35150,35152,separable
35150,35153,separable
35150,35154,separable
35150,35155,separable
35150,35156,separable
35150,35157,separable
35150,35158,separable
35150,35159,separable
35150,35160,separable
35302,35303,inseparable
36421,204671,inseparable
36421,204672,inseparable
36421,204673,inseparable
36421,204674,inseparable
36423,149582,inseparable
36423,204675,inseparable
36423,204676,inseparable
36423,204677,inseparable
36423,204678,inseparable
36423,204679,inseparable
36423,204680,inseparable
36423,204681,inseparable
36423,204682,inseparable
36423,204683,inseparable
36424,204684,inseparable
36424,204685,inseparable
36425,149584,inseparable
36425,204686,inseparable
36425,204687,inseparable
36427,204688,inseparable
36427,204689,inseparable
36427,204690,inseparable
36427,204691,inseparable
36429,149590,inseparable
36429,204616,inseparable
36429,204617,inseparable
36429,204618,inseparable
36429,204619,inseparable
36429,204620,inseparable
36429,204621,inseparable
36429,204622,inseparable
36429,204623,inseparable
36429,204624,inseparable
36429,204625,inseparable
36429,204626,inseparable
36429,204627,inseparable
36429,204628,inseparable
36429,204629,inseparable
36429,204630,inseparable
36431,149583,inseparable
36431,204631,inseparable
36431,204632,inseparable
36431,204633,inseparable
36431,204634,inseparable
36432,204635,inseparable
36432,204636,inseparable
36432,204637,inseparable
36432,204638,inseparable
36432,204639,inseparable
36694,36695,inseparable
36694,36696,inseparable
36694,36697,inseparable
36698,36699,inseparable
36698,36700,inseparable
36703,36704,inseparable
36703,36705,inseparable
36707,36708,inseparable
36707,36709,inseparable
36707,36710,inseparable
36711,36712,inseparable
36711,36713,inseparable
36711,36714,inseparable
36875,36876,inseparable
36875,36877,inseparable
36875,36878,inseparable
37011,37012,inseparable
37154,37155,inseparable
37154,37156,inseparable
37154,37157,inseparable
37154,37158,inseparable
37154,37159,inseparable
37154,37160,inseparable
37154,37161,inseparable
37154,37162,inseparable
37154,37163,inseparable
37154,37164,inseparable
37154,37165,inseparable
37154,37166,inseparable
37154,37167,inseparable
37154,37168,inseparable
37154,37169,inseparable
37154,37170,inseparable
37154,37171,inseparable
37154,37172,inseparable
37154,37173,inseparable
37154,37174,inseparable
37154,37175,inseparable
37154,37176,inseparable
37154,37177,inseparable
37154,37178,inseparable
37154,37179,inseparable
37154,37180,inseparable
37154,37181,inseparable
37154,37182,inseparable
37154,37183,inseparable
37154,37184,inseparable
37154,37185,inseparable
37154,37186,inseparable
37154,37187,inseparable
37154,37188,inseparable
37154,37189,inseparable
37154,37190,inseparable
37154,37191,inseparable
37154,37192,inseparable
37154,37193,inseparable
37154,37194,inseparable
37154,37195,inseparable
37154,37196,inseparable
37154,37197,inseparable
37154,37198,inseparable
37154,37199,inseparable
37154,37200,inseparable
37154,37201,inseparable
37154,37202,inseparable
37154,37203,inseparable
37154,37204,inseparable
37154,37205,inseparable
37154,37206,inseparable
37154,37207,inseparable
37154,37208,inseparable
37154,37209,inseparable
37154,37210,inseparable
37154,37211,inseparable
37154,37212,inseparable
37154,37213,inseparable
37154,37214,inseparable
37154,37215,inseparable
37154,37216,inseparable
37154,37217,inseparable
37154,37218,inseparable
37154,37219,inseparable
37154,37220,inseparable
37154,37221,inseparable
37154,37222,inseparable
37154,37223,inseparable
37154,37224,inseparable
37154,37225,inseparable
37154,37226,inseparable
37154,37227,inseparable
37154,37228,inseparable
37154,37229,inseparable
37154,37230,inseparable
37154,37231,inseparable
37154,37232,inseparable
37154,37233,inseparable
37154,37234,inseparable
37154,37235,inseparable
37154,37236,inseparable
37154,37237,inseparable
37154,37238,inseparable
37154,37239,inseparable
37154,37240,inseparable
37154,37241,inseparable
37154,37242,inseparable
37154,37243,inseparable
37154,37244,inseparable
37154,37245,inseparable
37154,37246,inseparable
37154,37247,inseparable
37154,37248,inseparable
37154,37249,inseparable
37154,37250,inseparable
37154,37251,inseparable
37154,37252,inseparable
37154,37253,inseparable
37154,37254,inseparable
37154,37255,inseparable
37154,37256,inseparable
37154,37257,inseparable
37154,37258,inseparable
37154,37259,inseparable
37154,37260,inseparable
37154,37261,inseparable
37154,37262,inseparable
37154,37263,inseparable
37154,37264,inseparable
37154,37265,inseparable
37154,37266,inseparable
37154,37267,inseparable
37154,37268,inseparable
37154,37269,inseparable
37154,37270,inseparable
37154,37271,inseparable
37154,37272,inseparable
37154,37273,inseparable
37154,37274,inseparable
37154,37275,inseparable
37154,37276,inseparable
37154,37277,inseparable
37154,37278,inseparable
37154,37279,inseparable
37154,37280,inseparable
37154,37281,inseparable
37154,37282,inseparable
37154,37283,inseparable
37154,37284,inseparable
37154,37285,inseparable
37154,37286,inseparable
37154,37287,inseparable
37154,37288,inseparable
37154,37289,inseparable
37154,37290,inseparable
37154,37291,inseparable
37154,37292,inseparable
37154,37293,inseparable
37154,37294,inseparable
37154,37295,inseparable
37154,37296,inseparable
37154,37297,inseparable
37154,37298,inseparable
37154,37299,inseparable
37154,37300,inseparable
37154,37301,inseparable
37154,37302,inseparable
37154,37303,inseparable
37154,37304,inseparable
37154,37305,inseparable
37154,37306,inseparable
37154,37307,inseparable
37154,37308,inseparable
37154,37309,inseparable
37154,37310,inseparable
37154,37311,inseparable
37154,37312,inseparable
37154,37313,inseparable
37154,37314,inseparable
37154,37315,inseparable
37154,37316,inseparable
37154,37317,inseparable
37154,37318,inseparable
37154,37319,inseparable
37154,37320,inseparable
37154,37321,inseparable
37154,37322,inseparable
37154,37323,inseparable
37154,37324,inseparable
37154,37325,inseparable
37154,37326,inseparable
37154,37327,inseparable
37154,37328,inseparable
37154,37329,inseparable
37154,37330,inseparable
37154,37331,inseparable
37154,37332,inseparable
37154,37333,inseparable
37154,37334,inseparable
37154,37335,inseparable
37154,37336,inseparable
37154,37337,inseparable
37154,37338,inseparable
37154,37339,inseparable
37154,37340,inseparable
37154,37341,inseparable
37154,37342,inseparable
37154,37343,inseparable
37154,37344,inseparable
37154,37345,inseparable
37154,37346,inseparable
37154,37347,inseparable
37154,37348,inseparable
37154,37349,inseparable
37154,37350,inseparable
37154,37351,inseparable
37154,37352,inseparable
37154,37353,inseparable
37154,37354,inseparable
37154,37355,inseparable
37154,37356,inseparable
37154,37357,inseparable
37154,37358,inseparable
37154,37359,inseparable
37154,37360,inseparable
37154,37361,inseparable
37154,37362,inseparable
37154,37363,inseparable
37154,37364,inseparable
37154,37365,inseparable
37154,37366,inseparable
37154,37367,inseparable
37154,37368,inseparable
37154,37369,inseparable
37154,37370,inseparable
37154,37371,inseparable
37154,37372,inseparable
37154,37373,inseparable
37154,37374,inseparable
37154,37375,inseparable
37154,37376,inseparable
37154,37377,inseparable
37154,37378,inseparable
37154,37379,inseparable
37154,37380,inseparable
37154,37381,inseparable
37154,37382,inseparable
37154,37383,inseparable
37154,37384,inseparable
37154,37385,inseparable
37154,37386,inseparable
37154,37387,inseparable
37154,37388,inseparable
37154,37389,inseparable
37154,37390,inseparable
37154,37391,inseparable
37154,37392,inseparable
37154,37393,inseparable
37154,37394,inseparable
37154,37395,inseparable
37154,37396,inseparable
37154,37397,inseparable
37154,37398,inseparable
37154,37399,inseparable
37154,37400,inseparable
37154,37401,inseparable
37154,37402,inseparable
37154,37403,inseparable
37154,37404,inseparable
37154,37405,inseparable
37154,37406,inseparable
37154,37407,inseparable
37154,37408,inseparable
37154,37409,inseparable
37154,37410,inseparable
37154,37411,inseparable
37154,37412,inseparable
37154,37413,inseparable
37154,37414,inseparable
37154,37415,inseparable
37154,37416,inseparable
37154,37417,inseparable
37154,37418,inseparable
37154,37419,inseparable
37154,37420,inseparable
37154,37421,inseparable
37154,37422,inseparable
37154,37423,inseparable
37154,37424,inseparable
37154,37425,inseparable
37154,37426,inseparable
37154,37427,inseparable
37154,37428,inseparable
37154,37429,inseparable
37154,37430,inseparable
37154,37431,inseparable
37154,37432,inseparable
37154,37433,inseparable
37154,37434,inseparable
37154,37435,inseparable
37154,37436,inseparable
37154,37437,inseparable
37154,37438,inseparable
37154,37439,inseparable
37154,37440,inseparable
37154,37441,inseparable
37154,37442,inseparable
37154,37443,inseparable
37468,37467,separable
37468,37469,separable
37468,37470,separable
37468,37471,separable
37468,37472,separable
37468,37473,separable
37468,37474,separable
37468,37475,separable
37468,37476,separable
37468,37477,separable
37468,37478,separable
37468,37479,separable
37468,37480,separable
37468,37481,separable
37468,37482,separable
37468,37483,separable
37468,37484,separable
37468,37485,separable
37468,37486,separable
37468,37487,separable
37468,37488,separable
37468,37489,separable
37468,37490,separable
37468,37491,separable
37468,37492,separable
37468,37493,separable
37468,37494,separable
37468,37495,separable
37468,37496,separable
37468,37497,separable
37468,37498,separable
37468,37499,separable
37468,37500,separable
37468,37501,separable
37468,37502,separable
37468,37503,separable
37468,37504,separable
37468,37505,separable
37468,37506,separable
37468,37507,separable
37468,37508,separable
37468,37509,separable
37468,37510,separable
37468,37511,separable
37468,37512,separable
37468,37513,separable
37468,37514,separable
37468,37515,separable
37468,37516,separable
37468,37517,separable
37468,37518,separable
37468,37519,separable
37468,37520,separable
37468,37521,separable
37468,37522,separable
37468,37523,separable
37468,37524,separable
37468,37525,separable
38258,225799,inseparable
39497,39498,inseparable
39510,39509,separable
39510,39511,separable
39510,39512,separable
39510,39513,separable
39510,39514,separable
39599,39598,separable
39599,39600,separable
39599,39601,separable
39599,39602,separable
39599,39603,separable
39599,39604,separable
39599,39605,separable
39599,39606,separable
39599,39607,separable
39599,39608,separable
39599,39609,separable
39611,39610,separable
39611,39612,separable
39611,39613,separable
39611,39614,separable
39611,39615,separable
39611,39616,separable
39611,39617,separable
39611,39619,separable
39611,39620,separable
39611,39621,separable
39611,39622,separable
39716,39717,inseparable
39719,39718,separable
39719,39720,separable
39719,39721,separable
39719,39722,separable
39719,39723,separable
39719,39724,separable
39719,39725,separable
39719,39726,separable
39719,39727,separable
39719,39728,separable
39857,39856,separable
39857,39858,separable
39857,39859,separable
39857,39860,separable
39857,39861,separable
39857,39862,separable
39857,39863,separable
39857,39864,separable
39857,39865,separable
39857,39866,separable
39857,39867,separable
39857,39868,separable
39857,39869,separable
39857,39870,separable
39857,39871,separable
39857,39872,separable
39857,39873,separable
39857,39874,separable
39857,39875,separable
39857,39876,separable
39857,39877,separable
39857,39878,separable
39857,39879,separable
39915,39914,separable
39915,39916,separable
39915,39917,separable
39915,39918,separable
39915,39919,separable
39915,39920,separable
39915,39921,separable
39915,39922,separable
39915,39923,separable
39915,39924,separable
39915,39925,separable
39915,39926,separable
39915,39927,separable
39915,39928,separable
39915,39929,separable
39915,39930,separable
39915,39931,separable
39915,39932,separable
39915,39933,separable
39915,39934,separable
39915,39935,separable
39915,39936,separable
39915,39937,separable
39915,39938,separable
39915,39939,separable
39915,39940,separable
39915,39941,separable
39915,39942,separable
39915,39943,separable
39915,39944,separable
39915,39945,separable
39915,39946,separable
39915,39947,separable
39915,39948,separable
39915,39949,separable
39915,39950,separable
39915,39951,separable
39915,39952,separable
39915,39953,separable
39915,39954,separable
39915,39955,separable
39915,39956,separable
39915,39957,separable
39915,39958,separable
39915,39959,separable
39961,39960,separable
39961,39962,separable
39961,39963,separable
39961,39964,separable
39961,39965,separable
39961,39966,separable
39961,39967,separable
39961,39968,separable
39961,39969,separable
39961,39970,separable
39961,39971,separable
39961,39972,separable
39961,39973,separable
39977,39978,inseparable
39979,39980,inseparable
40008,40009,inseparable
40026,40025,separable
40026,40027,separable
40026,40028,separable
40026,40029,separable
40026,40030,separable
40026,40031,separable
40026,40032,separable
40026,40033,separable
40026,40034,separable
40026,40035,separable
40106,40107,inseparable
40281,40282,separable
41598,41599,inseparable
41623,41624,separable
41625,41626,separable
41633,41634,separable
41633,41635,separable
41633,41636,separable
41641,41642,separable
41641,41643,separable
41652,41653,separable
41659,41660,inseparable
41661,41662,inseparable
41741,41742,inseparable
41741,41743,separable
41741,41745,separable
41741,41747,separable
41741,41749,separable
41741,41751,separable
41741,41753,separable
41741,41755,separable
41741,41757,separable
41741,41759,separable
41743,41744,inseparable
41745,41746,inseparable
41747,41748,inseparable
41749,41750,inseparable
41751,41752,inseparable
41753,41754,inseparable
41755,41756,inseparable
41757,41758,inseparable
41759,41760,inseparable
41847,41846,separable
41847,41848,separable
41847,41849,separable
41847,41850,separable
41847,41851,separable
41847,41852,separable
41847,41853,separable
41847,41854,separable
41847,41855,separable
41847,41856,separable
41847,41857,separable
41847,41858,separable
41847,41859,separable
41847,41860,separable
41847,41861,separable
41847,41862,separable
41847,41863,separable
41847,41864,separable
41847,41865,separable
41847,41866,separable
41847,41867,separable
41847,41868,separable
41847,41869,separable
41847,41870,separable
41847,41871,separable
41847,41872,separable
41847,41873,separable
41847,41874,separable
41847,41875,separable
41847,41876,separable
41847,41877,separable
41847,41878,separable
41847,41879,separable
41847,41880,separable
41847,41881,separable
41847,41882,separable
41847,41883,separable
41847,41884,separable
41847,41885,separable
41847,41886,separable
41847,41887,separable
41847,41888,separable
41847,41889,separable
41847,41890,separable
41847,41891,separable
41847,41892,separable
41847,41893,separable
41847,41894,separable
41847,41895,separable
41847,41896,separable
41847,41897,separable
41847,41898,separable
41847,41899,separable
41847,41900,separable
41847,41901,separable
41847,41902,separable
41847,41903,separable
41847,41904,separable
41847,41905,separable
41847,41906,separable
41847,41907,separable
41847,41908,separable
41847,41909,separable
41847,41910,separable
41847,41911,separable
41847,41912,separable
41847,41913,separable
41847,41914,separable
41847,41915,separable
41847,41916,separable
41847,41917,separable
41847,41918,separable
41847,41919,separable
41847,41920,separable
41847,41921,separable
41847,41922,separable
41847,41923,separable
41847,41924,separable
41847,41925,separable
41847,41926,separable
41847,41927,separable
41847,41928,separable
41847,41929,separable
41847,41930,separable
41847,41931,separable
41847,41932,separable
41847,41933,separable
41847,41934,separable
41847,41935,separable
41847,41936,separable
41847,41937,separable
41847,41938,separable
41847,41939,separable
41847,41940,separable
41847,41941,separable
41847,41942,separable
41847,41943,separable
41847,41944,separable
41847,41945,separable
41847,41946,separable
41980,41981,inseparable
42101,42102,inseparable
42101,42103,inseparable
42222,42221,separable
42222,42223,separable
42222,42224,separable
42222,42225,separable
42222,42226,separable
42222,42227,separable
42222,42228,separable
42222,42229,separable
42222,42230,separable
42222,42231,separable
42222,42232,separable
42222,42233,separable
42222,42234,separable
42222,42235,separable
42222,42236,separable
42222,42237,separable
42222,42238,separable
42222,42239,separable
42222,42240,separable
42222,42241,separable
42222,42242,separable
42222,42243,separable
42222,42244,separable
42222,42245,separable
42222,42246,separable
42222,42247,separable
42222,42248,separable
42222,42249,separable
42222,42250,separable
42222,42251,separable
42222,42252,separable
42222,42253,separable
42222,42254,separable
42222,42255,separable
42222,42256,separable
42222,42257,separable
42222,42258,separable
42222,42259,separable
42222,42260,separable
42222,42261,separable
42222,42262,separable
42222,42263,separable
42222,42264,separable
42222,42265,separable
42222,42266,separable
42222,42267,separable
42222,42268,separable
42222,42269,separable
42222,42270,separable
42222,42271,separable
42395,42396,inseparable
42518,42519,inseparable
42518,42520,inseparable
42521,42522,inseparable
42521,42523,inseparable
42524,42525,inseparable
42636,42635,separable
42636,42637,separable
42636,42638,separable
42636,42639,separable
42636,42640,separable
42636,42641,separable
42636,42642,separable
42636,42643,separable
42636,42644,separable
42636,42645,separable
42656,42655,separable
42656,42657,separable
42656,42658,separable
42656,42659,separable
42656,42660,separable
42663,42662,separable
42663,42664,separable
42663,42665,separable
42663,42666,separable
42663,42667,separable
42684,42683,separable
42684,42685,separable
42684,42686,separable
42684,42687,separable
42684,42688,separable
42684,42689,separable
42684,42690,separable
42802,42803,inseparable
42807,42808,inseparable
42949,42950,inseparable
42952,42953,inseparable
42997,42998,inseparable
42997,42999,inseparable
42997,43000,inseparable
42997,43001,inseparable
42997,43002,inseparable
42997,43003,inseparable
42997,43004,inseparable
42997,43005,inseparable
42997,43006,inseparable
42997,43007,inseparable
42997,43008,inseparable
43063,43062,separable
43063,43064,separable
43063,43065,separable
43063,43066,separable
43063,43067,separable
43063,43068,separable
43063,43069,separable
43063,43070,separable
43063,43071,separable
43063,43072,separable
43063,43073,separable
43063,43074,separable
43063,43075,separable
43063,43076,separable
43154,43153,separable
43154,43155,separable
43154,43156,separable
43154,43157,separable
43154,43158,separable
43154,43159,separable
43154,43160,separable
43154,43161,separable
43184,43183,separable
43184,43185,separable
43184,43186,separable
43184,43187,separable
43184,43188,separable
43184,43189,separable
43184,43190,separable
43184,43191,separable
43184,43192,separable
43184,43193,separable
43345,43344,separable
43345,43346,separable
43345,43347,separable
43345,43348,separable
43345,43349,separable
43345,43350,separable
43345,43351,separable
43345,43352,separable
43345,43353,separable
43345,43354,separable
43345,43355,separable
43345,43356,separable
43345,43357,separable
43345,43358,separable
43345,43359,separable
43345,43360,separable
43345,43361,separable
43345,43362,separable
43345,43363,separable
43345,43364,separable
43345,43365,separable
43345,43366,separable
43345,43367,separable
43345,43368,separable
43345,43369,separable
43345,43370,separable
43345,43371,separable
43345,43372,separable
43345,43373,separable
43345,43374,separable
43345,43375,separable
43345,43376,separable
43345,43377,separable
43345,43378,separable
43345,43379,separable
43345,43380,separable
43345,43381,separable
43345,43382,separable
43345,43383,separable
43345,43384,separable
43345,43385,separable
43345,43386,separable
43345,43387,separable
43345,43388,separable
43345,43389,separable
43345,43390,separable
43345,43391,separable
43345,43392,separable
43345,43393,separable
43345,43394,separable
43345,43395,separable
43345,43396,separable
43345,43397,separable
43345,43398,separable
43345,43399,separable
43345,43400,separable
43345,43401,separable
43345,43402,separable
43345,43403,separable
43345,43404,separable
43345,43405,separable
43345,43406,separable
43345,43407,separable
43345,43408,separable
43539,43540,inseparable
43539,43541,inseparable
43539,43542,inseparable
43539,43543,inseparable
43539,43544,inseparable
43539,43545,inseparable
43539,43546,inseparable
43539,43547,inseparable
43539,43548,inseparable
43539,43549,inseparable
43539,43550,inseparable
43539,43551,inseparable
43539,43552,inseparable
43539,43553,inseparable
43539,43554,inseparable
43539,43555,inseparable
43539,43556,inseparable
43539,43557,inseparable
43539,43558,inseparable
43539,43559,inseparable
43539,43560,inseparable
43539,43561,inseparable
43539,43562,inseparable
43539,43563,inseparable
43539,43564,inseparable
43567,136374,separable
43567,136376,separable
43567,136377,separable
43567,136394,separable
43567,136404,separable
43567,136431,separable
43567,136432,separable
43567,136433,separable
43567,136434,separable
43567,136435,separable
43567,136436,separable
43567,136438,separable
43567,136439,separable
43567,136440,separable
43567,136442,separable
43567,136448,separable
43567,136458,separable
43567,136463,separable
43567,136473,separable
43567,136561,separable
43567,136565,separable
43567,136569,separable
43567,136573,separable
43567,136582,separable
43567,136604,separable
43567,136606,separable
43567,136629,separable
43567,136643,separable
43567,136646,separable
43567,136647,separable
43567,136648,separable
43567,136650,separable
43567,136651,separable
43567,136652,separable
43567,136653,separable
43567,136654,separable
43567,136655,separable
43567,136656,separable
43567,136657,separable
43567,136658,separable
43567,136659,separable
43567,136660,separable
43567,136661,separable
43567,136662,separable
43567,136663,separable
43567,136678,separable
43567,136679,separable
43567,136680,separable
43567,136682,separable
43567,136683,separable
43567,136686,separable
43567,136689,separable
43567,136705,separable
43567,136707,separable
43567,136709,separable
43567,136711,separable
43567,136712,separable
43567,136713,separable
43567,136714,separable
43567,136715,separable
43662,43663,inseparable
43729,43730,inseparable
43920,43921,inseparable
43939,43940,inseparable
43964,43965,inseparable
43996,43997,inseparable
44076,44077,inseparable
44100,44101,inseparable
44162,44163,inseparable
44186,44187,inseparable
44188,44189,inseparable
44244,44245,inseparable
44298,44299,inseparable
44314,44315,inseparable
44316,44317,inseparable
44318,44319,inseparable
44320,44321,inseparable
44322,44323,inseparable
44324,44325,inseparable
44326,44327,inseparable
44328,44329,inseparable
44330,44331,inseparable
44332,44333,inseparable
44334,44335,inseparable
44336,44337,inseparable
44338,44339,inseparable
44340,44341,inseparable
44342,44343,inseparable
44344,44345,inseparable
44346,44347,inseparable
44348,44349,inseparable
44350,44351,inseparable
44353,44354,inseparable
44355,44356,inseparable
44357,44358,inseparable
44359,44360,inseparable
44361,44362,inseparable
44363,44364,inseparable
44365,44366,inseparable
44367,44368,inseparable
44369,44370,inseparable
44372,44373,inseparable
44374,44375,inseparable
44378,44379,inseparable
44380,44381,inseparable
44383,44384,inseparable
44386,44387,inseparable
44388,44389,inseparable
44390,44391,inseparable
44400,44401,inseparable
44405,44406,inseparable
44407,44408,inseparable
44409,44410,inseparable
44411,44412,inseparable
44413,44414,inseparable
44415,44416,inseparable
44417,44418,inseparable
44419,44420,inseparable
44421,44422,inseparable
44423,44424,inseparable
44425,44426,inseparable
44427,44428,inseparable
44430,44431,inseparable
44432,44433,inseparable
44434,44435,inseparable
44436,44437,inseparable
44438,44439,inseparable
44440,44441,inseparable
44442,44443,inseparable
44444,44445,inseparable
44446,44447,inseparable
44448,44449,inseparable
44450,44451,inseparable
44454,44455,inseparable
44456,44457,inseparable
44458,44459,inseparable
44461,44462,inseparable
44463,44464,inseparable
44465,44466,inseparable
44467,44468,inseparable
44469,44470,inseparable
44471,44472,inseparable
44473,44474,inseparable
44476,44477,inseparable
44478,44479,inseparable
44480,44481,inseparable
44482,44483,inseparable
44484,44485,inseparable
44486,44487,inseparable
44489,44490,inseparable
44491,44492,inseparable
44493,44494,inseparable
44495,44496,inseparable
44497,44498,inseparable
44499,44500,inseparable
44501,44502,inseparable
44503,44504,inseparable
44505,44506,inseparable
44508,44509,inseparable
44510,44511,inseparable
44512,44513,inseparable
44514,44515,inseparable
44516,44517,inseparable
44518,44519,inseparable
44520,44521,inseparable
44523,44524,inseparable
44526,44527,inseparable
44529,44530,inseparable
44531,44532,inseparable
44534,44535,inseparable
44536,44537,inseparable
44538,44539,inseparable
44540,44541,inseparable
44542,44543,inseparable
44544,44545,inseparable
44546,44547,inseparable
44548,44549,inseparable
44550,44551,inseparable
44552,44553,inseparable
44554,44555,inseparable
44556,44557,inseparable
44558,44559,inseparable
44560,44561,inseparable
44562,44563,inseparable
44564,44565,inseparable
44566,44567,inseparable
44568,44569,inseparable
44570,44571,inseparable
44572,44573,inseparable
44574,44575,inseparable
44576,44577,inseparable
44578,44579,inseparable
44580,44581,inseparable
44582,44583,inseparable
44584,44585,inseparable
44586,44587,inseparable
44588,44589,inseparable
44590,44591,inseparable
44592,44593,inseparable
44594,44595,inseparable
44596,44597,inseparable
44598,44599,inseparable
44600,44601,inseparable
44602,44603,inseparable
44604,44605,inseparable
44606,44607,inseparable
44608,44609,inseparable
44610,44611,inseparable
44613,44614,inseparable
44615,44616,inseparable
44618,44619,inseparable
44620,44621,inseparable
44624,44625,inseparable
44626,44627,inseparable
44628,44629,inseparable
44630,44631,inseparable
44632,44633,inseparable
44634,44635,inseparable
44636,44637,inseparable
44638,44639,inseparable
44640,44641,inseparable
44642,44643,inseparable
44644,44645,inseparable
44646,44647,inseparable
44648,44649,inseparable
44650,44651,inseparable
44652,44653,inseparable
44654,44655,inseparable
44656,44657,inseparable
44660,44661,inseparable
44662,44663,inseparable
44664,44665,inseparable
44666,44667,inseparable
44668,44669,inseparable
44670,44671,inseparable
44672,44673,inseparable
44675,44676,inseparable
44677,44678,inseparable
44680,44681,inseparable
44682,44683,inseparable
44684,44685,inseparable
44686,44687,inseparable
44688,44689,inseparable
44690,44691,inseparable
44692,44693,inseparable
44694,44695,inseparable
44696,44697,inseparable
44698,44699,inseparable
44700,44701,inseparable
44702,44703,inseparable
44704,44705,inseparable
44706,44707,inseparable
44708,44709,inseparable
44710,44711,inseparable
44712,44713,inseparable
44714,44715,inseparable
44716,44717,inseparable
44718,44719,inseparable
44720,44721,inseparable
44722,44723,inseparable
44725,44726,inseparable
44727,44728,inseparable
44729,44730,inseparable
44731,44732,inseparable
44733,44734,inseparable
44735,44736,inseparable
44737,44738,inseparable
44739,44740,inseparable
44741,44742,inseparable
44743,44744,inseparable
44745,44746,inseparable
44747,44748,inseparable
44749,44750,inseparable
44751,44752,inseparable
44753,44754,inseparable
44755,44756,inseparable
44757,44758,inseparable
44759,44760,inseparable
44761,44762,inseparable
44763,44764,inseparable
44765,44766,inseparable
44767,44768,inseparable
44769,44770,inseparable
44771,44772,inseparable
44773,44774,inseparable
44775,44776,inseparable
44777,44778,inseparable
44779,44780,inseparable
44781,44782,inseparable
44783,44784,inseparable
44785,44786,inseparable
44787,44788,inseparable
44789,44790,inseparable
44791,44792,inseparable
44794,44795,inseparable
44796,44797,inseparable
44798,44799,inseparable
44800,44801,inseparable
44803,44804,inseparable
44806,44807,inseparable
44809,44810,inseparable
44811,44812,inseparable
44813,44814,inseparable
44815,44816,inseparable
44818,44819,inseparable
44820,44821,inseparable
44822,44823,inseparable
44824,44825,inseparable
44826,44827,inseparable
44828,44829,inseparable
44830,44831,inseparable
44832,44833,inseparable
44834,44835,inseparable
44836,44837,inseparable
44838,44839,inseparable
44840,44841,inseparable
44842,44843,inseparable
44844,44845,inseparable
44846,44847,inseparable
44849,44850,inseparable
44851,44852,inseparable
44853,44854,inseparable
44858,44859,inseparable
44860,44861,inseparable
44862,44863,inseparable
44864,44865,inseparable
44867,44868,inseparable
44869,44870,inseparable
44871,44872,inseparable
44875,44876,inseparable
44877,44878,inseparable
44879,44880,inseparable
44881,44882,inseparable
44883,44884,inseparable
44885,44886,inseparable
44887,44888,inseparable
44891,44892,inseparable
44893,44894,inseparable
44895,44896,inseparable
44897,44898,inseparable
44900,44901,inseparable
44904,44905,inseparable
44918,44919,inseparable
44922,44923,inseparable
44925,44926,inseparable
44927,44928,inseparable
44929,44930,inseparable
44931,44932,inseparable
44933,44934,inseparable
44935,44936,inseparable
44937,44938,inseparable
44939,44940,inseparable
44941,44942,inseparable
44943,44944,inseparable
44945,44946,inseparable
44947,44948,inseparable
44949,44950,inseparable
44951,44952,inseparable
44953,44954,inseparable
44956,44957,inseparable
44958,44959,inseparable
44960,44961,inseparable
44962,44963,inseparable
44964,44965,inseparable
44966,44967,inseparable
44968,44969,inseparable
44970,44971,inseparable
44973,44974,inseparable
44975,44976,inseparable
44977,44978,inseparable
44979,44980,inseparable
44981,44982,inseparable
44983,44984,inseparable
44985,44986,inseparable
44987,44988,inseparable
44989,44990,inseparable
44992,44993,inseparable
44994,44995,inseparable
44996,44997,inseparable
44998,44999,inseparable
45000,45001,inseparable
45003,45004,inseparable
45008,45009,inseparable
45010,45011,inseparable
45012,45013,inseparable
45014,45015,inseparable
45016,45017,inseparable
45018,45019,inseparable
45020,45021,inseparable
45022,45023,inseparable
45024,45025,inseparable
45026,45027,inseparable
45028,45029,inseparable
45030,45031,inseparable
45032,45033,inseparable
45034,45035,inseparable
45036,45037,inseparable
45038,45039,inseparable
45040,45041,inseparable
45042,45043,inseparable
45044,45045,inseparable
45046,45047,inseparable
45048,45049,inseparable
45050,45051,inseparable
45052,45053,inseparable
45054,45055,inseparable
45056,45057,inseparable
45058,45059,inseparable
45060,45061,inseparable
45062,45063,inseparable
45064,45065,inseparable
45066,45067,inseparable
45068,45069,inseparable
45070,45071,inseparable
45072,45073,inseparable
45074,45075,inseparable
45076,45077,inseparable
45080,45081,inseparable
45082,45083,inseparable
45084,45085,inseparable
45086,45087,inseparable
45088,45089,inseparable
45090,45091,inseparable
45092,45093,inseparable
45094,45095,inseparable
45096,45097,inseparable
45098,45099,inseparable
45101,45102,inseparable
45103,45104,inseparable
45105,45106,inseparable
45109,45110,inseparable
45111,45112,inseparable
45113,45114,inseparable
45115,45116,inseparable
45117,45118,inseparable
45119,45120,inseparable
45121,45122,inseparable
45123,45124,inseparable
45125,45126,inseparable
45138,45139,inseparable
45146,45147,inseparable
45148,45149,inseparable
45150,45151,inseparable
45153,45154,inseparable
45155,45156,inseparable
45157,45158,inseparable
45159,45160,inseparable
45162,45163,inseparable
45164,45165,inseparable
45167,45168,inseparable
45169,45170,inseparable
45171,45172,inseparable
45178,45179,inseparable
45181,45182,inseparable
45183,45184,inseparable
45185,45186,inseparable
45187,45188,inseparable
45190,45191,inseparable
45193,45194,inseparable
45195,45196,inseparable
45198,45199,inseparable
45201,45202,inseparable
45203,45204,inseparable
45205,45206,inseparable
45207,45208,inseparable
45209,45210,inseparable
45211,45212,inseparable
45213,45214,inseparable
45215,45216,inseparable
45217,45218,inseparable
45219,45220,inseparable
45221,45222,inseparable
45223,45224,inseparable
45225,45226,inseparable
45227,45228,inseparable
45234,45235,inseparable
45236,45237,inseparable
45239,45240,inseparable
45241,45242,inseparable
45243,45244,inseparable
45245,45246,inseparable
45248,45249,inseparable
45250,45251,inseparable
45252,45253,inseparable
45254,45255,inseparable
45256,45257,inseparable
45260,45261,inseparable
45262,45263,inseparable
45264,45265,inseparable
45266,45267,inseparable
45269,45270,inseparable
45271,45272,inseparable
45274,45275,inseparable
45276,45277,inseparable
45278,45279,inseparable
45280,45281,inseparable
45284,45285,inseparable
45290,45291,inseparable
45292,45293,inseparable
45294,45295,inseparable
45296,45297,inseparable
45299,45300,inseparable
45301,45302,inseparable
45303,45304,inseparable
45306,45307,inseparable
45308,45309,inseparable
45312,45313,inseparable
45315,45316,inseparable
45317,45318,inseparable
45319,45320,inseparable
45322,45323,inseparable
45324,45325,inseparable
45327,45328,inseparable
45329,45330,inseparable
45331,45332,inseparable
45333,45334,inseparable
45335,45336,inseparable
45337,45338,inseparable
45339,45340,inseparable
45342,45343,inseparable
45344,45345,inseparable
45347,45348,inseparable
45350,45351,inseparable
45353,45354,inseparable
45355,45356,inseparable
45361,45362,inseparable
45363,45364,inseparable
45365,45366,inseparable
45367,45368,inseparable
45369,45370,inseparable
45371,45372,inseparable
45374,45375,inseparable
45376,45377,inseparable
45378,45379,inseparable
45381,45382,inseparable
45383,45384,inseparable
45385,45386,inseparable
45387,45388,inseparable
45389,45390,inseparable
45391,45392,inseparable
45393,45394,inseparable
45395,45396,inseparable
45398,45399,inseparable
45401,45402,inseparable
45404,45405,inseparable
45406,45407,inseparable
45408,45409,inseparable
45410,45411,inseparable
45412,45413,inseparable
45414,45415,inseparable
45416,45417,inseparable
45422,45423,inseparable
45426,45427,inseparable
45430,45431,inseparable
45432,45433,inseparable
45434,45435,inseparable
45436,45437,inseparable
45439,45440,inseparable
45441,45442,inseparable
45443,45444,inseparable
45445,45446,inseparable
45447,45448,inseparable
45449,45450,inseparable
45451,45452,inseparable
45453,45454,inseparable
45455,45456,inseparable
45457,45458,inseparable
45459,45460,inseparable
45461,45462,inseparable
45463,45464,inseparable
45465,45466,inseparable
45467,45468,inseparable
45469,45470,inseparable
45471,45472,inseparable
45473,45474,inseparable
45475,45476,inseparable
45477,45478,inseparable
45479,45480,inseparable
45481,45482,inseparable
45483,45484,inseparable
45485,45486,inseparable
45487,45488,inseparable
45489,45490,inseparable
45491,45492,inseparable
45493,45494,inseparable
45495,45496,inseparable
45497,45498,inseparable
45502,45503,inseparable
45505,45506,inseparable
45507,45508,inseparable
45509,45510,inseparable
45511,45512,inseparable
45513,45514,inseparable
45515,45516,inseparable
45518,45519,inseparable
45520,45521,inseparable
45524,45525,inseparable
45526,45527,inseparable
45528,45529,inseparable
45530,45531,inseparable
45532,45533,inseparable
45534,45535,inseparable
45536,45537,inseparable
45538,45539,inseparable
45540,45541,inseparable
45542,45543,inseparable
45544,45545,inseparable
45546,45547,inseparable
45549,45550,inseparable
45551,45552,inseparable
45553,45554,inseparable
45555,45556,inseparable
45558,45559,inseparable
45563,45564,inseparable
45565,45566,inseparable
45567,45568,inseparable
45569,45570,inseparable
45571,45572,inseparable
45574,45575,inseparable
45577,45578,inseparable
45579,45580,inseparable
45584,45585,inseparable
45587,45588,inseparable
45592,45593,inseparable
45594,45595,inseparable
45596,45597,inseparable
45599,45600,inseparable
45601,45602,inseparable
45632,45633,inseparable
45632,45634,inseparable
45632,45635,inseparable
45657,45658,inseparable
45805,45806,inseparable
45846,45847,inseparable
45848,45849,inseparable
45989,45990,inseparable
46035,118820,separable
46035,118821,separable
46035,118822,separable
46035,118823,separable
46035,118824,separable
46035,118825,separable
46035,118826,separable
46035,118827,separable
46035,118828,separable
46035,118829,separable
46035,118830,separable
46054,228924,separable
46054,228925,separable
46054,228926,separable
46069,46070,inseparable
46079,46080,inseparable
46270,46271,inseparable
46272,222885,inseparable
46273,222886,separable
46306,46307,inseparable
46358,46359,inseparable
46358,46360,inseparable
46358,46361,inseparable
46358,46362,inseparable
46358,46363,inseparable
46358,46364,inseparable
46358,46365,inseparable
46358,46366,inseparable
46358,46367,inseparable
46358,46368,inseparable
46358,46369,inseparable
46358,46370,inseparable
46358,46371,inseparable
46358,46372,inseparable
46358,46373,inseparable
46358,46374,inseparable
46358,46375,inseparable
46358,46376,inseparable
46358,46377,inseparable
46358,46378,inseparable
46358,46379,inseparable
46358,46380,inseparable
46381,211482,separable
46381,211483,separable
46381,211484,separable
46381,211485,separable
46381,211486,separable
46382,211487,separable
46382,211488,separable
46382,211489,separable
46382,211490,separable
46382,211491,separable
46383,211492,separable
46383,211493,separable
46383,211494,separable
46383,211495,separable
46383,211496,separable
46392,46393,inseparable
46423,46424,inseparable
46714,112663,separable
46747,46748,inseparable
46835,46836,inseparable
46957,46958,inseparable
46959,46960,inseparable
46981,46982,inseparable
46993,46992,separable
46993,46994,separable
46993,46995,separable
46993,46996,separable
46993,46997,separable
46993,46998,separable
46993,46999,separable
46993,47000,separable
46993,47001,separable
46993,47002,separable
46993,47003,separable
46993,47004,separable
46993,47005,separable
46993,47006,separable
46993,47007,separable
46993,47008,separable
46993,47009,separable
46993,47010,separable
46993,47011,separable
46993,47012,separable
46993,47013,separable
46993,47014,separable
46993,47015,separable
46993,47016,separable
46993,47017,separable
46993,47018,separable
46993,47019,separable
46993,47020,separable
46993,47021,separable
46993,47022,separable
46993,47023,separable
46993,47024,separable
46993,47025,separable
46993,47026,separable
46993,47027,separable
46993,47028,separable
46993,47029,separable
46993,47030,separable
46993,47031,separable
46993,47032,separable
46993,47033,separable
46993,47034,separable
46993,47035,separable
46993,47036,separable
46993,47037,separable
46993,47038,separable
46993,47039,separable
46993,47040,separable
46993,47041,separable
46993,47042,separable
46993,47043,separable
46993,47044,separable
46993,47045,separable
46993,47046,separable
46993,47047,separable
46993,47048,separable
46993,47049,separable
46993,47050,separable
46993,47051,separable
46993,47052,separable
46993,47053,separable
46993,47054,separable
46993,47055,separable
46993,47056,separable
46993,47057,separable
46993,47058,separable
46993,47059,separable
46993,47060,separable
46993,47061,separable
46993,47062,separable
46993,47063,separable
46993,47064,separable
46993,47065,separable
46993,47066,separable
46993,47067,separable
46993,47068,separable
46993,47069,separable
46993,47070,separable
46993,47071,separable
46993,47072,separable
47120,47121,inseparable
47244,47245,inseparable
47304,47303,separable
47304,47305,separable
47304,47306,separable
47304,47308,separable
47304,47311,separable
47304,47316,separable
47304,47321,separable
47304,47325,separable
47304,47331,separable
47304,47336,separable
47304,47339,separable
47304,47346,separable
47304,47351,separable
47304,47358,separable
47304,47359,separable
47304,47361,separable
47304,47362,separable
47304,47366,separable
47304,47368,separable
47304,47373,separable
47304,47378,separable
47304,47383,separable
47304,47385,separable
47304,47386,separable
47304,47387,separable
47304,47388,separable
47304,47389,separable
47304,47392,separable
47304,47395,separable
47304,47398,separable
47304,47399,separable
47304,47403,separable
47304,47404,separable
47304,47405,separable
47304,47410,separable
47304,47411,separable
47304,47414,separable
47304,47418,separable
47304,47423,separable
47304,47429,separable
47304,47430,separable
47304,47432,separable
47304,47435,separable
47304,47440,separable
47304,47444,separable
47304,47445,separable
47304,47447,separable
47304,47448,separable
47304,47449,separable
47304,47450,separable
47304,47455,separable
47304,47457,separable
47304,47458,separable
47304,47462,separable
47304,47465,separable
47304,47466,separable
47304,47470,separable
47304,47472,separable
47304,47473,separable
47304,47474,separable
47304,47480,separable
47304,47482,separable
47304,47483,separable
47304,47484,separable
47304,47485,separable
47304,47487,separable
47304,47491,separable
47304,47492,separable
47306,47307,inseparable
47308,47309,inseparable
47308,47310,inseparable
47311,47312,inseparable
47311,47313,inseparable
47311,47314,inseparable
47311,47315,inseparable
47316,47317,inseparable
47316,47318,inseparable
47316,47319,inseparable
47316,47320,inseparable
47321,47322,inseparable
47321,47323,inseparable
47321,47324,inseparable
47325,47326,inseparable
47325,47327,inseparable
47325,47328,inseparable
47325,47329,inseparable
47325,47330,inseparable
47331,47332,inseparable
47331,47333,inseparable
47331,47334,inseparable
47331,47335,inseparable
47336,47337,inseparable
47336,47338,inseparable
47339,47340,inseparable
47339,47341,inseparable
47339,47342,inseparable
47339,47343,inseparable
47339,47344,inseparable
47339,47345,inseparable
47346,47347,inseparable
47346,47348,inseparable
47346,47349,inseparable
47346,47350,inseparable
47351,47352,inseparable
47351,47353,inseparable
47351,47354,inseparable
47351,47355,inseparable
47351,47356,inseparable
47351,47357,inseparable
47359,47360,inseparable
47362,47363,inseparable
47362,47364,inseparable
47362,47365,inseparable
47366,47367,inseparable
47368,47369,inseparable
47368,47370,inseparable
47368,47371,inseparable
47368,47372,inseparable
47373,47374,inseparable
47373,47375,inseparable
47373,47376,inseparable
47373,47377,inseparable
47378,47379,inseparable
47378,47380,inseparable
47378,47381,inseparable
47378,47382,inseparable
47383,47384,inseparable
47389,47390,inseparable
47389,47391,inseparable
47392,47393,inseparable
47392,47394,inseparable
47395,47396,inseparable
47395,47397,inseparable
47399,47400,inseparable
47399,47401,inseparable
47399,47402,inseparable
47405,47406,inseparable
47405,47407,inseparable
47405,47408,inseparable
47405,47409,inseparable
47411,47412,inseparable
47411,47413,inseparable
47414,47415,inseparable
47414,47416,inseparable
47414,47417,inseparable
47418,47419,inseparable
47418,47420,inseparable
47418,47421,inseparable
47418,47422,inseparable
47423,47424,inseparable
47423,47425,inseparable
47423,47426,inseparable
47423,47427,inseparable
47423,47428,inseparable
47430,47431,inseparable
47432,47433,inseparable
47432,47434,inseparable
47435,47436,inseparable
47435,47437,inseparable
47435,47438,inseparable
47435,47439,inseparable
47440,47441,inseparable
47440,47442,inseparable
47440,47443,inseparable
47445,47446,inseparable
47450,47451,inseparable
47450,47452,inseparable
47450,47453,inseparable
47450,47454,inseparable
47455,47456,inseparable
47458,47459,inseparable
47458,47460,inseparable
47458,47461,inseparable
47462,47463,inseparable
47462,47464,inseparable
47466,47467,inseparable
47466,47468,inseparable
47466,47469,inseparable
47470,47471,inseparable
47474,47475,inseparable
47474,47476,inseparable
47474,47477,inseparable
47474,47478,inseparable
47474,47479,inseparable
47480,47481,inseparable
47485,47486,inseparable
47487,47488,inseparable
47487,47489,inseparable
47487,47490,inseparable
47526,47527,inseparable
47592,47591,separable
47592,47593,separable
47592,47594,separable
47720,47719,separable
47720,47721,separable
47720,47722,separable
47720,47723,separable
47720,47724,separable
47720,47725,separable
47720,47726,separable
47720,47727,separable
47720,47728,separable
47720,47729,separable
47720,47730,separable
47720,47731,separable
47720,47732,separable
47720,47733,separable
47720,47734,separable
47720,47735,separable
47720,47736,separable
47720,47737,separable
47720,47738,separable
47720,47739,separable
47720,47740,separable
47720,47741,separable
47720,47742,separable
47720,47743,separable
47720,47744,separable
47802,47803,inseparable
47834,47833,separable
47834,47835,separable
47834,47836,separable
47834,47837,separable
47834,47838,separable
47834,47839,separable
47834,47840,separable
47834,47841,separable
47834,47842,separable
47834,47843,separable
47834,47844,separable
47834,47845,separable
47834,47846,separable
47834,47847,separable
47834,47848,separable
47834,47849,separable
47834,47850,separable
47834,47851,separable
47834,47852,separable
47834,47853,separable
47834,47854,separable
47834,47855,separable
47834,47856,separable
47834,47857,separable
47834,47858,separable
47834,47859,separable
47834,47860,separable
47834,47861,separable
47834,47862,separable
47834,47863,separable
47834,47864,separable
47834,47865,separable
47834,47866,separable
47834,47867,separable
47834,47868,separable
47834,47869,separable
47834,47870,separable
47834,47871,separable
47834,47872,separable
47834,47873,separable
47834,47874,separable
47834,47875,separable
47834,47876,separable
47834,47877,separable
47834,47878,separable
47834,47879,separable
47834,47880,separable
47834,47881,separable
47834,47882,separable
47834,47883,separable
47834,47884,separable
47834,47885,separable
47834,47886,separable
47834,47887,separable
47834,47888,separable
47834,47889,separable
47834,47890,separable
47834,47891,separable
47834,47892,separable
47834,47893,separable
47834,47894,separable
47834,47895,separable
47899,47900,inseparable
47901,47902,inseparable
47973,47972,separable
47973,47974,separable
47973,47975,separable
47973,47976,separable
47973,47977,separable
47973,47978,separable
47973,47979,separable
47973,47980,separable
47973,47981,separable
47973,47982,separable
47973,47983,separable
47973,47984,separable
47973,47986,separable
47973,47987,separable
47973,47988,separable
47973,47989,separable
47973,47990,separable
47973,47991,separable
47973,47992,separable
47973,47993,separable
47973,47995,separable
47973,47996,separable
47973,47997,separable
47973,47998,separable
47973,47999,separable
47973,48000,separable
47973,48002,separable
47973,48004,separable
47973,48005,separable
47973,48006,separable
47973,48007,separable
47973,48008,separable
47984,47985,inseparable
47993,47994,inseparable
48000,48001,inseparable
48002,48003,inseparable
48015,48014,separable
48015,48016,separable
48015,48017,separable
48015,48018,separable
48015,48019,separable
48015,48020,separable
48015,48021,separable
48015,48022,separable
48015,48023,separable
48015,48024,separable
48015,48025,separable
48015,48026,separable
48015,48027,separable
48015,48028,separable
48015,48029,separable
48015,48030,separable
48015,48031,separable
48015,48032,separable
48015,48033,separable
48015,48034,separable
48015,48035,separable
48015,48036,separable
48015,48037,separable
48015,48038,separable
48015,48039,separable
48015,48040,separable
48015,48041,separable
48015,48042,separable
48015,48043,separable
48015,48044,separable
48015,48045,separable
48015,48046,separable
48015,48047,separable
48015,48048,separable
48015,48049,separable
48015,48050,separable
48015,48051,separable
48015,48052,separable
48015,48053,separable
48015,48054,separable
48015,48055,separable
48221,48220,separable
48221,48222,separable
48221,48223,separable
48221,48224,separable
48221,48225,separable
48221,48226,separable
48221,48227,separable
48221,48228,separable
48221,48229,separable
48221,48230,separable
48221,48231,separable
48293,48292,separable
48293,48294,separable
48293,48295,separable
48293,48296,separable
48293,48297,separable
48336,48335,separable
48336,48337,separable
48336,48338,separable
48336,48339,separable
48336,48340,separable
48336,48341,separable
48336,48342,separable
48336,225805,separable
48336,225806,separable
48336,225807,separable
48336,225808,separable
48336,225809,separable
48336,225810,separable
48336,225811,separable
48336,225812,separable
48336,225813,separable
48336,225814,separable
48336,225815,separable
48336,225816,separable
48336,225817,separable
48336,225818,separable
48336,225819,separable
48336,225820,separable
48336,225821,separable
48336,225822,separable
48336,225823,separable
48336,225824,separable
48336,225825,separable
48336,225826,separable
48336,225827,separable
48336,225828,separable
48336,225829,separable
48336,225830,separable
48336,225831,separable
48336,225832,separable
48336,225833,separable
48336,225834,separable
48336,225835,separable
48336,225836,separable
48336,225837,separable
48336,225838,separable
48336,225839,separable
48336,225840,separable
48531,48530,separable
48531,48532,separable
48531,48533,separable
48531,48534,separable
48531,48535,separable
48531,48536,separable
48531,48537,separable
48531,48538,separable
48531,48539,separable
48531,48540,separable
48531,48541,separable
48531,48542,separable
48531,48543,separable
48567,48566,separable
48567,48568,separable
48567,48569,separable
48567,48570,separable
48567,48571,separable
48567,48572,separable
48567,48573,separable
48567,48574,separable
48567,48575,separable
48567,48576,separable
48707,48708,inseparable
48707,48709,inseparable
48707,48710,inseparable
48707,48711,inseparable
48707,48712,inseparable
48707,48713,inseparable
48707,48714,inseparable
48707,48715,inseparable
48707,48716,inseparable
48707,48717,inseparable
48707,48718,inseparable
48707,48719,inseparable
48733,48734,inseparable
48755,48754,separable
48755,48756,separable
48755,48757,separable
48755,48758,separable
48755,48759,separable
48755,48760,separable
48755,48761,separable
48755,48762,separable
48755,48763,separable
48755,48764,separable
48755,48765,separable
48755,48766,separable
48755,48767,separable
48755,48768,separable
48755,48769,separable
48755,48770,separable
48755,48771,separable
48755,48772,separable
48755,48773,separable
48755,48774,separable
48817,48816,separable
48817,48818,separable
48817,48819,separable
48817,48820,separable
48817,48821,separable
48817,48822,separable
48817,48823,separable
48817,48824,separable
48817,48825,separable
48817,48826,separable
48817,48827,separable
48817,48828,separable
48817,48829,separable
48817,48830,separable
48832,48831,separable
48832,48833,separable
48832,48834,separable
48832,48835,separable
48832,48836,separable
48832,48837,separable
48832,48838,separable
48832,48839,separable
48832,48840,separable
48832,48841,separable
48844,82672,separable
48844,82673,separable
48844,82674,separable
48844,82675,separable
48844,82676,separable
48844,82677,separable
48844,82678,separable
48844,82679,separable
48844,82680,separable
48844,82681,separable
48844,82682,separable
48844,82683,separable
48844,82684,separable
48844,82685,separable
48844,82686,separable
48844,82687,separable
48847,48848,inseparable
48847,48849,inseparable
48847,48850,inseparable
48847,48851,inseparable
48847,48852,inseparable
48847,48853,inseparable
48847,48854,inseparable
48847,48855,inseparable
48847,48856,inseparable
48847,48857,inseparable
48847,48858,inseparable
48847,48859,inseparable
48847,48860,inseparable
48847,48861,inseparable
48847,48862,inseparable
48847,48863,inseparable
48847,48864,inseparable
48847,48865,inseparable
48847,48866,inseparable
48847,48867,inseparable
48868,48869,inseparable
48868,48870,inseparable
48868,48871,inseparable
48868,48872,inseparable
48868,48873,inseparable
48868,48874,inseparable
48868,48875,inseparable
48868,48876,inseparable
48868,48877,inseparable
48868,48878,inseparable
48868,48879,inseparable
48868,48880,inseparable
48868,48881,inseparable
48868,48882,inseparable
48868,48883,inseparable
48868,48884,inseparable
48868,48885,inseparable
48868,48886,inseparable
48868,48887,inseparable
48868,48888,inseparable
48889,48890,inseparable
48889,48891,inseparable
48889,48892,inseparable
48889,48893,inseparable
48889,48894,inseparable
48889,48895,inseparable
48889,48896,inseparable
48889,48897,inseparable
48889,48898,inseparable
48889,48899,inseparable
48889,48900,inseparable
48889,48901,inseparable
48889,48902,inseparable
48889,48903,inseparable
48889,48904,inseparable
48889,48905,inseparable
48889,48906,inseparable
48889,48907,inseparable
48889,48908,inseparable
48889,48909,inseparable
48910,48911,inseparable
48910,48912,inseparable
48910,48913,inseparable
48910,48914,inseparable
48910,48915,inseparable
48910,48916,inseparable
48910,48917,inseparable
48910,48918,inseparable
48910,48919,inseparable
48910,48920,inseparable
48910,48921,inseparable
48910,48922,inseparable
48910,48923,inseparable
48910,48924,inseparable
48910,48925,inseparable
48910,48926,inseparable
48910,48927,inseparable
48910,48928,inseparable
48910,48929,inseparable
48910,48930,inseparable
48931,48932,inseparable
48931,48933,inseparable
48931,48934,inseparable
48931,48935,inseparable
48931,48936,inseparable
48931,48937,inseparable
48931,48938,inseparable
48931,48939,inseparable
48931,48940,inseparable
48931,48941,inseparable
48931,48942,inseparable
48931,48943,inseparable
48931,48944,inseparable
48931,48945,inseparable
48931,48946,inseparable
48931,48947,inseparable
48931,48948,inseparable
48931,48949,inseparable
48931,48950,inseparable
48931,48951,inseparable
48971,48970,separable
48971,48972,separable
48971,48973,separable
48971,48974,separable
48971,48975,separable
48971,48976,separable
48971,48977,separable
48971,48978,separable
48971,48979,separable
48971,48980,separable
48971,48981,separable
48971,48982,separable
48971,48983,separable
48971,48984,separable
48971,48985,separable
48971,48986,separable
48971,48987,separable
48971,48988,separable
48971,48989,separable
48971,48990,separable
48971,48991,separable
48995,48996,inseparable
48995,48997,inseparable
48995,48998,inseparable
48995,48999,inseparable
48995,49000,inseparable
48995,49001,inseparable
48995,49002,inseparable
48995,49003,inseparable
48995,49004,inseparable
48995,49005,inseparable
48995,49006,inseparable
48995,49007,inseparable
48995,49008,inseparable
49063,49064,inseparable
49066,49067,inseparable
49181,49180,separable
49181,49182,separable
49181,49183,separable
49181,49184,separable
49181,49185,separable
49181,49186,separable
49181,49187,separable
49181,49188,separable
49195,49196,inseparable
49195,49197,inseparable
49195,49198,inseparable
49195,49199,inseparable
49195,49200,inseparable
49195,49201,inseparable
49195,49202,inseparable
49195,49203,inseparable
49195,49204,inseparable
49195,49205,inseparable
49195,49206,inseparable
49195,49207,inseparable
49195,49208,inseparable
49195,49209,inseparable
49195,49210,inseparable
49195,49211,inseparable
49195,49212,inseparable
49195,49213,inseparable
49195,49214,inseparable
49195,49215,inseparable
49195,49216,inseparable
49195,49217,inseparable
49195,49218,inseparable
49195,49219,inseparable
49195,49220,inseparable
49195,49221,inseparable
49195,49222,inseparable
49195,49223,inseparable
49195,49224,inseparable
49195,49225,inseparable
49195,49226,inseparable
49195,49227,inseparable
49195,49228,inseparable
49195,49229,inseparable
49195,49230,inseparable
49195,49231,inseparable
49195,49232,inseparable
49195,49233,inseparable
49195,49234,inseparable
49195,49235,inseparable
49195,49236,inseparable
49195,49237,inseparable
49195,49238,inseparable
49195,49239,inseparable
49195,49240,inseparable
49195,49241,inseparable
49195,49242,inseparable
49195,49243,inseparable
49195,49244,inseparable
49195,49245,inseparable
49195,49246,inseparable
49251,49250,separable
49251,49252,separable
49251,49253,separable
49251,49254,separable
49251,49255,separable
49251,49256,separable
49251,49257,separable
49251,49258,separable
49251,49259,separable
49251,49260,separable
49251,49261,separable
49251,49262,separable
49251,49263,separable
49251,49264,separable
49251,49265,separable
49251,49266,separable
49251,49267,separable
49251,49268,separable
49251,49269,separable
49251,49270,separable
49251,49271,separable
49251,49272,separable
49251,49273,separable
49251,49274,separable
49251,49275,separable
49251,49276,separable
49251,49277,separable
49251,49278,separable
49251,49279,separable
49251,49280,separable
49251,49281,separable
49251,49282,separable
49251,49283,separable
49251,49284,separable
49251,49285,separable
49251,49286,separable
49303,49302,separable
49303,49304,separable
49303,49305,separable
49303,49306,separable
49303,49307,separable
49303,49308,separable
49303,49309,separable
49303,49310,separable
49303,49311,separable
49303,49312,separable
49314,49313,separable
49314,49315,separable
49314,49316,separable
49314,49317,separable
49314,49318,separable
49314,49319,separable
49314,49320,separable
49314,49321,separable
49314,49322,separable
49314,49415,separable
49369,49368,separable
49369,49370,separable
49369,49371,separable
49369,49372,separable
49369,49373,separable
49369,49374,separable
49369,49375,separable
49369,49376,separable
49369,49377,separable
49369,49378,separable
49369,49379,separable
49369,49380,separable
49369,49381,separable
49369,49382,separable
49387,49386,separable
49387,49388,separable
49387,49389,separable
49387,49390,separable
49387,49391,separable
49387,49392,separable
49387,49393,separable
49387,49394,separable
49387,49395,separable
49387,49396,separable
49497,49496,separable
49497,49498,separable
49497,49499,separable
49497,49500,separable
49497,49501,separable
49497,49502,separable
49497,49503,separable
49497,49504,separable
49497,49505,separable
49497,49506,separable
49497,49507,separable
49497,49508,separable
49497,49509,separable
49497,49510,separable
49497,49511,separable
49497,49512,separable
49792,49791,separable
49792,49793,separable
49792,49794,separable
49792,49795,separable
49792,49796,separable
49792,49797,separable
49792,49798,separable
49792,49799,separable
49792,49800,separable
49792,49801,separable
49819,49820,inseparable
49819,49821,separable
49819,49822,separable
49819,49823,separable
49819,49824,separable
49819,49825,separable
49819,49826,separable
49819,49827,separable
49819,49828,separable
49819,49829,separable
49819,49830,separable
49819,49831,separable
49819,49832,separable
49819,49833,separable
49819,49834,separable
49874,49873,separable
49874,49875,separable
49874,49876,separable
49874,49877,separable
49874,49878,separable
49874,49879,separable
49874,49880,separable
49874,49881,separable
49874,49882,separable
49874,49883,separable
49896,49895,separable
49896,49897,separable
49896,49898,separable
49896,49899,separable
49896,49900,separable
49896,49901,separable
49896,49902,separable
49896,49903,separable
49896,49904,separable
49896,49905,separable
49896,49906,separable
49896,49907,separable
49896,49908,separable
49896,49909,separable
49896,49910,separable
49896,49911,separable
49945,49944,separable
49945,49946,separable
49945,49947,separable
49945,49948,separable
49945,49949,separable
49945,49950,separable
49945,49951,separable
49945,49952,separable
49945,49953,separable
49945,49954,separable
49945,49955,separable
50026,50025,separable
50026,50027,separable
50026,50028,separable
50026,50029,separable
50026,50030,separable
50026,50031,separable
50026,50032,separable
50026,50033,separable
50035,50034,separable
50035,50036,separable
50035,50037,separable
50035,50038,separable
50035,50039,separable
50035,50040,separable
50035,50041,separable
50035,50042,separable
50035,50043,separable
50035,50044,separable
50035,50045,separable
50035,50046,separable
50035,50047,separable
50035,50048,separable
50035,50049,separable
50035,50050,separable
50035,50051,separable
50035,50052,separable
50035,50053,separable
50035,50054,separable
50035,50055,separable
50035,50056,separable
50035,50057,separable
50035,50058,separable
50035,50059,separable
50035,50060,separable
50035,50061,separable
50035,50062,separable
50064,50063,separable
50064,50065,separable
50064,50066,separable
50064,50067,separable
50064,50068,separable
50064,50069,separable
50064,50070,separable
50064,50071,separable
50064,50073,separable
50064,50074,separable
50064,50075,separable
50064,50076,separable
50064,50077,separable
50064,50078,separable
50064,50079,separable
50064,50080,separable
50064,50081,separable
50064,50082,separable
50064,50083,separable
50064,50084,separable
50064,50085,separable
50064,50086,separable
50064,50087,separable
50064,50088,separable
50064,50089,separable
50064,50090,separable
50064,50091,separable
50108,50107,separable
50108,50109,separable
50108,50110,separable
50108,50111,separable
50108,50112,separable
50114,50113,separable
50114,50115,separable
50114,50116,separable
50114,50117,separable
50114,50118,separable
50114,50119,separable
50114,50120,separable
50114,50121,separable
50114,50122,separable
50114,50123,separable
50114,50124,separable
50114,50125,separable
50114,50126,separable
50114,50127,separable
50114,50128,separable
50114,50129,separable
50114,50130,separable
50114,50131,separable
50114,50132,separable
50114,50133,separable
50135,50134,separable
50135,50136,separable
50135,50137,separable
50135,50138,separable
50135,50139,separable
50135,50140,separable
50135,50141,separable
50135,50142,separable
50135,50143,separable
50145,50144,separable
50145,50146,separable
50145,50147,separable
50145,50148,separable
50145,50149,separable
50145,50150,separable
50145,50151,separable
50145,50152,separable
50145,50153,separable
50145,50154,separable
50156,50155,separable
50156,50157,separable
50156,50158,separable
50156,50159,separable
50156,50160,separable
50156,50161,separable
50156,50162,separable
50156,50163,separable
50156,50164,separable
50166,50165,separable
50166,50167,separable
50166,50168,separable
50166,50169,separable
50166,50170,separable
50173,50172,separable
50173,50174,separable
50173,50175,separable
50173,50176,separable
50173,50177,separable
50173,50178,separable
50173,50179,separable
50173,50180,separable
50173,50181,separable
50173,50182,separable
50173,50183,separable
50173,50184,separable
50173,50185,separable
50173,50186,separable
50173,50187,separable
50173,50188,separable
50173,50189,separable
50173,50190,separable
50173,50191,separable
50173,50192,separable
50173,50193,separable
50173,50194,separable
50173,50195,separable
50173,50196,separable
50173,50197,separable
50173,50198,separable
50173,50199,separable
50173,50200,separable
50173,50201,separable
50173,50202,separable
50173,50203,separable
50173,50204,separable
50173,50205,separable
50173,50206,separable
50173,50207,separable
50173,50208,separable
50173,50209,separable
50173,50210,separable
50173,50211,separable
50668,50669,inseparable
50724,50725,inseparable
50758,50759,inseparable
50762,50763,inseparable
50762,50764,inseparable
50762,50765,inseparable
50762,50766,inseparable
50762,50767,inseparable
50762,50768,inseparable
50762,50769,inseparable
50762,50770,inseparable
50762,50771,inseparable
50762,50772,inseparable
50762,50773,inseparable
50762,50774,inseparable
50762,50775,inseparable
50762,50776,inseparable
50762,50777,inseparable
50887,50888,inseparable
50937,50936,separable
50937,50938,separable
50937,50939,separable
50937,50940,separable
50937,50941,separable
50937,50942,separable
50937,50943,separable
50937,50944,separable
50937,50945,separable
50937,50946,separable
50937,50947,separable
50937,50948,separable
50937,50949,separable
50937,50950,separable
50937,50951,separable
50937,50952,separable
50937,50953,separable
50937,50954,separable
50937,50955,separable
50937,50956,separable
50937,50957,separable
50937,50958,separable
50937,50959,separable
50971,50970,separable
50971,50972,separable
50971,50973,separable
50971,50974,separable
50971,50975,separable
50971,50976,separable
50971,50977,separable
50971,50978,separable
50971,50979,separable
50971,50980,separable
50971,50981,separable
50971,50982,separable
50971,50983,separable
50971,50984,separable
50986,50985,separable
50986,50987,separable
50986,50988,separable
50986,50989,separable
50986,50990,separable
50986,50991,separable
50986,50992,separable
50986,50993,separable
50986,50994,separable
50986,50995,separable
50986,50996,separable
50986,50997,separable
50986,50998,separable
50986,50999,separable
51001,51000,separable
51001,51002,separable
51001,51003,separable
51001,51004,separable
51001,51005,separable
51001,51006,separable
51001,51007,separable
51001,51008,separable
51001,51009,separable
51001,51010,separable
51001,51011,separable
51001,51012,separable
51001,51013,separable
51001,51014,separable
51025,51015,separable
51025,51024,separable
51025,51026,separable
51025,51027,separable
51025,51028,separable
51025,51029,separable
51025,51030,separable
51025,51031,separable
51025,51032,separable
51025,51033,separable
51025,51034,separable
51025,51035,separable
51025,51036,separable
51025,51037,separable
51025,51038,separable
51025,51039,separable
51025,51040,separable
51025,51041,separable
51025,51042,separable
51058,51057,separable
51058,51059,separable
51058,51060,separable
51058,51061,separable
51058,51062,separable
51058,51063,separable
51058,51064,separable
51058,51065,separable
51058,51066,separable
51058,51067,separable
51058,51068,separable
51058,51069,separable
51058,51070,separable
51058,51071,separable
51058,51072,separable
51058,51073,separable
51058,51074,separable
51058,51075,separable
51058,51076,separable
51058,51077,separable
51058,51078,separable
51058,51079,separable
51058,51080,separable
51058,51081,separable
51058,51082,separable
51058,51083,separable
51058,51084,separable
51058,51085,separable
51058,51086,separable
51058,51087,separable
51427,51428,inseparable
51429,51430,inseparable
51431,51432,inseparable
51433,51434,inseparable
51435,51436,inseparable
51437,51438,inseparable
51439,51440,inseparable
51441,51442,inseparable
51443,51444,inseparable
51541,51542,inseparable
51541,51543,inseparable
52108,52107,separable
52108,52109,separable
52108,52110,separable
52108,52111,separable
52108,52112,separable
52108,52113,separable
52108,52114,separable
52108,52115,separable
52108,52116,separable
52108,52117,separable
52108,52118,separable
52108,52119,separable
52108,52120,separable
52108,52121,separable
52108,52122,separable
52108,52123,separable
52108,52124,separable
52108,52125,separable
52108,52126,separable
52108,52127,separable
52108,52128,separable
52108,52129,separable
52108,52130,separable
52108,52131,separable
52108,52132,separable
52108,52133,separable
52108,52134,separable
52108,52135,separable
52108,52136,separable
52108,52137,separable
52354,52355,inseparable
52354,52356,inseparable
52354,52357,inseparable
52409,52408,separable
52409,52410,separable
52409,52411,separable
52409,52412,separable
52409,52413,separable
52409,52414,separable
52409,52415,separable
52409,52416,separable
52409,52417,separable
52409,52418,separable
52574,52575,inseparable
52632,52633,inseparable
52632,52634,inseparable
52632,52635,inseparable
52632,52636,inseparable
52632,52637,inseparable
52632,52638,inseparable
52632,52639,inseparable
52632,52640,inseparable
52632,52641,inseparable
52632,52642,inseparable
52632,52643,inseparable
52632,52644,inseparable
52632,52645,inseparable
52632,52646,inseparable
52632,52647,inseparable
52632,52648,inseparable
52632,52649,inseparable
52632,52650,inseparable
52632,52651,inseparable
52632,52652,inseparable
52632,52653,inseparable
52632,52654,inseparable
52632,52655,inseparable
52632,52656,inseparable
52632,52657,inseparable
52632,52658,inseparable
52632,52659,inseparable
52632,52660,inseparable
52632,52661,inseparable
52632,52662,inseparable
52632,52663,inseparable
52632,52664,inseparable
52632,52665,inseparable
52632,52666,inseparable
52632,52667,inseparable
52632,52668,inseparable
52632,52669,inseparable
52632,52670,inseparable
52632,52671,inseparable
52632,52672,inseparable
52632,52673,inseparable
52632,52674,inseparable
52632,52675,inseparable
52632,52676,inseparable
52632,52677,inseparable
52632,52678,inseparable
52632,52679,inseparable
52632,52680,inseparable
52632,52681,inseparable
52632,52682,inseparable
52632,52683,inseparable
52632,52684,inseparable
52632,52685,inseparable
52632,52686,inseparable
52632,52687,inseparable
52632,52688,inseparable
52632,52689,inseparable
52632,52690,inseparable
52632,52691,inseparable
52632,52692,inseparable
52632,52693,inseparable
52632,52694,inseparable
52632,52695,inseparable
52632,52696,inseparable
52632,52697,inseparable
52632,52698,inseparable
52632,52699,inseparable
52632,52700,inseparable
52632,52701,inseparable
52632,52702,inseparable
52632,52703,inseparable
52632,52704,inseparable
52632,52705,inseparable
52632,52706,inseparable
52632,52707,inseparable
52632,52708,inseparable
52632,52709,inseparable
52632,52710,inseparable
52632,52711,inseparable
52632,52712,inseparable
52632,52713,inseparable
52632,52714,inseparable
52632,52715,inseparable
52632,52716,inseparable
52632,52717,inseparable
52632,52718,inseparable
52632,52719,inseparable
52632,52720,inseparable
52632,52721,inseparable
52632,52722,inseparable
52632,52723,inseparable
52632,52724,inseparable
52632,52725,inseparable
52632,52726,inseparable
52632,52727,inseparable
52632,52728,inseparable
52632,52729,inseparable
52632,52730,inseparable
52632,52731,inseparable
52632,52732,inseparable
52632,52733,inseparable
52632,52734,inseparable
52632,52735,inseparable
52632,52736,inseparable
52632,52737,inseparable
52632,52738,inseparable
52632,52739,inseparable
52632,52740,inseparable
52632,52741,inseparable
52632,52742,inseparable
52632,52743,inseparable
52632,52744,inseparable
52632,52745,inseparable
52632,52746,inseparable
52632,52747,inseparable
52632,52748,inseparable
52632,52749,inseparable
52632,52750,inseparable
52632,52751,inseparable
52632,52752,inseparable
52632,52753,inseparable
52632,52754,inseparable
52632,52755,inseparable
52632,52756,inseparable
52632,52757,inseparable
52632,52758,inseparable
52632,52759,inseparable
52632,52760,inseparable
52632,52761,inseparable
52632,52762,inseparable
52632,52763,inseparable
52632,52764,inseparable
52632,52765,inseparable
52632,52766,inseparable
52632,52767,inseparable
52632,52768,inseparable
52632,52769,inseparable
52632,52770,inseparable
52632,52771,inseparable
52632,52772,inseparable
52632,52773,inseparable
52632,52774,inseparable
52632,52775,inseparable
52632,52776,inseparable
52632,52777,inseparable
52632,52778,inseparable
52632,52779,inseparable
52632,52780,inseparable
52632,52781,inseparable
52632,52782,inseparable
52632,52783,inseparable
52632,52784,inseparable
52632,52785,inseparable
52632,52786,inseparable
52632,52787,inseparable
52632,52788,inseparable
52632,52789,inseparable
52632,52790,inseparable
52632,52791,inseparable
52632,52792,inseparable
52632,52793,inseparable
52632,52794,inseparable
52632,52795,inseparable
52632,52796,inseparable
52632,52797,inseparable
52632,52798,inseparable
52632,52799,inseparable
52632,52800,inseparable
52632,52801,inseparable
52632,52802,inseparable
52632,52803,inseparable
52632,52804,inseparable
52632,52805,inseparable
52632,52806,inseparable
52632,52807,inseparable
52632,52808,inseparable
52632,52809,inseparable
52632,52810,inseparable
52632,52811,inseparable
52632,52812,inseparable
52632,52813,inseparable
52632,52814,inseparable
52632,52815,inseparable
52632,52816,inseparable
52632,52817,inseparable
52632,52818,inseparable
52632,52819,inseparable
52632,52820,inseparable
52632,52821,inseparable
52632,52822,inseparable
52632,52823,inseparable
52632,52824,inseparable
52632,52825,inseparable
52632,52826,inseparable
52632,52827,inseparable
52632,52828,inseparable
52632,52829,inseparable
52632,52830,inseparable
52632,52831,inseparable
52632,52832,inseparable
52632,52833,inseparable
52632,52834,inseparable
52632,52835,inseparable
52632,52836,inseparable
52632,52837,inseparable
52632,52838,inseparable
52632,52839,inseparable
52632,52840,inseparable
52632,52841,inseparable
52632,52842,inseparable
52632,52843,inseparable
52632,52844,inseparable
52632,52845,inseparable
52632,52846,inseparable
52632,52847,inseparable
52632,52848,inseparable
52632,52849,inseparable
52632,52850,inseparable
52632,52851,inseparable
52632,52852,inseparable
52632,52853,inseparable
52632,52854,inseparable
52632,52855,inseparable
52632,52856,inseparable
52632,52857,inseparable
52632,52858,inseparable
52632,52859,inseparable
52632,52860,inseparable
52632,52861,inseparable
52632,52862,inseparable
52632,52863,inseparable
52632,52864,inseparable
52867,52866,separable
52867,52868,separable
52867,52869,separable
52867,52870,separable
52867,52871,separable
52867,52872,separable
52867,52873,separable
52867,52874,separable
52894,52895,inseparable
52936,52935,separable
52936,52937,separable
52936,52938,separable
52936,52939,separable
52936,52940,separable
52936,52941,separable
52936,52942,separable
52936,52943,separable
52936,52944,separable
52936,52945,separable
53111,53112,inseparable
53152,158367,separable
53154,158368,separable
53157,152824,inseparable
53158,53159,inseparable
53395,53396,inseparable
53412,53411,separable
53412,53413,separable
53412,53414,separable
53412,53415,separable
53412,53416,separable
53412,53417,separable
53412,53418,separable
53412,53419,separable
53412,53420,separable
53412,53421,separable
53591,53592,inseparable
53993,53994,inseparable
53997,53998,inseparable
54058,165002,inseparable
54058,165072,inseparable
54058,165073,inseparable
54058,165074,inseparable
54058,165075,inseparable
54058,165076,inseparable
54058,165077,inseparable
54058,165078,inseparable
54058,165079,inseparable
54058,165080,inseparable
54058,165081,inseparable
54058,165082,inseparable
54058,165083,inseparable
54058,165084,inseparable
54058,165085,inseparable
54058,165086,inseparable
54058,165087,inseparable
54058,165088,inseparable
54058,165089,inseparable
54058,165090,inseparable
54058,165091,inseparable
54058,165092,inseparable
54058,165093,inseparable
54058,165094,inseparable
54058,165095,inseparable
54058,165096,inseparable
54058,165097,inseparable
54058,165098,inseparable
54058,165099,inseparable
54058,165100,inseparable
54058,165101,inseparable
54058,165102,inseparable
54058,165103,inseparable
54058,165104,inseparable
54058,165105,inseparable
54058,165106,inseparable
54058,165107,inseparable
54058,165108,inseparable
54058,165109,inseparable
54058,165110,inseparable
54058,165111,inseparable
54058,165112,inseparable
54058,165113,inseparable
54058,165114,inseparable
54058,165115,inseparable
54058,165116,inseparable
54058,165117,inseparable
54058,165118,inseparable
54058,165119,inseparable
54058,165120,inseparable
54058,165121,inseparable
54058,165122,inseparable
54058,165123,inseparable
54058,165124,inseparable
54058,165125,inseparable
54058,165126,inseparable
54058,165127,inseparable
54058,165128,inseparable
54058,165129,inseparable
54058,165130,inseparable
54058,165131,inseparable
54058,165132,inseparable
54058,165133,inseparable
54058,165134,inseparable
54058,165135,inseparable
54058,165136,inseparable
54058,165137,inseparable
54058,165138,inseparable
54058,165139,inseparable
54058,165140,inseparable
54058,165141,inseparable
54058,165142,inseparable
54058,165143,inseparable
54058,165144,inseparable
54058,165145,inseparable
54058,165146,inseparable
54058,165147,inseparable
54058,165148,inseparable
54058,165149,inseparable
54058,165150,inseparable
54058,165151,inseparable
54058,165152,inseparable
54058,165153,inseparable
54058,165154,inseparable
54058,165155,inseparable
54058,165156,inseparable
54058,165157,inseparable
54058,165158,inseparable
54058,165159,inseparable
54058,165160,inseparable
54058,165161,inseparable
54058,165162,inseparable
54058,165163,inseparable
54058,165164,inseparable
54058,165165,inseparable
54058,165166,inseparable
54058,165167,inseparable
54058,165168,inseparable
54058,165169,inseparable
54058,165170,inseparable
54058,165171,inseparable
54058,165172,inseparable
54058,165173,inseparable
54058,165174,inseparable
54058,165175,inseparable
54058,165176,inseparable
54058,165177,inseparable
54058,165178,inseparable
54058,165179,inseparable
54058,165180,inseparable
54058,165181,inseparable
54058,165182,inseparable
54058,165183,inseparable
54058,165184,inseparable
54058,165185,inseparable
54058,165186,inseparable
54058,165187,inseparable
54058,165188,inseparable
54058,165189,inseparable
54058,165190,inseparable
54058,165191,inseparable
54058,165192,inseparable
54058,165193,inseparable
54058,165194,inseparable
54058,165195,inseparable
54058,165196,inseparable
54058,165197,inseparable
54058,165198,inseparable
54058,165199,inseparable
54058,165200,inseparable
54058,165201,inseparable
54058,165202,inseparable
54058,165203,inseparable
54058,165204,inseparable
54058,165205,inseparable
54058,165206,inseparable
54058,165207,inseparable
54058,165208,inseparable
54058,165209,inseparable
54058,165210,inseparable
54058,165211,inseparable
54058,165212,inseparable
54058,165213,inseparable
54058,165214,inseparable
54058,165215,inseparable
54058,165216,inseparable
54058,165217,inseparable
54058,165218,inseparable
54058,165219,inseparable
54058,165220,inseparable
54156,219168,inseparable
54156,219169,inseparable
54156,219170,inseparable
54156,219171,inseparable
54156,219172,inseparable
54156,219173,inseparable
54156,219174,inseparable
54156,219175,inseparable
54156,219176,inseparable
54156,219177,inseparable
54156,219178,inseparable
54156,219179,inseparable
54156,219180,inseparable
54156,219181,inseparable
54156,219182,inseparable
54156,219183,inseparable
54156,219184,inseparable
54156,219185,inseparable
54156,219186,inseparable
54156,219187,inseparable
54156,219188,inseparable
54156,219189,inseparable
54156,219190,inseparable
54156,219191,inseparable
54156,219192,inseparable
54156,219193,inseparable
54156,219194,inseparable
54156,219195,inseparable
54156,219196,inseparable
54156,219197,inseparable
54156,219198,inseparable
54156,219199,inseparable
54156,219200,inseparable
54156,219201,inseparable
54156,219202,inseparable
54156,219203,inseparable
54156,219204,inseparable
54156,219205,inseparable
54156,219206,inseparable
54156,219207,inseparable
54156,219208,inseparable
54156,219209,inseparable
54156,219210,inseparable
54156,219211,inseparable
54156,219212,inseparable
54156,219213,inseparable
54156,219214,inseparable
54156,219215,inseparable
54157,219216,inseparable
54157,219217,inseparable
54157,219218,inseparable
54157,219219,inseparable
54157,219220,inseparable
54157,219221,inseparable
54157,219222,inseparable
54157,219223,inseparable
54157,219224,inseparable
54157,219225,inseparable
54157,219226,inseparable
54157,219227,inseparable
54157,219228,inseparable
54157,219229,inseparable
54157,219230,inseparable
54157,219231,inseparable
54157,219232,inseparable
54157,219233,inseparable
54157,219234,inseparable
54157,219235,inseparable
54157,219236,inseparable
54157,219237,inseparable
54157,219238,inseparable
54157,219239,inseparable
54157,219240,inseparable
54157,219241,inseparable
54157,219242,inseparable
54157,219243,inseparable
54157,219244,inseparable
54157,219245,inseparable
54157,219246,inseparable
54157,219247,inseparable
54157,219248,inseparable
54157,219249,inseparable
54157,219250,inseparable
54157,219251,inseparable
54157,219252,inseparable
54157,219253,inseparable
54157,219254,inseparable
54157,219255,inseparable
54157,219256,inseparable
54157,219257,inseparable
54157,219258,inseparable
54157,219259,inseparable
54157,219260,inseparable
54157,219261,inseparable
54157,219262,inseparable
54157,219263,inseparable
54157,219264,inseparable
54157,219265,inseparable
54157,219266,inseparable
54157,219267,inseparable
54157,219268,inseparable
54157,219269,inseparable
54157,219270,inseparable
54157,219271,inseparable
54157,219272,inseparable
54157,219273,inseparable
54168,54167,separable
54168,54169,separable
54168,54170,separable
54168,54171,separable
54168,54172,separable
54168,54173,separable
54168,54174,separable
54168,54175,separable
54168,54176,separable
54168,54177,separable
54168,54178,separable
54168,54179,separable
54185,54186,inseparable
54192,54193,inseparable
54194,54195,inseparable
54376,54375,separable
54376,54377,separable
54376,54378,separable
54376,54379,separable
54376,54380,separable
54376,54381,separable
54404,54405,inseparable
54404,54406,inseparable
54404,54407,inseparable
54404,54408,inseparable
54404,54409,inseparable
54404,54410,inseparable
54404,54411,inseparable
54404,54412,inseparable
54404,54413,inseparable
54404,54414,inseparable
54404,54415,inseparable
54404,54416,inseparable
54404,54417,inseparable
54404,54418,inseparable
54404,54419,inseparable
54404,54420,inseparable
54404,54421,inseparable
54404,54422,inseparable
54404,54423,inseparable
54404,54424,inseparable
54404,54425,inseparable
54404,54426,inseparable
54404,54427,inseparable
54404,54428,inseparable
54404,54429,inseparable
54404,54430,inseparable
54404,54431,inseparable
54404,54432,inseparable
54404,54433,inseparable
54404,54434,inseparable
54572,54571,separable
54572,54573,separable
54572,54574,separable
54572,54575,separable
54572,54576,separable
54572,54577,separable
54572,54578,separable
54572,54579,separable
54572,54580,separable
54572,54581,separable
54572,54582,separable
54572,54583,separable
54572,54584,separable
54572,54585,separable
54572,54586,separable
54572,54587,separable
54572,54588,separable
54572,54589,separable
54572,54590,separable
54572,54591,separable
54572,54592,separable
54572,54593,separable
54572,54594,separable
54572,54595,separable
54572,54596,separable
54572,54597,separable
54572,54598,separable
54572,54599,separable
54572,54600,separable
54572,54601,separable
54572,54602,separable
54572,54603,separable
54572,54604,separable
54572,54605,separable
54572,54606,separable
54572,54607,separable
54572,54608,separable
54572,54609,separable
54572,54610,separable
54572,54611,separable
54572,54612,separable
54572,54613,separable
54572,54614,separable
54572,54615,separable
54572,54616,separable
54572,54617,separable
54572,54618,separable
54572,54619,separable
54572,54620,separable
54572,54621,separable
54572,54622,separable
54572,54623,separable
54572,54624,separable
54572,54625,separable
54572,54626,separable
54572,54627,separable
54572,54628,separable
54572,54629,separable
54572,54630,separable
54572,54631,separable
54572,54632,separable
54572,54633,separable
54572,54634,separable
54572,54635,separable
54572,54636,separable
54572,54637,separable
54572,54638,separable
54572,54639,separable
54572,54640,separable
54572,54641,separable
54572,54642,separable
54572,54643,separable
54572,54644,separable
54572,54645,separable
54572,54646,separable
54572,54647,separable
54572,54648,separable
54572,54649,separable
54572,54650,separable
54572,54651,separable
54572,54652,separable
54572,54653,separable
54572,54654,separable
54572,54655,separable
54572,54656,separable
54572,54657,separable
54572,54658,separable
54572,54659,separable
54572,54660,separable
54572,54661,separable
54572,54662,separable
54572,54663,separable
54572,54664,separable
54572,54665,separable
54572,54666,separable
54572,54667,separable
54572,54668,separable
54572,54669,separable
54572,54670,separable
54572,54671,separable
54572,54672,separable
54572,54673,separable
54572,54674,separable
54572,54675,separable
54572,54676,separable
54572,54677,separable
54572,54678,separable
54572,54679,separable
54572,54680,separable
54572,54681,separable
54572,54682,separable
54572,54683,separable
54572,54684,separable
54572,54685,separable
54572,54686,separable
54572,54687,separable
54572,54688,separable
54572,54689,separable
54572,54690,separable
54572,54691,separable
54572,54692,separable
54572,54693,separable
54572,54694,separable
54572,54695,separable
54764,54765,inseparable
54957,54956,separable
54957,54958,separable
54957,54959,separable
54957,54960,separable
54957,54961,separable
54957,54962,separable
54957,54963,separable
54957,54964,separable
54957,54965,separable
54957,54966,separable
54957,54967,separable
54957,54968,separable
54957,54969,separable
54957,54970,separable
54957,54971,separable
54957,54972,separable
54957,54973,separable
54957,54974,separable
54988,54989,inseparable
55162,55163,inseparable
55288,55289,inseparable
55407,55406,separable
55407,55408,separable
55407,55409,separable
55407,55410,separable
55407,55411,separable
55407,55412,separable
55407,55413,separable
55407,55414,separable
55407,55415,separable
55407,55416,separable
55417,55418,inseparable
55417,55419,inseparable
55549,55548,separable
55549,55550,separable
55549,55551,separable
55549,55552,separable
55549,55553,separable
55549,55554,separable
55549,55555,separable
55549,55556,separable
55549,55557,separable
55549,55558,separable
55549,55559,separable
55549,55560,separable
55549,55561,separable
55549,55562,separable
55549,55563,separable
55571,55572,inseparable
55608,55607,separable
55608,55609,separable
55608,55610,separable
55608,55611,separable
55608,55612,separable
55608,55613,separable
55608,55614,separable
55608,55615,separable
55608,55616,separable
55608,55617,separable
55655,55656,inseparable
55738,55739,inseparable
55769,55770,inseparable
55797,55798,separable
55855,55854,separable
55855,55856,separable
55855,55857,separable
55855,55858,separable
55855,55859,separable
55855,55860,separable
55855,55861,separable
55855,55862,separable
55855,55863,separable
55855,55864,separable
55855,55865,separable
55855,55866,separable
55855,55867,separable
55855,55868,separable
55855,55869,separable
55855,55870,separable
55872,55871,separable
55872,55873,separable
55872,55874,separable
55872,55875,separable
55872,55876,separable
55877,152810,separable
55877,152811,separable
55877,152812,separable
55877,152813,separable
55877,152814,separable
55877,152815,separable
55877,152816,separable
55877,152817,separable
55877,152818,separable
55877,152819,separable
55877,152820,separable
55877,152821,separable
55877,152822,separable
55879,55878,separable
55879,55880,separable
55879,55881,separable
55879,55882,separable
55879,55883,separable
55879,55884,separable
55879,55885,separable
55879,55886,separable
55879,55887,separable
55879,55888,separable
55879,55889,separable
55892,55891,separable
55892,55893,separable
55892,55894,separable
55892,55895,separable
55892,55896,separable
55892,55897,separable
55892,55898,separable
55892,55899,separable
55892,55900,separable
55892,55901,separable
55987,55986,separable
55987,55988,separable
55987,55989,separable
55987,55990,separable
55987,55991,separable
55987,55992,separable
55987,55993,separable
55987,55994,separable
55987,55995,separable
55987,55996,separable
55987,55997,separable
55987,55998,separable
55987,55999,separable
56118,56117,separable
56118,56119,separable
56118,56120,separable
56118,56121,separable
56118,56122,separable
56118,56123,separable
56118,56124,separable
56118,56125,separable
56118,56126,separable
56118,56127,separable
56118,56128,separable
56118,56129,separable
56118,56130,separable
56118,56131,separable
56118,56132,separable
56118,56133,separable
56118,56134,separable
56118,56135,separable
56118,56136,separable
56118,56137,separable
56118,56138,separable
56118,56139,separable
56118,56140,separable
56118,56141,separable
56118,56142,separable
56118,56143,separable
56118,56144,separable
56118,56145,separable
56118,56146,separable
56118,56147,separable
56146,212563,inseparable
56159,56158,separable
56159,56160,separable
56159,56161,separable
56159,56162,separable
56159,56163,separable
56159,56164,separable
56211,56212,inseparable
56211,56213,inseparable
56211,56214,inseparable
56211,56215,inseparable
56211,56216,inseparable
56211,56217,inseparable
56211,56218,inseparable
56211,56219,inseparable
56211,56220,inseparable
56211,56221,inseparable
56211,56222,inseparable
56224,56225,inseparable
56283,56284,inseparable
56285,56286,inseparable
56354,56355,inseparable
56379,56380,inseparable
56397,160923,inseparable
56397,160924,inseparable
56397,160925,inseparable
56397,160926,inseparable
56397,160927,inseparable
56397,160928,inseparable
56397,160929,inseparable
56397,160930,inseparable
56397,160931,inseparable
56397,160932,inseparable
56397,160933,inseparable
56397,160934,inseparable
56397,160935,inseparable
56397,160936,inseparable
56397,160937,inseparable
56397,160938,inseparable
56397,160939,inseparable
56397,160940,inseparable
56397,160941,inseparable
56397,160942,inseparable
56397,160943,inseparable
56397,160944,inseparable
56397,160945,inseparable
56397,160946,inseparable
56397,160947,inseparable
56397,160948,inseparable
56397,160949,inseparable
56397,160950,inseparable
56397,160951,inseparable
56397,160952,inseparable
56397,160953,inseparable
56397,160954,inseparable
56397,160955,inseparable
56397,160956,inseparable
56397,160957,inseparable
56397,160958,inseparable
56397,160959,inseparable
56439,56440,inseparable
56442,56441,separable
56442,56443,separable
56442,56444,separable
56442,56445,separable
56442,56446,separable
56442,56447,separable
56442,56448,separable
56442,56449,separable
56442,56450,separable
56442,56451,separable
56442,56452,separable
56442,56453,separable
56442,56454,separable
56442,56455,separable
56442,56456,separable
56442,56457,separable
56442,56458,separable
56442,56459,separable
56442,56460,separable
56442,56461,separable
56442,56462,separable
56442,56463,separable
56442,56464,separable
56442,56465,separable
56482,56481,separable
56482,56483,separable
56482,56484,separable
56482,56485,separable
56482,56486,separable
56482,56487,separable
56482,56488,separable
56482,56489,separable
56482,56490,separable
56482,56491,separable
56482,56492,separable
56482,56493,separable
56495,56494,separable
56495,56496,separable
56495,56497,separable
56495,56498,separable
56495,56499,separable
56495,56500,separable
56495,56501,separable
56495,56502,separable
56495,56503,separable
56495,56504,separable
56495,56505,separable
56495,56506,separable
56551,56552,inseparable
56580,56581,inseparable
56583,56584,inseparable
56585,56586,inseparable
56587,56588,inseparable
56594,56595,inseparable
56709,56708,separable
56709,56710,separable
56709,56711,separable
56709,56712,separable
56709,56713,separable
56709,56714,separable
56754,56753,separable
56754,56755,separable
56754,56756,separable
56754,56757,separable
56754,56758,separable
56754,56759,separable
56754,56760,separable
56754,56761,separable
56754,56762,separable
56754,56763,separable
56754,56764,separable
56754,56765,separable
56754,56766,separable
56754,56767,separable
56754,56768,separable
56754,56769,separable
56754,56770,separable
56754,56771,separable
56754,56772,separable
56754,56773,separable
56754,56774,separable
56754,56775,separable
56754,56776,separable
56754,56777,separable
56754,56778,separable
56754,56779,separable
56754,56780,separable
56754,56781,separable
56754,56782,separable
56754,56783,separable
56754,56784,separable
56754,56785,separable
56754,56786,separable
56754,56787,separable
56754,56788,separable
56754,56789,separable
56878,56879,inseparable
56878,56880,inseparable
56878,56881,inseparable
56878,56882,inseparable
56878,56883,inseparable
56878,56884,inseparable
56878,56885,inseparable
56878,56886,inseparable
56878,56887,inseparable
56878,56888,inseparable
56919,56920,separable
56922,56921,separable
56922,56923,separable
56922,56924,separable
56922,56925,separable
56922,56926,separable
56922,56927,separable
56922,56928,separable
56922,56929,separable
56922,56930,separable
56922,56931,separable
56957,56958,inseparable
56960,56961,inseparable
57049,57050,inseparable
57126,57127,inseparable
57428,57429,separable
57428,57430,separable
57458,57459,inseparable
57466,57467,inseparable
57518,57517,separable
57518,57519,separable
57518,57520,separable
57518,57521,separable
57518,57522,separable
57518,57523,separable
57518,57524,separable
57518,57525,separable
57518,57526,separable
57518,57527,separable
57518,57528,separable
57518,57529,separable
57518,57530,separable
57518,57531,separable
57518,57532,separable
57518,57533,separable
57518,57534,separable
57518,57535,separable
57518,57536,separable
57518,57537,separable
57563,57564,inseparable
57577,57578,inseparable
57577,57579,inseparable
57577,57580,inseparable
57577,57581,inseparable
57577,57582,inseparable
57577,57583,inseparable
57577,57584,inseparable
57577,57585,inseparable
57577,57586,inseparable
57577,57587,inseparable
57577,57588,inseparable
57577,57589,inseparable
57577,57590,inseparable
57577,57591,inseparable
57577,57592,inseparable
57577,57593,inseparable
57577,57594,inseparable
57577,57595,inseparable
57577,57596,inseparable
57577,57597,inseparable
57577,57598,inseparable
57577,57599,inseparable
57577,57600,inseparable
57577,57601,inseparable
57613,57614,inseparable
57634,57635,inseparable
57830,57831,inseparable
57838,57837,separable
57838,57839,separable
57838,57840,separable
57838,57841,separable
57838,57842,separable
57838,57843,separable
57838,57844,separable
57838,57845,separable
57838,57846,separable
57838,57847,separable
57838,57848,separable
57838,57849,separable
57838,57850,separable
57838,57851,separable
57880,57881,inseparable
57892,57891,separable
57892,57893,separable
57892,57894,separable
57892,57895,separable
57892,57896,separable
57892,57897,separable
57892,57898,separable
57892,57899,separable
57959,57960,inseparable
58003,58002,separable
58003,58004,separable
58003,58005,separable
58003,58006,separable
58003,58007,separable
58003,58008,separable
58003,58009,separable
58003,58010,separable
58003,58011,separable
58003,58012,separable
58003,58013,separable
58003,58014,separable
58003,58015,separable
58003,58016,separable
58003,58017,separable
58003,58018,separable
58003,58019,separable
58003,58020,separable
58003,58021,separable
58003,58022,separable
58003,58023,separable
58003,58024,separable
58003,58025,separable
58003,58026,separable
58003,58027,separable
58003,58028,separable
58003,58029,separable
58003,58030,separable
58003,58031,separable
58003,58032,separable
58055,58054,separable
58055,58056,separable
58055,58057,separable
58055,58058,separable
58055,58059,separable
58055,58060,separable
58055,58061,separable
58055,58062,separable
58055,58063,separable
58055,58064,separable
58055,58065,separable
58055,58066,separable
58055,58067,separable
58055,58068,separable
58055,58069,separable
58055,58070,separable
58088,58087,separable
58088,58089,separable
58088,58090,separable
58088,58091,separable
58088,58092,separable
58088,58093,separable
58088,58094,separable
58088,58095,separable
58088,58096,separable
58088,58097,separable
58112,58113,inseparable
58112,58114,inseparable
58112,58115,inseparable
58112,58116,inseparable
58112,58117,inseparable
58112,58118,inseparable
58112,58119,inseparable
58112,58120,inseparable
58112,58121,inseparable
58112,58122,inseparable
58112,58123,inseparable
58112,58124,inseparable
58112,58125,inseparable
58112,58126,inseparable
58112,58127,inseparable
58112,58128,inseparable
58112,58129,inseparable
58112,58130,inseparable
58112,58131,inseparable
58112,58132,inseparable
58112,58133,inseparable
58112,58134,inseparable
58112,58135,inseparable
58112,58136,inseparable
58112,58137,inseparable
58112,58138,inseparable
58112,58139,inseparable
58112,58140,inseparable
58112,58141,inseparable
58112,58142,inseparable
58112,58143,inseparable
58112,58144,inseparable
58112,58145,inseparable
58112,58146,inseparable
58112,58147,inseparable
58112,58148,inseparable
58112,58149,inseparable
58112,58150,inseparable
58112,58151,inseparable
58112,58152,inseparable
58112,58153,inseparable
58112,58154,inseparable
58112,58155,inseparable
58112,58156,inseparable
58112,58157,inseparable
58112,58158,inseparable
58112,58159,inseparable
58112,58160,inseparable
58164,58163,separable
58164,58165,separable
58164,58166,separable
58164,58167,separable
58164,58168,separable
58164,58169,separable
58164,58170,separable
58164,58171,separable
58164,58172,separable
58174,58173,separable
58174,58175,separable
58174,58176,separable
58174,58177,separable
58174,58178,separable
58174,58179,separable
58174,58180,separable
58174,58181,separable
58174,58182,separable
58174,58183,separable
58185,58186,inseparable
58192,58193,inseparable
58277,58276,separable
58277,58278,separable
58277,58279,separable
58277,58280,separable
58277,58281,separable
58277,58282,separable
58277,58283,separable
58277,58284,separable
58277,58285,separable
58277,58286,separable
58288,58287,separable
58288,58289,separable
58288,58290,separable
58288,58291,separable
58288,58292,separable
58288,58293,separable
58288,58294,separable
58288,58295,separable
58288,58296,separable
58288,58297,separable
58454,58453,separable
58454,58455,separable
58454,58456,separable
58454,58457,separable
58454,58458,separable
58454,58459,separable
58454,58460,separable
58463,58462,separable
58463,58464,separable
58463,58465,separable
58463,58466,separable
58463,58467,separable
58463,58468,separable
58463,58469,separable
58463,58470,separable
58463,58471,separable
58463,58472,separable
58463,58473,separable
58463,58474,separable
58463,58475,separable
58715,58716,inseparable
58819,58818,separable
58819,58820,separable
58819,58821,separable
58819,58822,separable
58819,58823,separable
58819,58824,separable
58819,58825,separable
58819,58826,separable
58925,58924,separable
58925,58926,separable
58925,58927,separable
58925,58928,separable
58925,58929,separable
58925,58930,separable
58925,58931,separable
58925,58932,separable
58925,58933,separable
58925,58934,separable
58951,58952,inseparable
58951,58953,inseparable
58951,58954,inseparable
58951,58955,inseparable
58951,58956,inseparable
58951,58957,inseparable
58951,58958,inseparable
58951,58959,inseparable
58951,58960,inseparable
58951,58961,inseparable
58951,58962,inseparable
58951,58963,inseparable
58951,58964,inseparable
58951,58965,inseparable
58951,58966,inseparable
58951,58967,inseparable
58951,58968,inseparable
58951,58969,inseparable
58951,58970,inseparable
58951,58971,inseparable
58951,58972,inseparable
58951,58973,inseparable
59014,59013,separable
59014,59015,separable
59014,59016,separable
59014,59017,separable
59014,59018,separable
59014,59019,separable
59014,59020,separable
59014,59021,separable
59014,59022,separable
59014,59023,separable
59014,59024,separable
59014,59025,separable
59014,59026,separable
59014,59027,separable
59014,59028,separable
59014,59029,separable
59014,59030,separable
59014,59031,separable
59014,59032,separable
59014,59033,separable
59034,59035,inseparable
59073,59072,separable
59073,59074,separable
59073,59075,separable
59073,59076,separable
59073,59077,separable
59073,59078,separable
59073,59079,separable
59073,59080,separable
59073,59081,separable
59073,59082,separable
59073,59083,separable
59073,59084,separable
59073,59085,separable
59073,59086,separable
59073,59087,separable
59073,59088,separable
59073,59089,separable
59073,59090,separable
59073,59091,separable
59073,59092,separable
59073,59093,separable
59073,59094,separable
59073,59095,separable
59073,59096,separable
59073,59097,separable
59132,59131,separable
59132,59133,separable
59132,59134,separable
59132,59135,separable
59132,59136,separable
59132,59137,separable
59176,59175,separable
59176,59177,separable
59176,59178,separable
59176,59179,separable
59176,59180,separable
59176,59181,separable
59176,59182,separable
59176,59183,separable
59176,59184,separable
59176,59185,separable
59176,59186,separable
59176,59187,separable
59176,59188,separable
59176,59189,separable
59176,59190,separable
59176,59191,separable
59176,59192,separable
59176,59193,separable
59176,59194,separable
59176,59195,separable
59176,59196,separable
59176,59197,separable
59176,59198,separable
59176,59199,separable
59176,59200,separable
59176,59201,separable
59176,59202,separable
59176,59203,separable
59176,59204,separable
59176,59205,separable
59176,59206,separable
59176,59207,separable
59218,59217,separable
59218,59219,separable
59218,59220,separable
59218,59221,separable
59218,59222,separable
59218,59223,separable
59218,59224,separable
59218,59225,separable
59218,59226,separable
59218,59227,separable
59218,59228,separable
59230,59229,separable
59230,59231,separable
59230,59232,separable
59230,59233,separable
59230,59234,separable
59249,59248,separable
59249,59250,separable
59249,59251,separable
59249,59252,separable
59249,59253,separable
59249,59254,separable
59249,59255,separable
59249,59256,separable
59312,59313,inseparable
59315,59316,inseparable
59391,59392,inseparable
59478,59479,inseparable
59535,59534,separable
59535,59536,separable
59535,59537,separable
59535,59538,separable
59535,59539,separable
59535,59540,separable
59535,59541,separable
59535,59542,separable
59555,59554,separable
59555,59556,separable
59555,59557,separable
59555,59558,separable
59555,59559,separable
59555,59560,separable
59555,59561,separable
59555,59562,separable
59555,59563,separable
59555,59564,separable
59555,59565,separable
59555,59566,separable
59555,59567,separable
59572,59571,separable
59572,59573,separable
59572,59574,separable
59572,59575,separable
59572,59576,separable
59572,59577,separable
59572,59578,separable
59572,59579,separable
59572,59580,separable
59572,59581,separable
59572,59582,separable
59572,59583,separable
59572,59584,separable
59572,59585,separable
59572,59586,separable
59572,59587,separable
59572,59588,separable
59572,59589,separable
59572,59590,separable
59572,59591,separable
59572,59592,separable
59572,59593,separable
59572,59594,separable
59572,59595,separable
59572,59596,separable
59572,59597,separable
59572,59598,separable
59572,59599,separable
59572,59600,separable
59572,59601,separable
59572,59602,separable
59572,59603,separable
59572,59604,separable
59572,59605,separable
59572,59606,separable
59608,59609,inseparable
59608,59610,inseparable
59608,59611,inseparable
59608,59612,inseparable
59608,59613,inseparable
59608,59614,inseparable
59608,59615,inseparable
59608,59616,inseparable
59608,59617,inseparable
59608,59618,inseparable
59608,59619,inseparable
59608,59620,inseparable
59608,59621,inseparable
59608,59622,inseparable
59608,59623,inseparable
59608,59624,inseparable
59608,59625,inseparable
59608,59626,inseparable
59608,59627,inseparable
59608,59628,inseparable
59608,59629,inseparable
59608,59630,inseparable
59608,59631,inseparable
59608,59632,inseparable
59608,59633,inseparable
59608,59634,inseparable
59608,59635,inseparable
59608,59636,inseparable
59608,59637,inseparable
59608,59638,inseparable
59608,59639,inseparable
59608,59640,inseparable
59608,59641,inseparable
59608,59642,inseparable
59608,59643,inseparable
59608,59644,inseparable
59608,59645,inseparable
59608,59646,inseparable
59608,59647,inseparable
59608,59648,inseparable
59653,59652,separable
59653,59654,separable
59653,59655,separable
59653,59656,separable
59653,59657,separable
59653,59658,separable
59720,59721,inseparable
59720,59722,inseparable
59720,59723,inseparable
59720,59724,inseparable
59720,59725,inseparable
59720,59726,inseparable
59720,59727,inseparable
59720,59728,inseparable
59720,59729,inseparable
59720,59730,inseparable
59720,59731,inseparable
59720,59732,inseparable
59720,59733,inseparable
59720,59734,inseparable
59720,59735,inseparable
59720,59736,inseparable
59720,59737,inseparable
59720,59738,inseparable
59720,59739,inseparable
59720,59740,inseparable
59720,59741,inseparable
59720,59742,inseparable
59720,59743,inseparable
59720,59744,inseparable
59720,59745,inseparable
59787,59788,inseparable
59789,59790,inseparable
59791,59792,inseparable
59793,59794,inseparable
59825,59824,separable
59825,59826,separable
59825,59827,separable
59825,59828,separable
59825,59829,separable
59825,59830,separable
59825,59831,separable
59825,59832,separable
59825,59833,separable
59825,59834,separable
59825,59835,separable
59825,59836,separable
59825,59837,separable
59825,59838,separable
59825,59839,separable
59825,59840,separable
59825,59841,separable
59825,59842,separable
59825,59843,separable
59825,59844,separable
59825,59845,separable
59825,59846,separable
59825,59847,separable
59825,59848,separable
59825,59849,separable
59825,59850,separable
59825,59851,separable
59825,59852,separable
59825,59853,separable
59825,59854,separable
59862,59861,separable
59862,59863,separable
59862,59864,separable
59862,59865,separable
59862,59866,separable
59862,59867,separable
59862,59868,separable
59862,59869,separable
59862,59870,separable
59862,59871,separable
59862,59872,separable
59862,59873,separable
59862,59874,separable
59926,59927,inseparable
60170,60171,inseparable
60512,120407,separable
60512,120408,separable
60512,120409,separable
60512,120410,separable
60512,120411,separable
60512,120412,separable
60512,120413,separable
60512,120414,separable
60512,120415,separable
60512,120416,separable
60512,120417,separable
60512,120418,separable
60512,120419,separable
60639,60638,separable
60639,60640,separable
60639,60641,separable
60639,60642,separable
60639,60643,separable
60639,60644,separable
60639,60645,separable
60639,60646,separable
60639,60647,separable
60639,60648,separable
60639,60649,separable
60639,60650,separable
60639,60651,separable
60639,60652,separable
60639,60653,separable
60639,60654,separable
60639,60655,separable
60639,60656,separable
60639,60657,separable
60639,60658,separable
60639,60659,separable
60694,60695,inseparable
60694,60696,inseparable
60694,60697,inseparable
60694,60698,inseparable
60694,60699,inseparable
60694,60700,inseparable
60694,60701,inseparable
60694,60702,inseparable
60694,60703,inseparable
60694,60704,inseparable
60694,60705,inseparable
60694,60706,inseparable
60694,60707,inseparable
60694,60708,inseparable
60694,60709,inseparable
60694,60710,inseparable
60694,60711,inseparable
60694,60712,inseparable
60694,60713,inseparable
60694,60714,inseparable
60694,60715,inseparable
60694,60716,inseparable
60694,60717,inseparable
60694,60718,inseparable
60694,60719,inseparable
60694,60720,inseparable
60694,60721,inseparable
60694,60722,inseparable
60694,60723,inseparable
60694,60724,inseparable
60694,60725,inseparable
60694,60726,inseparable
60694,60727,inseparable
60694,60728,inseparable
60694,60729,inseparable
60694,60730,inseparable
60694,60731,inseparable
60694,60732,inseparable
60694,60733,inseparable
60694,60734,inseparable
60694,60735,inseparable
60694,60736,inseparable
60694,60737,inseparable
60694,60738,inseparable
60694,60739,inseparable
60694,60740,inseparable
60694,60741,inseparable
60694,60742,inseparable
60694,60743,inseparable
60694,60744,inseparable
60694,60745,inseparable
60694,60746,inseparable
60694,60747,inseparable
60694,60748,inseparable
60694,60749,inseparable
60694,60750,inseparable
60694,60751,inseparable
60694,60752,inseparable
60694,60753,inseparable
60694,60754,inseparable
60694,60755,inseparable
60694,60756,inseparable
60694,60757,inseparable
60694,60758,inseparable
60694,60759,inseparable
60694,60760,inseparable
60694,60761,inseparable
60694,60762,inseparable
60763,60764,inseparable
60784,153335,inseparable
60788,60789,inseparable
60813,60814,inseparable
60835,60834,separable
60835,60836,separable
60835,60837,separable
60835,60838,separable
60835,60839,separable
60835,60840,separable
60835,60841,separable
60835,60842,separable
60835,60843,separable
60835,60844,separable
60835,60845,separable
60835,60846,separable
60835,60847,separable
60835,60848,separable
60835,60849,separable
60835,60850,separable
60835,60851,separable
60889,60890,separable
60910,164411,inseparable
60910,164412,inseparable
60910,164413,inseparable
60910,164414,inseparable
60910,164415,inseparable
60910,164416,inseparable
60910,164417,inseparable
60910,164418,inseparable
60910,164419,inseparable
60910,164420,inseparable
60910,164421,inseparable
60910,164422,inseparable
60910,164423,inseparable
60910,164424,inseparable
60910,164425,inseparable
60910,164426,inseparable
60910,164427,inseparable
60910,164428,inseparable
60910,164429,inseparable
60910,164430,inseparable
60910,164431,inseparable
60910,164432,inseparable
60910,164433,inseparable
60910,164434,inseparable
60910,164435,inseparable
60910,164436,inseparable
60910,164437,inseparable
60910,164438,inseparable
60910,164439,inseparable
60910,164440,inseparable
60910,164441,inseparable
60910,164442,inseparable
60910,164443,inseparable
60910,164444,inseparable
60910,164445,inseparable
60910,164446,inseparable
60910,164447,inseparable
60910,164448,inseparable
60910,164449,inseparable
60910,164450,inseparable
60910,164451,inseparable
60910,164452,inseparable
60910,164453,inseparable
60910,164454,inseparable
60910,164455,inseparable
60910,164456,inseparable
60910,164457,inseparable
60910,164458,inseparable
60910,164459,inseparable
60910,164460,inseparable
60910,164461,inseparable
60910,164462,inseparable
60910,164463,inseparable
60910,164464,inseparable
60910,164465,inseparable
60910,164466,inseparable
60910,164467,inseparable
60910,164468,inseparable
60910,164469,inseparable
60910,164470,inseparable
60910,164471,inseparable
60910,164472,inseparable
60910,164473,inseparable
60910,164474,inseparable
60910,164475,inseparable
60910,164476,inseparable
60910,164477,inseparable
60910,164478,inseparable
60910,164479,inseparable
60910,164480,inseparable
60910,164481,inseparable
60910,164482,inseparable
60910,164483,inseparable
60910,164484,inseparable
60910,164485,inseparable
60910,164486,inseparable
60910,164487,inseparable
60910,164488,inseparable
60910,164489,inseparable
60910,164490,inseparable
60910,164491,inseparable
60910,164492,inseparable
60910,164493,inseparable
60910,164494,inseparable
60910,164495,inseparable
60910,164496,inseparable
60910,164497,inseparable
60910,164498,inseparable
60910,164499,inseparable
60910,164500,inseparable
60910,164501,inseparable
60910,164502,inseparable
60910,164503,inseparable
60910,164504,inseparable
60910,164505,inseparable
60910,164506,inseparable
60910,164507,inseparable
60910,164508,inseparable
60910,164509,inseparable
60910,164510,inseparable
60910,164511,inseparable
60910,164512,inseparable
60910,164513,inseparable
60910,164514,inseparable
60910,164515,inseparable
60910,164516,inseparable
60910,164517,inseparable
60910,164518,inseparable
60910,164519,inseparable
60910,164520,inseparable
60910,164521,inseparable
60910,164522,inseparable
60910,164523,inseparable
60910,164524,inseparable
60910,164525,inseparable
60910,164526,inseparable
60910,164527,inseparable
60910,164528,inseparable
60910,164529,inseparable
60910,164530,inseparable
60910,164531,inseparable
60910,164532,inseparable
60910,164533,inseparable
60910,164534,inseparable
60910,164535,inseparable
60910,164536,inseparable
60910,164537,inseparable
60910,164538,inseparable
60910,164539,inseparable
60910,164540,inseparable
60910,164541,inseparable
60910,164542,inseparable
60910,164543,inseparable
60910,164544,inseparable
60910,164545,inseparable
60910,164546,inseparable
60910,164547,inseparable
60910,164548,inseparable
60910,164549,inseparable
60910,164550,inseparable
60910,164551,inseparable
60910,164552,inseparable
60910,164553,inseparable
60910,164554,inseparable
60910,164555,inseparable
60910,164556,inseparable
60910,164557,inseparable
60910,164558,inseparable
60910,164559,inseparable
60910,164560,inseparable
60910,164561,inseparable
60910,164562,inseparable
60910,164563,inseparable
60910,164564,inseparable
60910,164565,inseparable
60910,164566,inseparable
60910,164567,inseparable
60910,164568,inseparable
60910,164569,inseparable
60910,164570,inseparable
60910,164571,inseparable
60910,164572,inseparable
60910,164573,inseparable
60910,164574,inseparable
60910,164575,inseparable
60910,164576,inseparable
60910,164577,inseparable
60910,164578,inseparable
60910,164579,inseparable
60910,164580,inseparable
60910,164581,inseparable
60910,164582,inseparable
60910,164583,inseparable
60910,164584,inseparable
60910,164585,inseparable
60910,164586,inseparable
60910,164587,inseparable
60910,164588,inseparable
60910,164589,inseparable
60910,164590,inseparable
60910,164591,inseparable
60910,164592,inseparable
60910,164593,inseparable
60910,164594,inseparable
60910,164595,inseparable
60910,164596,inseparable
60910,164597,inseparable
60910,164598,inseparable
60910,164599,inseparable
60910,164600,inseparable
60910,164601,inseparable
60910,164602,inseparable
60910,164603,inseparable
60910,164604,inseparable
60910,164605,inseparable
60910,164606,inseparable
60910,164607,inseparable
60910,164608,inseparable
60910,164609,inseparable
60910,164610,inseparable
60910,164611,inseparable
60910,164612,inseparable
60910,164613,inseparable
60910,164614,inseparable
60910,164615,inseparable
60910,164616,inseparable
60910,164617,inseparable
60910,164618,inseparable
60910,164619,inseparable
60910,164620,inseparable
60910,164621,inseparable
60910,164622,inseparable
60910,164623,inseparable
60910,164624,inseparable
60910,164625,inseparable
60910,164626,inseparable
60910,164627,inseparable
60910,164628,inseparable
60910,164629,inseparable
60910,164630,inseparable
60910,164631,inseparable
60910,164632,inseparable
60910,164633,inseparable
60910,164634,inseparable
60910,164635,inseparable
60910,164636,inseparable
60910,164637,inseparable
60910,164638,inseparable
60910,164639,inseparable
60910,164640,inseparable
60910,164641,inseparable
60910,164642,inseparable
60910,164643,inseparable
60910,164644,inseparable
60910,164645,inseparable
60910,164646,inseparable
60910,164647,inseparable
60910,164648,inseparable
60910,164649,inseparable
60910,164650,inseparable
60910,164651,inseparable
60910,164652,inseparable
60910,164653,inseparable
60910,164654,inseparable
60910,164655,inseparable
60910,164656,inseparable
60910,164657,inseparable
60910,164658,inseparable
60910,164659,inseparable
60910,164660,inseparable
60910,164661,inseparable
60910,164662,inseparable
60910,164663,inseparable
60910,164664,inseparable
60910,164665,inseparable
60910,164666,inseparable
60910,164667,inseparable
60910,164668,inseparable
60910,164669,inseparable
60910,164670,inseparable
60910,164671,inseparable
60910,164672,inseparable
60910,164673,inseparable
60910,164674,inseparable
60910,164675,inseparable
60910,164676,inseparable
60910,164677,inseparable
60910,164678,inseparable
60910,164679,inseparable
60910,164680,inseparable
60910,164681,inseparable
60910,164682,inseparable
60910,164683,inseparable
60910,164684,inseparable
60910,164685,inseparable
60910,164686,inseparable
60910,164687,inseparable
60910,164688,inseparable
60910,164689,inseparable
60910,164690,inseparable
60910,164691,inseparable
60986,60987,inseparable
60986,60988,inseparable
60986,60989,inseparable
60986,60990,inseparable
60986,60991,inseparable
60986,60992,inseparable
60986,60993,inseparable
60986,60994,inseparable
60986,60995,inseparable
60986,60996,inseparable
60986,60997,inseparable
60986,60998,inseparable
60986,60999,inseparable
60986,61000,inseparable
60986,61001,inseparable
60986,61002,inseparable
60986,61003,inseparable
60986,61004,inseparable
60986,61005,inseparable
61035,61034,separable
61035,61036,separable
61035,61037,separable
61035,61038,separable
61035,61039,separable
61035,61040,separable
61035,61041,separable
61035,61042,separable
61035,61043,separable
61035,61044,separable
61095,61096,inseparable
61298,61297,separable
61298,61299,separable
61298,61300,separable
61298,61301,separable
61328,61327,separable
61328,61329,separable
61328,61330,separable
61328,61331,separable
61328,61332,separable
61328,61333,separable
61328,61334,separable
61338,61337,separable
61338,61339,separable
61338,61340,separable
61338,61341,separable
61338,61342,separable
61338,61343,separable
61338,61344,separable
61447,61448,inseparable
61449,61450,inseparable
61458,61459,inseparable
61461,61460,separable
61461,61462,separable
61461,61463,separable
61461,61464,separable
61461,61465,separable
61461,61466,separable
61461,61467,separable
61461,61468,separable
61461,61469,separable
61461,61470,separable
61494,61493,separable
61494,61495,separable
61494,61496,separable
61494,61497,separable
61494,61498,separable
61494,61499,separable
61494,61500,separable
61494,61501,separable
61494,61502,separable
61494,61503,separable
61526,61525,separable
61526,61527,separable
61526,61528,separable
61526,61529,separable
61526,61530,separable
61526,61531,separable
61526,61532,separable
61526,61533,separable
61535,61534,separable
61535,61536,separable
61535,61537,separable
61535,61538,separable
61535,61539,separable
61535,61540,separable
61544,61543,separable
61544,61545,separable
61544,61546,separable
61544,61547,separable
61544,61548,separable
61544,61549,separable
61544,61550,separable
61554,61553,separable
61554,61555,separable
61554,61556,separable
61554,61557,separable
61554,61558,separable
61554,61559,separable
61554,61560,separable
61554,61561,separable
61554,61562,separable
61554,61563,separable
61566,61565,separable
61566,61567,separable
61566,61568,separable
61566,61569,separable
61566,61570,separable
61566,61571,separable
61566,61572,separable
61566,61573,separable
61598,61597,separable
61598,61599,separable
61598,61600,separable
61598,61601,separable
61598,61602,separable
61598,61603,separable
61598,61604,separable
61598,61605,separable
61598,61606,separable
61598,61607,separable
61598,61608,separable
61610,61609,separable
61610,61611,separable
61610,61612,separable
61610,61613,separable
61610,61614,separable
61610,61615,separable
61610,61616,separable
61610,61617,separable
61610,61618,separable
61610,61619,separable
61610,61620,separable
61634,61633,separable
61634,61635,separable
61634,61636,separable
61634,61637,separable
61634,61638,separable
61634,61639,separable
61634,61640,separable
61634,61641,separable
61634,61642,separable
61634,61643,separable
61634,61644,separable
61634,61645,separable
61694,61693,separable
61694,61695,separable
61694,61696,separable
61694,61697,separable
61694,61698,separable
61694,61699,separable
61694,61700,separable
61694,61701,separable
61694,61702,separable
61694,61703,separable
61775,61774,separable
61775,61776,separable
61775,61777,separable
61775,61778,separable
61775,61779,separable
61775,61780,separable
61775,61781,separable
61775,61782,separable
61775,61783,separable
61775,61784,separable
61786,61785,separable
61786,61787,separable
61786,61788,separable
61786,61789,separable
61786,61790,separable
61786,61791,separable
61786,61792,separable
61786,61793,separable
61786,61794,separable
61786,61795,separable
61786,61796,separable
61786,61797,separable
61815,61814,separable
61815,61816,separable
61815,61817,separable
61815,61818,separable
61815,61819,separable
61815,61820,separable
61815,61821,separable
61815,61822,separable
61815,61823,separable
61815,61824,separable
61855,61854,separable
61855,61856,separable
61855,61857,separable
61855,61858,separable
61855,61859,separable
61855,61860,separable
61855,61861,separable
61855,61862,separable
61855,61863,separable
61855,61864,separable
61855,61865,separable
61855,61866,separable
61855,61867,separable
61855,61868,separable
61870,61869,separable
61870,61871,separable
61870,61872,separable
61870,61873,separable
61870,61874,separable
61870,61875,separable
61870,61876,separable
61870,61877,separable
61895,61894,separable
61895,61896,separable
61895,61897,separable
61895,61898,separable
61895,61899,separable
61895,61900,separable
61895,61901,separable
61895,61902,separable
61895,61903,separable
61895,61904,separable
61895,61905,separable
61895,61906,separable
61895,61907,separable
61895,61908,separable
61911,61910,separable
61911,61912,separable
61911,61913,separable
61911,61914,separable
61911,61915,separable
61911,61916,separable
61911,61917,separable
61911,61918,separable
61911,61919,separable
61911,61920,separable
61911,61921,separable
61911,61922,separable
61911,61923,separable
61911,61924,separable
61911,61925,separable
61937,61936,separable
61937,61938,separable
61937,61939,separable
61937,61940,separable
61937,61941,separable
61937,61942,separable
61937,61943,separable
61937,61944,separable
61937,61945,separable
61937,61946,separable
61937,61947,separable
61969,61968,separable
61969,61970,separable
61969,61971,separable
61969,61972,separable
61969,61973,separable
61969,61974,separable
61969,61975,separable
61969,61976,separable
61988,61987,separable
61988,61989,separable
61988,61990,separable
61988,61991,separable
61988,61992,separable
62018,62017,separable
62018,62019,separable
62018,62020,separable
62018,62021,separable
62018,62022,separable
62018,62023,separable
62018,62024,separable
62018,62025,separable
62042,62041,separable
62042,62043,separable
62042,62044,separable
62042,62045,separable
62042,62046,separable
62042,62047,separable
62042,62048,separable
62042,62049,separable
62042,62050,separable
62042,62051,separable
62089,62088,separable
62089,62090,separable
62089,62091,separable
62089,62092,separable
62089,62093,separable
62089,62094,separable
62089,62095,separable
62089,62096,separable
62089,62097,separable
62089,62098,separable
62089,62099,separable
62089,62100,separable
62089,62101,separable
62089,62102,separable
62089,231619,separable
62089,231620,separable
62089,231621,separable
62132,62131,separable
62132,62133,separable
62132,62134,separable
62132,62135,separable
62132,62136,separable
62132,62137,separable
62132,62138,separable
62132,62139,separable
62157,62156,separable
62157,62158,separable
62157,62159,separable
62157,62160,separable
62157,62161,separable
62157,62162,separable
62157,62163,separable
62157,62164,separable
62157,62165,separable
62157,62166,separable
62204,62203,separable
62204,62205,separable
62204,62206,separable
62204,62207,separable
62204,62208,separable
62204,62209,separable
62204,62210,separable
62204,62211,separable
62204,62212,separable
62204,62213,separable
62204,62214,separable
62204,62215,separable
62204,62216,separable
62204,62217,separable
62204,62218,separable
62204,62219,separable
62204,62220,separable
62204,62221,separable
62204,62222,separable
62224,62223,separable
62224,62225,separable
62224,62226,separable
62224,62227,separable
62224,62228,separable
62224,62229,separable
62224,62230,separable
62224,62231,separable
62224,62232,separable
62224,62233,separable
62224,62234,separable
62224,62235,separable
62224,62236,separable
62300,62301,inseparable
62303,62304,inseparable
62336,62337,inseparable
62338,62339,inseparable
62346,62347,inseparable
62348,62349,inseparable
62354,62355,inseparable
62354,62356,inseparable
62354,62357,inseparable
62354,62358,inseparable
62354,62359,inseparable
62360,62361,inseparable
62385,62386,inseparable
62433,62434,inseparable
62433,62435,inseparable
62433,62436,inseparable
62444,62445,inseparable
62457,62458,inseparable
62463,62464,inseparable
62466,62467,inseparable
62466,62468,inseparable
62472,62471,separable
62472,62473,separable
62472,62474,separable
62472,62475,separable
62472,62476,separable
62472,62477,separable
62472,62478,separable
62472,62479,separable
62472,62480,separable
62472,62481,separable
62472,62482,separable
62472,62483,separable
62472,62484,separable
62472,62485,separable
62472,62486,separable
62472,62487,separable
62472,62488,separable
62472,62489,separable
62472,62490,separable
62472,62491,separable
62472,62492,separable
62472,62493,separable
62472,62494,separable
62472,62495,separable
62472,62496,separable
62472,62497,separable
62472,62498,separable
62472,62499,separable
62472,62500,separable
62472,62501,separable
62472,62502,separable
62472,62503,separable
62472,62504,separable
62472,62505,separable
62472,62506,separable
62472,62507,separable
62472,62508,separable
62472,62509,separable
62472,62510,separable
62472,62511,separable
62472,62512,separable
62472,62513,separable
62472,62514,separable
62472,62515,separable
62472,62516,separable
62472,62517,separable
62472,62518,separable
62472,62519,separable
62472,62520,separable
62472,62521,separable
62472,62522,separable
62472,62523,separable
62472,62524,separable
62472,62525,separable
62549,62550,inseparable
62601,62602,inseparable
62605,62606,inseparable
62622,62623,inseparable
62652,62653,inseparable
62652,62654,inseparable
62652,62655,inseparable
62652,62656,inseparable
62652,62657,inseparable
62652,62658,inseparable
62662,62663,inseparable
62662,62664,inseparable
62665,62666,inseparable
62665,62667,inseparable
62668,62669,inseparable
62668,62670,inseparable
62673,62674,inseparable
62673,62675,inseparable
62673,62676,inseparable
62673,62677,inseparable
62673,62678,inseparable
62673,62679,inseparable
62673,62680,inseparable
62673,62681,inseparable
62673,62682,inseparable
62673,62683,inseparable
62673,62684,inseparable
62673,62685,inseparable
62673,62686,inseparable
62673,62687,inseparable
62673,62688,inseparable
62673,62689,inseparable
62673,62690,inseparable
62673,62691,inseparable
62673,62692,inseparable
62673,62693,inseparable
62673,62694,inseparable
62849,62848,separable
62849,62850,separable
62849,62851,separable
62849,62852,separable
62849,62853,separable
62849,62854,separable
62849,62855,separable
62849,62856,separable
62849,62857,separable
62849,62858,separable
62849,62859,separable
62849,62860,separable
62849,62861,separable
62849,62862,separable
62849,62863,separable
62849,62864,separable
62849,62865,separable
62849,62866,separable
62849,62867,separable
62849,62868,separable
62849,62869,separable
62849,62870,separable
62849,62871,separable
62849,62872,separable
62849,62873,separable
62849,62874,separable
62875,224315,inseparable
62875,224316,inseparable
62875,224317,inseparable
62875,224318,inseparable
62875,224319,inseparable
62875,224320,inseparable
62875,224321,inseparable
62875,224322,inseparable
62875,224323,inseparable
62875,224324,inseparable
62875,224325,inseparable
62875,224326,inseparable
62875,224327,inseparable
62875,224328,inseparable
62875,224329,inseparable
62875,224330,inseparable
62875,224331,inseparable
62875,224332,inseparable
62875,224333,inseparable
62875,224334,inseparable
62875,224335,inseparable
62875,224336,inseparable
62875,224337,inseparable
62875,224338,inseparable
62875,224339,inseparable
62875,224340,inseparable
62875,224341,inseparable
62875,224342,inseparable
62876,62877,inseparable
62876,62878,inseparable
62880,224343,inseparable
62880,224344,inseparable
62880,224345,inseparable
62880,224346,inseparable
62880,224347,inseparable
62880,224348,inseparable
62880,224349,inseparable
62880,224350,inseparable
62880,224351,inseparable
62880,224352,inseparable
62880,224353,inseparable
62880,224354,inseparable
62880,224355,inseparable
62880,224356,inseparable
62880,224357,inseparable
62880,224358,inseparable
62880,224359,inseparable
62880,224360,inseparable
62927,62928,inseparable
62927,62929,inseparable
62934,62935,inseparable
62936,62937,inseparable
62945,62946,inseparable
62964,62965,inseparable
62976,62977,inseparable
62993,62992,separable
62993,62994,separable
62993,62996,separable
62993,62997,separable
62993,62998,separable
62993,63000,separable
62993,63001,separable
62993,63003,separable
62993,63005,separable
62993,63007,separable
62993,63009,separable
62993,63010,separable
62993,63011,separable
62993,63012,separable
62993,63013,separable
62993,63014,separable
62993,63015,separable
62993,63016,separable
62993,63017,separable
62993,63018,separable
62993,63019,separable
62993,63020,separable
62993,63021,separable
62993,63022,separable
62993,63023,separable
62993,63024,separable
62993,63025,separable
62993,63026,separable
62993,63027,separable
62993,63028,separable
62993,63029,separable
62993,63030,separable
62994,62995,inseparable
62998,62999,inseparable
63001,63002,inseparable
63003,63004,inseparable
63005,63006,inseparable
63007,63008,inseparable
63032,63033,inseparable
63052,63053,inseparable
63088,63089,inseparable
63122,63123,inseparable
63129,63130,inseparable
63133,63134,inseparable
63151,63152,inseparable
63156,63157,inseparable
63198,63199,inseparable
63198,90278,separable
63267,63268,inseparable
63351,63350,separable
63351,63352,separable
63351,63353,separable
63351,63354,separable
63351,63355,separable
63351,63356,separable
63351,63357,separable
63351,63358,separable
63415,63414,separable
63415,63416,separable
63415,63417,separable
63415,63418,separable
63415,63419,separable
63415,63420,separable
63415,63421,separable
63415,63422,separable
63415,63423,separable
63415,63424,separable
63475,63476,inseparable
63514,63513,separable
63514,63515,separable
63514,63516,separable
63514,63517,separable
63514,63518,separable
63514,63519,separable
63514,63520,separable
63514,63521,separable
63514,63522,separable
63514,63523,separable
63576,63577,inseparable
63585,63586,inseparable
63602,63603,inseparable
63604,63605,inseparable
63608,63609,inseparable
63608,63610,inseparable
63656,63655,separable
63656,63657,separable
63656,63658,separable
63656,63659,separable
63656,63660,separable
63656,63661,separable
63656,63662,separable
63656,63663,separable
63656,63664,separable
63656,63665,separable
63656,63666,separable
63656,63667,separable
63669,63668,separable
63669,63670,separable
63669,63671,separable
63669,63672,separable
63669,63673,separable
63669,63674,separable
63669,63675,separable
63669,63676,separable
63669,63677,separable
63669,63678,separable
63669,63679,separable
63669,63680,separable
63769,63768,separable
63769,63770,separable
63769,63771,separable
63769,63772,separable
63769,63773,separable
63769,63774,separable
63769,63775,separable
63769,63776,separable
63769,63777,separable
63769,63778,separable
63769,63779,separable
63769,63780,separable
63769,63781,separable
63769,63782,separable
63794,63793,separable
63794,63795,separable
63794,63796,separable
63794,63797,separable
63794,63798,separable
63794,63799,separable
63794,63800,separable
63794,63801,separable
63794,63802,separable
63794,63803,separable
63794,63804,separable
63794,63805,separable
63833,63832,separable
63833,63834,separable
63833,63835,separable
63833,63836,separable
63833,63837,separable
63833,63838,separable
63833,63839,separable
63833,63840,separable
63833,63841,separable
63833,63842,separable
63833,63843,separable
63833,63844,separable
63833,63845,separable
63833,63846,separable
63894,63893,separable
63894,63895,separable
63894,63896,separable
63894,63897,separable
63894,63898,separable
63894,63899,separable
63894,63900,separable
63894,63901,separable
63894,63902,separable
63894,63903,separable
63894,63904,separable
63894,63905,separable
63894,63906,separable
63894,63907,separable
63923,153338,separable
63923,153349,separable
63923,153350,separable
63923,153351,separable
63923,153352,separable
63923,153353,separable
63924,153354,separable
63924,153355,separable
63924,153356,separable
63924,153357,separable
63924,153358,separable
63924,153359,separable
64058,64057,separable
64058,64059,separable
64058,64060,separable
64058,64061,separable
64058,64062,separable
64058,64063,separable
64058,64064,separable
64058,64065,separable
64058,64066,separable
64095,64094,separable
64095,64096,separable
64095,64097,separable
64095,64098,separable
64095,64099,separable
64095,64100,separable
64095,64101,separable
64095,64102,separable
64095,64103,separable
64095,64104,separable
64095,64105,separable
64127,152510,separable
64127,152520,separable
64127,152521,separable
64127,152522,separable
64127,152523,separable
64127,152524,separable
64127,152525,separable
64127,152526,separable
64127,152527,separable
64127,152528,separable
64127,152529,separable
64127,152530,separable
64127,152531,separable
64127,152532,separable
64127,152533,separable
64127,152534,separable
64127,152535,separable
64127,152536,separable
64128,152537,separable
64128,152538,separable
64128,152539,separable
64128,152540,separable
64128,152541,separable
64128,152542,separable
64128,152543,separable
64128,152544,separable
64128,152545,separable
64198,64197,separable
64198,64199,separable
64198,64200,separable
64198,64201,separable
64198,64202,separable
64198,64203,separable
64198,64204,separable
64198,64205,separable
64198,64206,separable
64198,64207,separable
64198,64208,separable
64198,64209,separable
64315,64314,separable
64315,64316,separable
64315,64317,separable
64315,64318,separable
64315,64319,separable
64315,64320,separable
64315,64321,separable
64315,64322,separable
64315,64323,separable
64315,64324,separable
64315,64325,separable
64315,64326,separable
64315,64327,separable
64315,64328,separable
64315,64329,separable
64315,64330,separable
64315,64331,separable
64315,64332,separable
64315,64333,separable
64594,64593,separable
64594,64595,separable
64594,64596,separable
64594,64597,separable
64594,64598,separable
64594,64599,separable
64594,64600,separable
64594,64601,separable
64594,64602,separable
64594,64603,separable
64605,64606,inseparable
64605,64607,inseparable
64605,64608,inseparable
64605,64609,inseparable
64605,107576,separable
64610,138590,separable
64610,138591,separable
64611,64612,inseparable
64613,64614,inseparable
64613,64615,inseparable
64613,64616,inseparable
64613,64617,inseparable
64613,64618,inseparable
64613,64619,inseparable
64613,64620,inseparable
64613,64621,inseparable
64613,64622,inseparable
64613,64623,inseparable
64613,64624,inseparable
64613,64625,inseparable
64613,64626,inseparable
64613,64627,inseparable
64613,64628,inseparable
64613,64629,inseparable
64613,64630,inseparable
64613,64631,inseparable
64613,64632,inseparable
64613,64633,inseparable
64613,64634,inseparable
64613,64635,inseparable
64613,64636,inseparable
64613,64637,inseparable
64613,64638,inseparable
64639,64640,inseparable
64639,64641,inseparable
64639,64642,inseparable
64639,64643,inseparable
64639,64644,inseparable
64645,64646,inseparable
64645,64647,inseparable
64645,64648,inseparable
64645,64649,inseparable
64645,64650,inseparable
64645,64651,inseparable
64645,64652,inseparable
64645,64653,inseparable
64645,64654,inseparable
64645,64655,inseparable
64645,64656,inseparable
64645,64657,inseparable
64645,64658,inseparable
64645,64659,inseparable
64645,64660,inseparable
64645,64661,inseparable
64645,64662,inseparable
64645,64663,inseparable
64645,64664,inseparable
64645,64665,inseparable
64645,64666,inseparable
64645,64667,inseparable
64668,64669,inseparable
64668,64670,inseparable
64668,64671,inseparable
64668,64672,inseparable
64668,64673,inseparable
64668,64674,inseparable
64668,64675,inseparable
64668,64676,inseparable
64668,64677,inseparable
64668,64678,inseparable
64668,64679,inseparable
64668,64680,inseparable
64668,64681,inseparable
64668,64682,inseparable
64668,64683,inseparable
64668,64684,inseparable
64685,64686,inseparable
64685,64687,inseparable
64685,64688,inseparable
64685,64689,inseparable
64685,64690,inseparable
64685,64691,inseparable
64692,64693,inseparable
64692,64694,inseparable
64692,64695,inseparable
64692,64696,inseparable
64692,64697,inseparable
64692,64698,inseparable
64699,64700,inseparable
64699,64701,inseparable
64699,64702,inseparable
64699,64703,inseparable
64699,64704,inseparable
64699,64705,inseparable
64699,64706,inseparable
64699,64707,inseparable
64699,64708,inseparable
64699,64709,inseparable
64699,64710,inseparable
64699,64711,inseparable
64699,64712,inseparable
64699,64713,inseparable
64699,64714,inseparable
64699,64715,inseparable
64699,64716,inseparable
64699,64717,inseparable
64699,64718,inseparable
64699,64719,inseparable
64699,64720,inseparable
64699,64721,inseparable
64699,64722,inseparable
64699,64723,inseparable
64699,64724,inseparable
64699,64725,inseparable
64699,64726,inseparable
64699,64727,inseparable
64699,64728,inseparable
64699,64729,inseparable
64699,64730,inseparable
64699,64731,inseparable
64699,64732,inseparable
64699,64733,inseparable
64734,64735,inseparable
64734,64736,inseparable
64734,64737,inseparable
64734,64738,inseparable
64734,64739,inseparable
64740,64741,inseparable
64740,64742,inseparable
64740,64743,inseparable
64740,64744,inseparable
64740,64745,inseparable
64740,64746,inseparable
64740,64747,inseparable
64740,64748,inseparable
64740,64749,inseparable
64740,64750,inseparable
64740,64751,inseparable
64740,64752,inseparable
64740,64753,inseparable
64740,64754,inseparable
64740,64755,inseparable
64740,64756,inseparable
64740,64757,inseparable
64740,64758,inseparable
64740,64759,inseparable
64740,64760,inseparable
64740,64761,inseparable
64740,64762,inseparable
64740,64763,inseparable
64740,64764,inseparable
64740,64765,inseparable
64740,64766,inseparable
64740,64767,inseparable
64740,64768,inseparable
64740,150426,separable
64769,64770,inseparable
64769,64771,inseparable
64769,64772,inseparable
64769,64773,inseparable
64769,64774,inseparable
64769,64775,inseparable
64769,64776,inseparable
64769,64777,inseparable
64769,64778,inseparable
64769,64779,inseparable
64769,64780,inseparable
64769,64781,inseparable
64769,64782,inseparable
64769,64783,inseparable
64769,64784,inseparable
64769,64785,inseparable
64769,64786,inseparable
64769,64787,inseparable
64769,64788,inseparable
64769,64789,inseparable
64769,64790,inseparable
64769,64791,inseparable
64769,64792,inseparable
64769,64793,inseparable
64769,64794,inseparable
64769,64795,inseparable
64796,64797,inseparable
64796,64798,inseparable
64796,64799,inseparable
64796,64800,inseparable
64796,64801,inseparable
64796,64802,inseparable
64796,64803,inseparable
64796,64804,inseparable
64796,64805,inseparable
64796,64806,inseparable
64796,64807,inseparable
64796,64808,inseparable
64796,64809,inseparable
64796,64810,inseparable
64796,64811,inseparable
64796,64812,inseparable
64796,64813,inseparable
64814,64815,inseparable
64814,64816,inseparable
64814,64817,inseparable
64814,64818,inseparable
64814,64819,inseparable
64814,64820,inseparable
64814,64821,inseparable
64814,64822,inseparable
64814,64823,inseparable
64814,64824,inseparable
64814,64825,inseparable
64814,64826,inseparable
64814,64827,inseparable
64814,64828,inseparable
64814,64829,inseparable
64814,64830,inseparable
64814,64831,inseparable
64814,64832,inseparable
64814,64833,inseparable
64814,64834,inseparable
64814,64835,inseparable
64814,64836,inseparable
64814,64837,inseparable
64814,64838,inseparable
64814,64839,inseparable
64814,64840,inseparable
64814,64841,inseparable
64814,64842,inseparable
64814,64843,inseparable
64814,64844,inseparable
64814,64845,inseparable
64814,64846,inseparable
64847,64848,inseparable
64847,64849,inseparable
64847,64850,inseparable
64847,64851,inseparable
64847,64852,inseparable
64847,64853,inseparable
64847,64854,inseparable
64847,64855,inseparable
64847,64856,inseparable
64847,64857,inseparable
64847,64858,inseparable
64847,64859,inseparable
64847,64860,inseparable
64861,64862,inseparable
64861,64863,inseparable
64861,64864,inseparable
64861,64865,inseparable
64861,64866,inseparable
64861,64867,inseparable
64861,64868,inseparable
64861,64869,inseparable
64861,64870,inseparable
64861,64871,inseparable
64861,64872,inseparable
64861,64873,inseparable
64861,64874,inseparable
64861,64875,inseparable
64861,64876,inseparable
64861,64877,inseparable
64861,64878,inseparable
64861,64879,inseparable
64861,64880,inseparable
64861,64881,inseparable
64861,64882,inseparable
64861,64883,inseparable
64861,64884,inseparable
64861,64885,inseparable
64861,64886,inseparable
64861,64887,inseparable
64861,64888,inseparable
64861,64889,inseparable
64890,64891,inseparable
64890,64892,inseparable
64890,64893,inseparable
64890,64894,inseparable
64890,64895,inseparable
64890,64896,inseparable
64890,64897,inseparable
64890,64898,inseparable
64890,64899,inseparable
64890,64900,inseparable
64890,64901,inseparable
64890,64902,inseparable
64890,64903,inseparable
64890,64904,inseparable
64890,64905,inseparable
64906,64907,inseparable
64906,64908,inseparable
64906,64909,inseparable
64906,64910,inseparable
64906,64911,inseparable
64906,64912,inseparable
64906,64913,inseparable
64906,64914,inseparable
64906,64915,inseparable
64906,64916,inseparable
64906,64917,inseparable
64906,64918,inseparable
64906,64919,inseparable
64906,64920,inseparable
64906,64921,inseparable
64906,64922,inseparable
64923,64924,inseparable
64923,64925,inseparable
64923,64926,inseparable
64923,64927,inseparable
64923,64928,inseparable
64923,64929,inseparable
64923,64930,inseparable
64923,64931,inseparable
64923,64932,inseparable
64923,64933,inseparable
64923,64934,inseparable
64923,64935,inseparable
64923,64936,inseparable
64923,64937,inseparable
64923,64938,inseparable
64923,64939,inseparable
64923,64940,inseparable
64923,64941,inseparable
64923,64942,inseparable
64923,64943,inseparable
64923,64944,inseparable
64923,64945,inseparable
64923,64946,inseparable
64923,64947,inseparable
64923,64948,inseparable
64923,64949,inseparable
64923,64950,inseparable
64923,64951,inseparable
64923,64952,inseparable
64923,64953,inseparable
64923,64954,inseparable
64955,64956,inseparable
64955,64957,inseparable
64955,64958,inseparable
64955,64959,inseparable
64955,64960,inseparable
64955,64961,inseparable
64955,64962,inseparable
64955,64963,inseparable
64955,64964,inseparable
64955,64965,inseparable
64955,64966,inseparable
64955,64967,inseparable
64955,64968,inseparable
64955,64969,inseparable
64955,64970,inseparable
64955,64971,inseparable
64955,64972,inseparable
64973,64974,inseparable
64973,64975,inseparable
64973,64976,inseparable
64973,64977,inseparable
64973,64978,inseparable
64973,64979,inseparable
64973,64980,inseparable
64982,64983,inseparable
64982,64984,inseparable
64982,64985,inseparable
64982,64986,inseparable
64982,64987,inseparable
64988,64989,inseparable
64988,64990,inseparable
64988,64991,inseparable
64988,64992,inseparable
64988,64993,inseparable
64988,64994,inseparable
64988,64995,inseparable
64988,64996,inseparable
64988,64997,inseparable
64988,64998,inseparable
64988,64999,inseparable
64988,65000,inseparable
64988,65001,inseparable
64988,65002,inseparable
64988,65003,inseparable
64988,65004,inseparable
64988,65005,inseparable
64988,65006,inseparable
65007,65008,inseparable
65007,65009,inseparable
65007,65010,inseparable
65007,65011,inseparable
65007,65012,inseparable
65007,65013,inseparable
65007,65014,inseparable
65007,65015,inseparable
65007,65016,inseparable
65007,65017,inseparable
65007,65018,inseparable
65007,65019,inseparable
65007,65020,inseparable
65007,65021,inseparable
65007,65022,inseparable
65007,65023,inseparable
65007,65024,inseparable
65007,65025,inseparable
65007,65026,inseparable
65007,65027,inseparable
65007,65028,inseparable
65007,65029,inseparable
65007,65030,inseparable
65007,65031,inseparable
65007,65032,inseparable
65007,65033,inseparable
65007,65034,inseparable
65035,65036,inseparable
65035,65037,inseparable
65035,65038,inseparable
65035,65039,inseparable
65035,65040,inseparable
65035,65041,inseparable
65035,65042,inseparable
65035,65043,inseparable
65035,65044,inseparable
65035,65045,inseparable
65035,65046,inseparable
65035,65047,inseparable
65048,65049,inseparable
65048,65050,inseparable
65048,65051,inseparable
65048,65052,inseparable
65048,65053,inseparable
65048,65054,inseparable
65048,65055,inseparable
65048,65056,inseparable
65048,65057,inseparable
65048,65058,inseparable
65048,65059,inseparable
65048,65060,inseparable
65048,65061,inseparable
65048,65062,inseparable
65048,65063,inseparable
65048,65064,inseparable
65048,65065,inseparable
65048,65066,inseparable
65048,65067,inseparable
65048,65068,inseparable
65048,65069,inseparable
65048,65070,inseparable
65048,65071,inseparable
65048,65072,inseparable
65048,65073,inseparable
65048,65074,inseparable
65048,65075,inseparable
65048,65076,inseparable
65048,65077,inseparable
65048,65078,inseparable
65048,65079,inseparable
65048,65080,inseparable
65048,65081,inseparable
65048,65082,inseparable
65048,65083,inseparable
65048,65084,inseparable
65048,65085,inseparable
65048,65086,inseparable
65048,65087,inseparable
65048,65088,inseparable
65089,65090,inseparable
65089,65091,inseparable
65089,65092,inseparable
65089,65093,inseparable
65089,65094,inseparable
65089,65095,inseparable
65089,65096,inseparable
65089,65097,inseparable
65089,65098,inseparable
65089,65099,inseparable
65089,65100,inseparable
65089,65101,inseparable
65089,65102,inseparable
65089,65103,inseparable
65089,65104,inseparable
65089,65105,inseparable
65089,65106,inseparable
65089,65107,inseparable
65089,65108,inseparable
65089,65109,inseparable
65089,65110,inseparable
65089,65111,inseparable
65089,65112,inseparable
65113,65114,inseparable
65113,65115,inseparable
65113,65116,inseparable
65113,65117,inseparable
65113,65118,inseparable
65113,65119,inseparable
65113,65120,inseparable
65113,65121,inseparable
65113,65122,inseparable
65113,65123,inseparable
65113,65124,inseparable
65113,65125,inseparable
65113,65126,inseparable
65113,65127,inseparable
65113,65128,inseparable
65113,65129,inseparable
65113,65130,inseparable
65113,65131,inseparable
65113,65132,inseparable
65113,65133,inseparable
65113,65134,inseparable
65113,65135,inseparable
65113,65136,inseparable
65113,65137,inseparable
65113,65138,inseparable
65113,65139,inseparable
65113,65140,inseparable
65113,65141,inseparable
65113,65142,inseparable
65113,65143,inseparable
65144,65145,inseparable
65144,65146,inseparable
65144,65147,inseparable
65144,65148,inseparable
65144,65149,inseparable
65144,65150,inseparable
65144,65151,inseparable
65144,65152,inseparable
65144,65153,inseparable
65154,65155,inseparable
65154,65156,inseparable
65154,65157,inseparable
65154,65158,inseparable
65154,65159,inseparable
65154,65160,inseparable
65154,65161,inseparable
65154,65162,inseparable
65154,65163,inseparable
65154,65164,inseparable
65154,65165,inseparable
65154,65166,inseparable
65154,65167,inseparable
65154,65168,inseparable
65154,65169,inseparable
65154,65170,inseparable
65171,138653,separable
65171,138654,separable
65171,138655,separable
65171,138656,separable
65171,138657,separable
65171,138658,separable
65171,138659,separable
65172,65173,inseparable
65172,65174,inseparable
65172,65175,inseparable
65172,65176,inseparable
65172,65177,inseparable
65172,65178,inseparable
65172,65179,inseparable
65172,65180,inseparable
65172,65181,inseparable
65172,65182,inseparable
65172,65183,inseparable
65172,65184,inseparable
65172,65185,inseparable
65172,65186,inseparable
65172,65187,inseparable
65172,65188,inseparable
65172,65189,inseparable
65172,65190,inseparable
65172,65191,inseparable
65172,65192,inseparable
65172,65193,inseparable
65172,65194,inseparable
65172,65195,inseparable
65172,65196,inseparable
65172,65197,inseparable
65172,65198,inseparable
65172,65199,inseparable
65200,65201,inseparable
65200,65202,inseparable
65200,65203,inseparable
65200,65204,inseparable
65200,65205,inseparable
65200,65206,inseparable
65200,65207,inseparable
65200,65208,inseparable
65200,65209,inseparable
65200,65210,inseparable
65200,65211,inseparable
65200,65212,inseparable
65200,65213,inseparable
65200,65214,inseparable
65200,65215,inseparable
65200,65216,inseparable
65200,65217,inseparable
65200,65218,inseparable
65200,65219,inseparable
65200,65220,inseparable
65200,65221,inseparable
65200,65222,inseparable
65200,65223,inseparable
65200,138892,separable
65224,65225,inseparable
65224,65226,inseparable
65224,65227,inseparable
65224,65228,inseparable
65224,65229,inseparable
65224,65230,inseparable
65224,65231,inseparable
65224,65232,inseparable
65224,65233,inseparable
65224,65234,inseparable
65224,65235,inseparable
65224,65236,inseparable
65224,65237,inseparable
65224,65238,inseparable
65224,65239,inseparable
65224,65240,inseparable
65224,65241,inseparable
65224,65242,inseparable
65243,65244,inseparable
65243,65245,inseparable
65243,65246,inseparable
65243,65247,inseparable
65243,65248,inseparable
65243,65249,inseparable
65243,65250,inseparable
65243,65251,inseparable
65243,65252,inseparable
65243,65253,inseparable
65243,65254,inseparable
65243,65255,inseparable
65243,65256,inseparable
65243,65257,inseparable
65243,65258,inseparable
65243,65259,inseparable
65243,65260,inseparable
65243,65261,inseparable
65243,65262,inseparable
65243,65263,inseparable
65243,65264,inseparable
65243,65265,inseparable
65243,65266,inseparable
65243,65267,inseparable
65243,65268,inseparable
65243,65269,inseparable
65243,65270,inseparable
65243,65271,inseparable
65243,65272,inseparable
65243,65273,inseparable
65243,65274,inseparable
65243,65275,inseparable
65243,65276,inseparable
65243,65277,inseparable
65278,65279,inseparable
65278,65280,inseparable
65278,65281,inseparable
65278,65282,inseparable
65278,65283,inseparable
65278,65284,inseparable
65278,65285,inseparable
65278,65286,inseparable
65278,65287,inseparable
65278,65288,inseparable
65278,65289,inseparable
65278,65290,inseparable
65278,65291,inseparable
65278,65292,inseparable
65278,65293,inseparable
65278,65294,inseparable
65278,65295,inseparable
65278,65296,inseparable
65278,65297,inseparable
65278,65298,inseparable
65278,65299,inseparable
65278,65300,inseparable
65278,65301,inseparable
65302,65303,inseparable
65302,65304,inseparable
65302,65305,inseparable
65302,65306,inseparable
65302,65307,inseparable
65302,65308,inseparable
65302,65309,inseparable
65302,65310,inseparable
65311,65312,inseparable
65311,65313,inseparable
65311,65314,inseparable
65311,65315,inseparable
65316,65317,inseparable
65316,65318,inseparable
65316,65319,inseparable
65316,65320,inseparable
65321,65322,inseparable
65321,65323,inseparable
65321,65324,inseparable
65321,65325,inseparable
65321,65326,inseparable
65321,65327,inseparable
65321,65328,inseparable
65321,65329,inseparable
65321,65330,inseparable
65321,65331,inseparable
65321,65332,inseparable
65321,65333,inseparable
65321,65334,inseparable
65321,65335,inseparable
65321,65336,inseparable
65321,65337,inseparable
65321,65338,inseparable
65321,65339,inseparable
65321,65340,inseparable
65321,65341,inseparable
65321,65342,inseparable
65321,65343,inseparable
65321,65344,inseparable
65321,65345,inseparable
65321,65346,inseparable
65347,65348,inseparable
65347,65349,inseparable
65347,65350,inseparable
65347,65351,inseparable
65347,65352,inseparable
65347,65353,inseparable
65347,65354,inseparable
65347,65355,inseparable
65347,65356,inseparable
65347,65357,inseparable
65347,65358,inseparable
65347,65359,inseparable
65347,65360,inseparable
65347,65361,inseparable
65347,65362,inseparable
65347,65363,inseparable
65347,65364,inseparable
65347,65365,inseparable
65347,65366,inseparable
65347,65367,inseparable
65347,65368,inseparable
65347,65369,inseparable
65347,65370,inseparable
65347,65371,inseparable
65347,65372,inseparable
65347,65373,inseparable
65347,65374,inseparable
65347,65375,inseparable
65347,65376,inseparable
65347,65377,inseparable
65347,65378,inseparable
65347,65379,inseparable
65347,65380,inseparable
65347,65381,inseparable
65347,65382,inseparable
65347,65383,inseparable
65347,65384,inseparable
65347,65385,inseparable
65347,65386,inseparable
65347,65387,inseparable
65347,65388,inseparable
65347,65389,inseparable
65347,65390,inseparable
65347,65391,inseparable
65347,65392,inseparable
65347,65393,inseparable
65347,65394,inseparable
65347,65395,inseparable
65347,65396,inseparable
65347,65397,inseparable
65347,65398,inseparable
65347,65399,inseparable
65347,65400,inseparable
65347,65401,inseparable
65347,65402,inseparable
65347,65403,inseparable
65347,65404,inseparable
65347,65405,inseparable
65347,65406,inseparable
65347,65407,inseparable
65347,65408,inseparable
65347,65409,inseparable
65347,65410,inseparable
65347,65411,inseparable
65347,65412,inseparable
65347,65413,inseparable
65347,65414,inseparable
65347,65415,inseparable
65347,65416,inseparable
65347,65417,inseparable
65347,65418,inseparable
65347,65419,inseparable
65347,65420,inseparable
65347,65421,inseparable
65347,65422,inseparable
65347,65423,inseparable
65347,65424,inseparable
65347,65425,inseparable
65347,65426,inseparable
65347,65427,inseparable
65347,65428,inseparable
65347,65429,inseparable
65347,65430,inseparable
65347,65431,inseparable
65347,65432,inseparable
65347,65433,inseparable
65347,65434,inseparable
65347,65435,inseparable
65347,65436,inseparable
65347,65437,inseparable
65347,65438,inseparable
65347,65439,inseparable
65347,65440,inseparable
65347,65441,inseparable
65347,65442,inseparable
65347,65443,inseparable
65347,65444,inseparable
65347,65445,inseparable
65347,65446,inseparable
65347,65447,inseparable
65347,65448,inseparable
65347,65449,inseparable
65347,65450,inseparable
65347,65451,inseparable
65347,65452,inseparable
65347,65453,inseparable
65347,65454,inseparable
65347,65455,inseparable
65347,65456,inseparable
65347,65457,inseparable
65347,65458,inseparable
65347,65459,inseparable
65347,65460,inseparable
65347,65461,inseparable
65347,65462,inseparable
65347,65463,inseparable
65347,65464,inseparable
65347,65465,inseparable
65347,65466,inseparable
65347,65467,inseparable
65347,65468,inseparable
65347,65469,inseparable
65347,65470,inseparable
65347,65471,inseparable
65347,65472,inseparable
65347,65473,inseparable
65347,65474,inseparable
65347,65475,inseparable
65347,65476,inseparable
65347,65477,inseparable
65347,65478,inseparable
65347,65479,inseparable
65347,65480,inseparable
65347,65481,inseparable
65347,65482,inseparable
65347,65483,inseparable
65347,65484,inseparable
65347,65485,inseparable
65347,65486,inseparable
65347,65487,inseparable
65347,65488,inseparable
65347,65489,inseparable
65347,65490,inseparable
65347,65491,inseparable
65347,65492,inseparable
65347,65493,inseparable
65347,65494,inseparable
65347,65495,inseparable
65347,65496,inseparable
65347,65497,inseparable
65347,65498,inseparable
65347,65499,inseparable
65347,65500,inseparable
65347,65501,inseparable
65347,65502,inseparable
65347,65503,inseparable
65347,65504,inseparable
65347,65505,inseparable
65347,65506,inseparable
65347,65507,inseparable
65347,65508,inseparable
65347,65509,inseparable
65347,65510,inseparable
65347,65511,inseparable
65347,65512,inseparable
65513,65514,inseparable
65513,65515,inseparable
65513,65516,inseparable
65513,65517,inseparable
65513,65518,inseparable
65513,65519,inseparable
65513,65520,inseparable
65513,65521,inseparable
65513,65522,inseparable
65513,65523,inseparable
65513,65524,inseparable
65513,65525,inseparable
65513,65526,inseparable
65513,65527,inseparable
65513,65528,inseparable
65513,65529,inseparable
65513,65530,inseparable
65513,65531,inseparable
65513,65532,inseparable
65513,65533,inseparable
65513,65534,inseparable
65513,65535,inseparable
65513,65536,inseparable
65513,65537,inseparable
65513,65538,inseparable
65513,65539,inseparable
65513,65540,inseparable
65513,65541,inseparable
65513,65542,inseparable
65513,65543,inseparable
65513,65544,inseparable
65513,65545,inseparable
65546,228163,inseparable
65546,228164,inseparable
65546,228165,inseparable
65546,228166,inseparable
65546,228167,inseparable
65546,228168,inseparable
65546,228169,inseparable
65546,228170,inseparable
65546,228171,inseparable
65546,228172,inseparable
65546,228173,inseparable
65546,228174,inseparable
65546,228175,inseparable
65546,228176,inseparable
65546,228177,inseparable
65546,228178,inseparable
65546,228179,inseparable
65546,228180,inseparable
65546,228181,inseparable
65546,228182,inseparable
65546,228183,inseparable
65546,228184,inseparable
65546,228185,inseparable
65546,228186,inseparable
65546,228187,inseparable
65546,228188,inseparable
65546,228189,inseparable
65549,65548,separable
65549,65550,separable
65549,65551,separable
65549,65552,separable
65549,65553,separable
65549,65554,separable
65549,65555,separable
65549,65556,separable
65549,65557,separable
65549,65558,separable
65549,65559,separable
65549,65560,separable
65549,65561,separable
65549,65562,separable
65549,65563,separable
65564,228074,inseparable
65564,228075,inseparable
65564,228076,inseparable
65564,228077,inseparable
65564,228078,inseparable
65564,228079,inseparable
65564,228080,inseparable
65572,65573,inseparable
65574,65575,inseparable
65646,65645,separable
65646,65647,separable
65646,65648,separable
65646,65649,separable
65646,65650,separable
65646,65651,separable
65646,65652,separable
65646,65653,separable
65646,65654,separable
65646,65655,separable
65646,65656,separable
65646,65657,separable
65646,65658,separable
65646,65659,separable
65646,65660,separable
65646,65661,separable
65646,65662,separable
65646,65663,separable
65646,65664,separable
65646,65665,separable
65646,65666,separable
65646,65667,separable
65646,65668,separable
65646,65669,separable
65646,65670,separable
65646,65671,separable
65646,65672,separable
65646,65673,separable
65646,65674,separable
65646,65675,separable
65728,65729,inseparable
65748,65749,inseparable
65751,65752,inseparable
65765,65766,inseparable
65824,65825,inseparable
65895,65896,inseparable
65918,65919,inseparable
66231,66232,inseparable
66481,66482,inseparable
66483,66484,inseparable
66485,66486,inseparable
66550,66551,inseparable
66553,66554,inseparable
66553,66555,inseparable
66553,66556,inseparable
66557,66558,inseparable
66557,66559,inseparable
66557,66560,inseparable
66561,66562,inseparable
66561,66563,inseparable
66561,66564,inseparable
66565,66566,inseparable
66567,66568,inseparable
66567,66569,inseparable
66615,66616,inseparable
66617,66618,inseparable
66668,66669,separable
66770,66771,inseparable
66977,66976,separable
66977,66978,separable
66977,66979,separable
66977,66980,separable
66977,66981,separable
66977,66982,separable
66977,66983,separable
66977,66984,separable
66977,66985,separable
67040,67041,inseparable
67042,67043,inseparable
67044,67045,inseparable
67048,67049,inseparable
67056,67057,inseparable
67058,67059,inseparable
67060,67061,inseparable
67062,67063,inseparable
67064,67065,inseparable
67067,67068,inseparable
67076,67077,inseparable
67080,67081,inseparable
67083,67084,inseparable
67090,67091,inseparable
67103,67104,inseparable
67206,67207,inseparable
67208,67209,inseparable
67212,67213,inseparable
67214,67215,inseparable
67223,67224,inseparable
67230,67231,inseparable
67266,67267,inseparable
67266,67268,inseparable
67312,67313,inseparable
67312,67314,inseparable
67312,67315,inseparable
67312,67316,inseparable
67342,67343,inseparable
67351,67352,inseparable
67361,67362,inseparable
67474,67475,inseparable
67535,67536,inseparable
67538,67539,inseparable
67540,67541,inseparable
67543,67544,inseparable
67545,67546,inseparable
67550,67551,inseparable
67552,67553,inseparable
67554,67555,inseparable
67562,67563,inseparable
67570,67571,inseparable
67573,67574,inseparable
67575,67576,inseparable
67580,67581,inseparable
67584,67585,inseparable
67606,67607,inseparable
67608,67609,inseparable
67672,67673,inseparable
67931,67932,inseparable
67933,67934,inseparable
68078,68079,inseparable
68078,68080,inseparable
68078,68081,inseparable
68078,68082,inseparable
68078,68083,inseparable
68078,68084,inseparable
68078,68085,inseparable
68078,68086,inseparable
68078,68087,inseparable
68078,68088,inseparable
68078,68089,inseparable
68078,68090,inseparable
68078,68091,inseparable
68078,68092,inseparable
68078,68093,inseparable
68078,68094,inseparable
68078,68095,inseparable
68078,68096,inseparable
68078,68097,inseparable
68078,68098,inseparable
68078,68099,inseparable
68078,68100,inseparable
68078,68101,inseparable
68078,68102,inseparable
68078,68103,inseparable
68104,68105,inseparable
68104,68106,inseparable
68104,68107,inseparable
68104,68108,inseparable
68104,68109,inseparable
68104,68110,inseparable
68104,68111,inseparable
68104,68112,inseparable
68104,68113,inseparable
68104,68114,inseparable
68104,68115,inseparable
68104,68116,inseparable
68104,68117,inseparable
68104,68118,inseparable
68104,68119,inseparable
68104,68120,inseparable
68104,68121,inseparable
68104,68122,inseparable
68104,68123,inseparable
68104,68124,inseparable
68104,68125,inseparable
68104,68126,inseparable
68104,68127,inseparable
68104,68128,inseparable
68129,68130,inseparable
68129,68131,inseparable
68129,68132,inseparable
68129,68133,inseparable
68129,68134,inseparable
68129,68135,inseparable
68129,68136,inseparable
68129,68137,inseparable
68129,68138,inseparable
68129,68139,inseparable
68129,68140,inseparable
68129,68141,inseparable
68129,68142,inseparable
68129,68143,inseparable
68129,68144,inseparable
68129,68145,inseparable
68129,68146,inseparable
68129,68147,inseparable
68129,68148,inseparable
68129,68149,inseparable
68129,68150,inseparable
68129,68151,inseparable
68152,68153,inseparable
68152,68154,inseparable
68152,68155,inseparable
68152,68156,inseparable
68152,68157,inseparable
68152,68158,inseparable
68152,68159,inseparable
68152,68160,inseparable
68152,68161,inseparable
68152,68162,inseparable
68152,68163,inseparable
68152,68164,inseparable
68152,68165,inseparable
68152,68166,inseparable
68152,68167,inseparable
68152,68168,inseparable
68152,68169,inseparable
68152,68170,inseparable
68152,68171,inseparable
68172,68173,inseparable
68172,68174,inseparable
68172,68175,inseparable
68172,68176,inseparable
68172,68177,inseparable
68172,68178,inseparable
68172,68179,inseparable
68172,68180,inseparable
68172,68181,inseparable
68172,68182,inseparable
68172,68183,inseparable
68172,68184,inseparable
68172,68185,inseparable
68172,68186,inseparable
68187,68188,inseparable
68187,68189,inseparable
68187,68190,inseparable
68187,68191,inseparable
68187,68192,inseparable
68187,68193,inseparable
68187,68194,inseparable
68187,68195,inseparable
68187,68196,inseparable
68187,68197,inseparable
68187,68198,inseparable
68187,68199,inseparable
68187,68200,inseparable
68187,68201,inseparable
68187,68202,inseparable
68187,68203,inseparable
68187,68204,inseparable
68187,68205,inseparable
68187,68206,inseparable
68187,68207,inseparable
68187,68208,inseparable
68187,68209,inseparable
68187,68210,inseparable
68187,68211,inseparable
68187,68212,inseparable
68187,68213,inseparable
68187,68214,inseparable
68187,68215,inseparable
68187,68216,inseparable
68187,68217,inseparable
68187,68218,inseparable
68187,68219,inseparable
68187,68220,inseparable
68187,68221,inseparable
68187,68222,inseparable
68187,68223,inseparable
68224,68225,inseparable
68224,68226,inseparable
68224,68227,inseparable
68224,68228,inseparable
68224,68229,inseparable
68224,68230,inseparable
68224,68231,inseparable
68224,68232,inseparable
68224,68233,inseparable
68224,68234,inseparable
68224,68235,inseparable
68224,68236,inseparable
68224,68237,inseparable
68224,68238,inseparable
68224,68239,inseparable
68240,68241,inseparable
68240,68242,inseparable
68240,68243,inseparable
68240,68244,inseparable
68240,68245,inseparable
68240,68246,inseparable
68247,68248,inseparable
68247,68249,inseparable
68247,68250,inseparable
68247,68251,inseparable
68247,68252,inseparable
68247,68253,inseparable
68247,68254,inseparable
68247,68255,inseparable
68247,68256,inseparable
68247,68257,inseparable
68247,68258,inseparable
68247,68259,inseparable
68247,68260,inseparable
68247,68261,inseparable
68262,68263,inseparable
68262,68264,inseparable
68262,68265,inseparable
68262,68266,inseparable
68262,68267,inseparable
68262,68268,inseparable
68262,68269,inseparable
68262,68270,inseparable
68262,68271,inseparable
68262,68272,inseparable
68262,68273,inseparable
68262,68274,inseparable
68262,68275,inseparable
68262,68276,inseparable
68262,68277,inseparable
68262,68278,inseparable
68262,68279,inseparable
68262,68280,inseparable
68281,68282,inseparable
68281,68283,inseparable
68281,68284,inseparable
68281,68285,inseparable
68281,68286,inseparable
68281,68287,inseparable
68281,68288,inseparable
68281,68289,inseparable
68281,68290,inseparable
68281,68291,inseparable
68281,68292,inseparable
68281,68293,inseparable
68281,68294,inseparable
68281,68295,inseparable
68281,68296,inseparable
68281,68297,inseparable
68281,68298,inseparable
68281,68299,inseparable
68281,68300,inseparable
68281,68301,inseparable
68281,68302,inseparable
68281,68303,inseparable
68281,68304,inseparable
68281,68305,inseparable
68281,68306,inseparable
68281,68307,inseparable
68281,68308,inseparable
68281,68309,inseparable
68310,68311,inseparable
68310,68312,inseparable
68310,68313,inseparable
68310,68314,inseparable
68310,68315,inseparable
68310,68316,inseparable
68310,68317,inseparable
68310,68318,inseparable
68310,68319,inseparable
68310,68320,inseparable
68310,68321,inseparable
68310,68322,inseparable
68310,68323,inseparable
68310,68324,inseparable
68310,68325,inseparable
68310,68326,inseparable
68310,68327,inseparable
68310,68328,inseparable
68310,68329,inseparable
68310,68330,inseparable
68310,68331,inseparable
68310,68332,inseparable
68333,68334,inseparable
68333,68335,inseparable
68333,68336,inseparable
68333,68337,inseparable
68333,68338,inseparable
68333,68339,inseparable
68333,68340,inseparable
68333,68341,inseparable
68333,68342,inseparable
68333,68343,inseparable
68333,68344,inseparable
68333,68345,inseparable
68333,68346,inseparable
68333,68347,inseparable
68333,68348,inseparable
68333,68349,inseparable
68333,68350,inseparable
68333,68351,inseparable
68333,68352,inseparable
68333,68353,inseparable
68333,68354,inseparable
68333,68355,inseparable
68333,68356,inseparable
68333,68357,inseparable
68333,68358,inseparable
68333,68359,inseparable
68333,68360,inseparable
68333,68361,inseparable
68333,68362,inseparable
68333,68363,inseparable
68333,68364,inseparable
68333,68365,inseparable
68333,68366,inseparable
68333,68367,inseparable
68333,68368,inseparable
68333,68369,inseparable
68333,68370,inseparable
68333,68371,inseparable
68333,68372,inseparable
68333,68373,inseparable
68333,68374,inseparable
68333,68375,inseparable
68333,68376,inseparable
68333,68377,inseparable
68333,68378,inseparable
68333,68379,inseparable
68333,68380,inseparable
68333,68381,inseparable
68333,68382,inseparable
68333,68383,inseparable
68333,68384,inseparable
68333,68385,inseparable
68333,68386,inseparable
68333,68387,inseparable
68333,68388,inseparable
68333,68389,inseparable
68390,68391,inseparable
68390,68392,inseparable
68390,68393,inseparable
68390,68394,inseparable
68390,68395,inseparable
68390,68396,inseparable
68390,68397,inseparable
68390,68398,inseparable
68390,68399,inseparable
68390,68400,inseparable
68390,68401,inseparable
68390,68402,inseparable
68390,68403,inseparable
68390,68404,inseparable
68390,68405,inseparable
68390,68406,inseparable
68390,68407,inseparable
68390,68408,inseparable
68390,68409,inseparable
68390,68410,inseparable
68390,68411,inseparable
68390,68412,inseparable
68413,68414,inseparable
68413,68415,inseparable
68413,68416,inseparable
68413,68417,inseparable
68413,68418,inseparable
68413,68419,inseparable
68413,68420,inseparable
68413,68421,inseparable
68413,68422,inseparable
68413,68423,inseparable
68413,68424,inseparable
68413,68425,inseparable
68413,68426,inseparable
68413,68427,inseparable
68413,68428,inseparable
68413,68429,inseparable
68413,68430,inseparable
68413,68431,inseparable
68413,68432,inseparable
68413,68433,inseparable
68413,68434,inseparable
68413,68435,inseparable
68413,68436,inseparable
68413,68437,inseparable
68413,68438,inseparable
68413,68439,inseparable
68413,68440,inseparable
68413,68441,inseparable
68413,68442,inseparable
68413,68443,inseparable
68413,68444,inseparable
68413,68445,inseparable
68413,68446,inseparable
68413,68447,inseparable
68413,68448,inseparable
68413,68449,inseparable
68413,68450,inseparable
68413,68451,inseparable
68413,68452,inseparable
68413,68453,inseparable
68413,68454,inseparable
68413,68455,inseparable
68413,68456,inseparable
68413,68457,inseparable
68413,68458,inseparable
68413,68459,inseparable
68413,68460,inseparable
68413,68461,inseparable
68413,68462,inseparable
68413,68463,inseparable
68413,68464,inseparable
68413,68465,inseparable
68413,68466,inseparable
68413,68467,inseparable
68413,68468,inseparable
68413,68469,inseparable
68413,68470,inseparable
68413,68471,inseparable
68413,68472,inseparable
68413,68473,inseparable
68413,68474,inseparable
68413,68475,inseparable
68413,68476,inseparable
68413,68477,inseparable
68413,68478,inseparable
68413,68479,inseparable
68413,68480,inseparable
68413,68481,inseparable
68413,68482,inseparable
68413,68483,inseparable
68413,68484,inseparable
68413,68485,inseparable
68413,68486,inseparable
68413,68487,inseparable
68413,68488,inseparable
68413,68489,inseparable
68413,68490,inseparable
68413,68491,inseparable
68413,68492,inseparable
68413,68493,inseparable
68413,68494,inseparable
68413,68495,inseparable
68413,68496,inseparable
68413,68497,inseparable
68413,68498,inseparable
68413,68499,inseparable
68413,68500,inseparable
68413,68501,inseparable
68413,68502,inseparable
68413,68503,inseparable
68413,68504,inseparable
68413,68505,inseparable
68413,68506,inseparable
68413,68507,inseparable
68508,68509,inseparable
68508,68510,inseparable
68508,68511,inseparable
68508,68512,inseparable
68508,68513,inseparable
68569,68570,inseparable
68574,68575,inseparable
68580,68581,inseparable
68583,68584,inseparable
68659,68660,inseparable
68692,68693,inseparable
68697,68698,inseparable
68727,68728,inseparable
68739,68740,inseparable
68782,68783,inseparable
68788,68789,inseparable
68804,68805,inseparable
68820,68821,inseparable
68822,68823,inseparable
68824,68825,inseparable
68857,68858,inseparable
68867,68868,inseparable
68873,68874,inseparable
68875,68876,inseparable
68878,68879,inseparable
68880,68881,inseparable
68893,68894,inseparable
68938,68939,inseparable
68952,68953,inseparable
68954,68955,inseparable
68997,68998,inseparable
69010,69011,inseparable
69013,69014,inseparable
69018,69019,inseparable
69020,69021,inseparable
69052,69053,inseparable
69055,69056,inseparable
69065,69066,inseparable
69090,69091,inseparable
69092,69093,inseparable
69095,69096,inseparable
69097,69098,inseparable
69099,69100,inseparable
69101,69102,inseparable
69106,69107,inseparable
69108,69109,inseparable
69119,69120,inseparable
69131,69132,inseparable
69138,69139,inseparable
69141,69142,inseparable
69155,69156,inseparable
69180,69181,inseparable
69187,69188,inseparable
69206,69207,inseparable
69208,69209,inseparable
69219,69220,inseparable
69221,69222,inseparable
69224,69225,inseparable
69227,69228,inseparable
69229,69230,inseparable
69232,69233,inseparable
69234,69235,inseparable
69236,69237,inseparable
69243,69244,inseparable
69254,69255,inseparable
69257,69258,inseparable
69264,218882,inseparable
69264,218883,inseparable
69264,218884,inseparable
69264,218885,inseparable
69264,218886,inseparable
69264,218887,inseparable
69264,218888,inseparable
69264,218889,inseparable
69264,218890,inseparable
69264,218891,inseparable
69264,218892,inseparable
69264,218893,inseparable
69264,218894,inseparable
69264,218895,inseparable
69264,218896,inseparable
69264,218897,inseparable
69264,218898,inseparable
69264,218899,inseparable
69264,218900,inseparable
69264,218901,inseparable
69264,218902,inseparable
69264,218903,inseparable
69264,218904,inseparable
69264,218905,inseparable
69264,218906,inseparable
69264,218907,inseparable
69264,218908,inseparable
69265,218827,inseparable
69265,218828,inseparable
69265,218829,inseparable
69265,218830,inseparable
69265,218831,inseparable
69265,218832,inseparable
69265,218833,inseparable
69265,218834,inseparable
69265,218835,inseparable
69265,218836,inseparable
69265,218837,inseparable
69265,218838,inseparable
69265,218839,inseparable
69265,218840,inseparable
69265,218841,inseparable
69265,218842,inseparable
69265,218843,inseparable
69265,218844,inseparable
69265,218845,inseparable
69265,218846,inseparable
69265,218847,inseparable
69265,218848,inseparable
69265,218849,inseparable
69265,218850,inseparable
69265,218851,inseparable
69265,218852,inseparable
69265,218853,inseparable
69265,218854,inseparable
69265,218855,inseparable
69265,218856,inseparable
69265,218857,inseparable
69265,218858,inseparable
69265,218859,inseparable
69265,218860,inseparable
69265,218861,inseparable
69265,218862,inseparable
69265,218863,inseparable
69265,218864,inseparable
69265,218865,inseparable
69265,218866,inseparable
69265,218867,inseparable
69265,218868,inseparable
69265,218869,inseparable
69265,218870,inseparable
69265,218871,inseparable
69265,218872,inseparable
69265,218873,inseparable
69265,218874,inseparable
69265,218875,inseparable
69265,218876,inseparable
69265,218877,inseparable
69265,218878,inseparable
69265,218879,inseparable
69265,218880,inseparable
69269,69270,inseparable
69286,69285,separable
69286,69287,separable
69286,69288,separable
69286,69289,separable
69286,69290,separable
69286,69291,separable
69286,69292,separable
69286,69293,separable
69286,69294,separable
69286,69295,separable
69286,69296,separable
69286,69297,separable
69286,69298,separable
69286,69299,separable
69286,69300,separable
69286,69301,separable
69286,69302,separable
69286,69303,separable
69286,69304,separable
69286,69305,separable
69286,69306,separable
69286,69307,separable
69286,69308,separable
69286,69309,separable
69286,69310,separable
69286,69311,separable
69286,69312,separable
69286,69313,separable
69286,69314,separable
69286,69315,separable
69286,69316,separable
69286,69317,separable
69286,69318,separable
69286,69319,separable
69286,69320,separable
69286,69321,separable
69286,69322,separable
69286,69323,separable
69286,69324,separable
69286,69325,separable
69286,69326,separable
69286,69327,separable
69286,69328,separable
69286,69329,separable
69286,69330,separable
69286,69331,separable
69286,69332,separable
69286,69333,separable
69286,69334,separable
69286,228191,separable
69286,228192,separable
69286,228193,separable
69286,228194,separable
69286,228195,separable
69286,228196,separable
69286,228197,separable
69286,228198,separable
69286,228199,separable
69286,228200,separable
69286,228201,separable
69286,228202,separable
69286,228203,separable
69286,228204,separable
69286,228205,separable
69286,228206,separable
69286,228207,separable
69286,228208,separable
69286,228209,separable
69335,69336,inseparable
69466,69465,separable
69466,69467,separable
69466,69468,separable
69466,69469,separable
69466,69470,separable
69466,69471,separable
69466,69472,separable
69466,69473,separable
69466,69474,separable
69466,69475,separable
69466,69476,separable
69466,69477,separable
69466,69478,separable
69466,69479,separable
69466,69480,separable
69466,69481,separable
69466,69482,separable
69466,69483,separable
69466,69484,separable
69466,69485,separable
69466,69486,separable
69466,69487,separable
69466,69488,separable
69466,69489,separable
69466,69490,separable
69466,69491,separable
69466,69492,separable
69466,69493,separable
69466,69494,separable
69466,69495,separable
69466,69496,separable
69466,69497,separable
69466,69498,separable
69466,69499,separable
69466,69500,separable
69466,69501,separable
69466,69502,separable
69516,69515,separable
69516,69517,separable
69516,69518,separable
69516,69519,separable
69662,69663,inseparable
69668,69669,inseparable
69668,69670,inseparable
69668,69671,inseparable
69668,69672,inseparable
69668,69673,inseparable
69668,69674,inseparable
69668,69675,inseparable
69668,69676,inseparable
69668,69677,inseparable
69668,69678,inseparable
69668,69679,inseparable
69668,69680,inseparable
69668,69681,inseparable
69668,69682,inseparable
69668,69683,inseparable
69668,69684,inseparable
69668,69685,inseparable
69668,69686,inseparable
69668,69687,inseparable
69668,69688,inseparable
69668,69689,inseparable
69668,69690,inseparable
69668,69691,inseparable
69668,69692,inseparable
69668,69693,inseparable
69668,69694,inseparable
69668,69695,inseparable
69668,69696,inseparable
69668,69697,inseparable
69668,69698,inseparable
69668,69699,inseparable
69668,69700,inseparable
69668,69701,inseparable
69668,69702,inseparable
69668,69703,inseparable
69668,69704,inseparable
69668,69705,inseparable
69668,69706,inseparable
69668,69707,inseparable
69668,69708,inseparable
69668,69709,inseparable
69668,69710,inseparable
69668,69711,inseparable
69668,69713,inseparable
69668,69714,inseparable
69668,69715,inseparable
69668,69716,inseparable
69668,69717,inseparable
69668,69718,inseparable
69668,69719,inseparable
69668,69720,inseparable
69668,69721,inseparable
69668,69722,inseparable
69668,69723,inseparable
69668,69724,inseparable
69668,69725,inseparable
69668,69726,inseparable
69668,69727,inseparable
69668,69728,inseparable
69668,69729,inseparable
69668,69730,inseparable
69668,69731,inseparable
69668,69732,inseparable
69668,69733,inseparable
69668,69734,inseparable
69668,69735,inseparable
69668,69736,inseparable
69668,69737,inseparable
69668,69738,inseparable
69668,69739,inseparable
69668,69740,inseparable
69668,69741,inseparable
69668,69742,inseparable
69668,69743,inseparable
69668,69744,inseparable
69668,69745,inseparable
69668,69746,inseparable
69668,69747,inseparable
69668,69748,inseparable
69668,69749,inseparable
69750,69751,inseparable
69750,69752,inseparable
69750,69753,inseparable
69750,69754,inseparable
69750,69755,inseparable
69750,69756,inseparable
69750,69757,inseparable
69750,69758,inseparable
69750,69759,inseparable
69750,69760,inseparable
69750,69761,inseparable
69750,69762,inseparable
69750,69763,inseparable
69750,69764,inseparable
69750,69765,inseparable
69750,69766,inseparable
69750,69767,inseparable
69750,69768,inseparable
69750,69769,inseparable
69750,69770,inseparable
69750,69771,inseparable
69750,69772,inseparable
69750,69773,inseparable
69750,69774,inseparable
69750,69775,inseparable
69750,69777,inseparable
69750,69778,inseparable
69750,69779,inseparable
69750,69780,inseparable
69750,69781,inseparable
69750,69782,inseparable
69750,69783,inseparable
69750,69784,inseparable
69750,69785,inseparable
69750,69786,inseparable
69750,69787,inseparable
69750,69788,inseparable
69750,69789,inseparable
69750,69790,inseparable
69750,69791,inseparable
69750,69792,inseparable
69750,69793,inseparable
69750,69794,inseparable
69750,69795,inseparable
69750,69796,inseparable
69750,69797,inseparable
69750,69798,inseparable
69750,69799,inseparable
69750,69800,inseparable
69750,69801,inseparable
69750,69802,inseparable
69750,69803,inseparable
69750,69804,inseparable
69750,69805,inseparable
69750,69806,inseparable
69750,69807,inseparable
69750,69808,inseparable
69750,69809,inseparable
69750,69810,inseparable
69750,69811,inseparable
69750,69812,inseparable
69750,69813,inseparable
69750,69814,inseparable
69750,69815,inseparable
69750,69816,inseparable
69750,69817,inseparable
69750,69818,inseparable
69750,69819,inseparable
69750,69820,inseparable
69750,69821,inseparable
69750,69822,inseparable
69823,69824,inseparable
69823,69825,inseparable
69823,69826,inseparable
69823,69827,inseparable
69823,69828,inseparable
69823,69829,inseparable
69823,69830,inseparable
69823,69831,inseparable
69823,69832,inseparable
69823,69833,inseparable
69823,69834,inseparable
69823,69835,inseparable
69823,69836,inseparable
69823,69837,inseparable
69823,69838,inseparable
69823,69839,inseparable
69823,69840,inseparable
69823,69841,inseparable
69823,69842,inseparable
69823,69843,inseparable
69823,69844,inseparable
69823,69845,inseparable
69823,69846,inseparable
69823,69847,inseparable
69823,69848,inseparable
69823,69849,inseparable
69823,69850,inseparable
69823,69851,inseparable
69823,69852,inseparable
69823,69853,inseparable
69823,69854,inseparable
69823,69855,inseparable
69823,69856,inseparable
69823,69857,inseparable
69823,69858,inseparable
69823,69859,inseparable
69823,69860,inseparable
69823,69861,inseparable
69823,69862,inseparable
69823,69863,inseparable
69823,69864,inseparable
69823,69865,inseparable
69823,69866,inseparable
69823,69867,inseparable
69823,69868,inseparable
69823,69869,inseparable
69823,69870,inseparable
69823,69871,inseparable
69823,69872,inseparable
69823,69873,inseparable
69823,69874,inseparable
69823,69875,inseparable
69823,69876,inseparable
69823,69877,inseparable
69823,69878,inseparable
69823,69879,inseparable
69823,69880,inseparable
69823,69881,inseparable
69823,69882,inseparable
69883,69884,inseparable
69883,69885,inseparable
69883,69886,inseparable
69883,69887,inseparable
69883,69888,inseparable
69883,69889,inseparable
69883,69890,inseparable
69883,69891,inseparable
69883,69892,inseparable
69883,69893,inseparable
69883,69894,inseparable
69883,69895,inseparable
69883,69896,inseparable
69883,69897,inseparable
69883,69898,inseparable
69883,69899,inseparable
69883,69900,inseparable
69883,69901,inseparable
69883,69902,inseparable
69883,69903,inseparable
69883,69904,inseparable
69883,69905,inseparable
69883,69906,inseparable
69883,69907,inseparable
69883,69908,inseparable
69883,69909,inseparable
69883,69910,inseparable
69883,69911,inseparable
69883,69912,inseparable
69883,69913,inseparable
69883,69914,inseparable
69883,69915,inseparable
69883,69916,inseparable
69883,69917,inseparable
69883,69918,inseparable
69883,69919,inseparable
69883,69920,inseparable
69883,69921,inseparable
69883,69922,inseparable
69883,69923,inseparable
69883,69924,inseparable
69883,69925,inseparable
69883,69926,inseparable
69883,69927,inseparable
69883,69928,inseparable
69883,69929,inseparable
69883,69930,inseparable
69883,69931,inseparable
69883,69932,inseparable
69883,69933,inseparable
69883,69934,inseparable
69883,69935,inseparable
69883,69936,inseparable
69883,69937,inseparable
69883,69938,inseparable
69883,69939,inseparable
69883,69940,inseparable
69883,69941,inseparable
69883,69942,inseparable
69883,69943,inseparable
69883,69944,inseparable
69883,69945,inseparable
69883,69946,inseparable
69883,69947,inseparable
69883,69948,inseparable
69883,69949,inseparable
69883,69950,inseparable
69883,69951,inseparable
69883,69952,inseparable
69883,69953,inseparable
69883,69954,inseparable
69883,69955,inseparable
69956,224554,inseparable
69956,224555,inseparable
69956,224556,inseparable
69956,224557,inseparable
69956,224558,inseparable
69956,224559,inseparable
69956,224560,inseparable
69956,224561,inseparable
69956,224562,inseparable
69956,224563,inseparable
69956,224564,inseparable
69956,224565,inseparable
69956,224566,inseparable
69956,224567,inseparable
69956,224568,inseparable
69956,224569,inseparable
69956,224570,inseparable
69956,224571,inseparable
69956,224572,inseparable
69956,224573,inseparable
69956,224574,inseparable
69956,224575,inseparable
69956,224576,inseparable
69956,224577,inseparable
69956,224578,inseparable
69956,224579,inseparable
69956,224580,inseparable
69956,224581,inseparable
69956,224582,inseparable
69956,224583,inseparable
69956,224584,inseparable
69956,224585,inseparable
69956,224586,inseparable
69956,224587,inseparable
69956,224588,inseparable
69956,224589,inseparable
69956,224590,inseparable
69956,224591,inseparable
69956,224592,inseparable
69956,224593,inseparable
69956,224594,inseparable
69956,224595,inseparable
69956,224596,inseparable
69956,224597,inseparable
69956,224598,inseparable
69956,224599,inseparable
69956,224600,inseparable
69956,224601,inseparable
69956,224602,inseparable
69956,224603,inseparable
69956,224604,inseparable
69956,224605,inseparable
69958,142964,inseparable
69966,69967,inseparable
69983,69984,inseparable
69985,69986,inseparable
69993,69994,inseparable
69995,69996,separable
69995,69997,separable
69995,69998,separable
69995,69999,separable
69995,70000,separable
69995,70001,separable
69995,70002,separable
69995,70003,separable
69995,70004,separable
69995,70005,separable
69995,70006,separable
69995,70007,separable
69995,70008,separable
69995,70009,separable
69995,70010,separable
69995,70011,separable
69995,70012,separable
69995,70013,separable
69995,70014,separable
69995,70015,separable
69995,70016,separable
69995,70017,separable
69995,70018,separable
69995,70019,separable
69995,70020,separable
69995,70021,separable
69995,70022,separable
69995,70023,separable
69995,70024,separable
69995,70025,separable
69995,70026,separable
69995,70027,separable
69995,70028,separable
69995,70029,separable
69995,70030,separable
69995,70031,separable
69995,70032,separable
69995,70033,separable
69995,70034,separable
69995,70035,separable
69995,70036,separable
69995,70037,separable
69995,70038,separable
69995,70039,separable
69995,70040,separable
69995,70041,separable
69995,70042,separable
69995,70043,separable
69995,70044,separable
69995,70045,separable
69995,70046,separable
69995,70047,separable
69995,70048,separable
69995,70049,separable
70131,70132,inseparable
70131,70133,inseparable
70131,70134,inseparable
70131,70135,inseparable
70131,70136,inseparable
70131,70137,inseparable
70131,70138,inseparable
70131,70139,inseparable
70131,70140,inseparable
70131,70141,inseparable
70131,70142,inseparable
70131,70143,inseparable
70131,70144,inseparable
70131,70145,inseparable
70131,70146,inseparable
70131,70147,inseparable
70131,70148,inseparable
70131,70149,inseparable
70150,70151,inseparable
70150,70152,inseparable
70150,216565,inseparable
70236,70237,inseparable
70281,70282,inseparable
70281,70283,inseparable
70281,70284,inseparable
70281,70285,inseparable
70281,70286,inseparable
70281,70287,inseparable
70281,70288,inseparable
70281,70289,inseparable
70281,70290,inseparable
70281,70291,inseparable
70281,70292,inseparable
70281,70293,inseparable
70281,70294,inseparable
70281,70295,inseparable
70281,70296,inseparable
70281,70297,inseparable
70281,70298,inseparable
70281,70299,inseparable
70333,70334,inseparable
70390,70391,inseparable
70392,70393,inseparable
70394,70395,inseparable
70396,70397,inseparable
70398,70399,inseparable
70400,70401,inseparable
70442,70441,separable
70442,70443,separable
70442,70444,separable
70442,70445,separable
70442,70446,separable
70442,70447,separable
70442,70448,separable
70442,70449,separable
70442,70450,separable
70442,70451,separable
70531,70532,inseparable
70531,70533,inseparable
70531,70534,inseparable
70531,70535,inseparable
70531,70536,inseparable
70531,70537,inseparable
70531,70538,inseparable
70531,70539,inseparable
70531,70540,inseparable
70531,70541,inseparable
70531,70542,inseparable
70531,70543,inseparable
70531,70544,inseparable
70531,70545,inseparable
70546,70547,inseparable
70546,70548,inseparable
70546,70549,inseparable
70546,70550,inseparable
70546,70551,inseparable
70546,70552,inseparable
70546,70553,inseparable
70546,70554,inseparable
70546,70555,inseparable
70546,70556,inseparable
70546,70557,inseparable
70546,70558,inseparable
70546,70559,inseparable
70546,70560,inseparable
70561,70562,inseparable
70561,70563,inseparable
70561,70564,inseparable
70561,70565,inseparable
70561,70566,inseparable
70561,70567,inseparable
70561,70568,inseparable
70561,70569,inseparable
70561,70570,inseparable
70571,70572,inseparable
70571,70573,inseparable
70571,70574,inseparable
70571,70575,inseparable
70571,70576,inseparable
70571,70577,inseparable
70571,70578,inseparable
70571,70579,inseparable
70571,70580,inseparable
70571,70581,inseparable
70571,70582,inseparable
70571,70583,inseparable
70571,70584,inseparable
70585,70586,inseparable
70585,70587,inseparable
70585,70588,inseparable
70585,70589,inseparable
70585,70590,inseparable
70585,70591,inseparable
70585,70592,inseparable
70585,70593,inseparable
70585,70594,inseparable
70585,70595,inseparable
70585,70596,inseparable
70585,70597,inseparable
70585,70598,inseparable
70585,70599,inseparable
70600,70601,inseparable
70600,70602,inseparable
70600,70603,inseparable
70600,70604,inseparable
70600,70605,inseparable
70600,70606,inseparable
70600,70607,inseparable
70600,70608,inseparable
70600,70609,inseparable
70600,70610,inseparable
70600,70611,inseparable
70600,70612,inseparable
70600,70613,inseparable
70614,70615,inseparable
70614,70616,inseparable
70614,70617,inseparable
70614,70618,inseparable
70614,70619,inseparable
70614,70620,inseparable
70614,70621,inseparable
70614,70622,inseparable
70614,70623,inseparable
70614,70624,inseparable
70614,70625,inseparable
70614,70626,inseparable
70614,70627,inseparable
70628,70629,inseparable
70628,70630,inseparable
70628,70631,inseparable
70628,70632,inseparable
70628,70633,inseparable
70628,70634,inseparable
70628,70635,inseparable
70628,70636,inseparable
70628,70637,inseparable
70628,70638,inseparable
70628,70639,inseparable
70628,70640,inseparable
70628,70641,inseparable
70642,70643,inseparable
70642,70644,inseparable
70642,70645,inseparable
70642,70646,inseparable
70642,70647,inseparable
70642,70648,inseparable
70642,70649,inseparable
70642,70650,inseparable
70642,70651,inseparable
70642,70652,inseparable
70642,70653,inseparable
70642,70654,inseparable
70642,70655,inseparable
70656,70657,inseparable
70656,70658,inseparable
70656,70659,inseparable
70656,70660,inseparable
70656,70661,inseparable
70656,70662,inseparable
70656,70663,inseparable
70656,70664,inseparable
70656,70665,inseparable
70656,70666,inseparable
70656,70667,inseparable
70656,70668,inseparable
70656,70669,inseparable
70670,70671,inseparable
70670,70672,inseparable
70670,70673,inseparable
70670,70674,inseparable
70670,70675,inseparable
70670,70676,inseparable
70670,70677,inseparable
70670,70678,inseparable
70670,70679,inseparable
70670,70680,inseparable
70670,70681,inseparable
70670,70682,inseparable
70670,70683,inseparable
70684,70685,inseparable
70684,70686,inseparable
70684,70687,inseparable
70684,70688,inseparable
70684,70689,inseparable
70684,70690,inseparable
70684,70691,inseparable
70684,70692,inseparable
70684,70693,inseparable
70684,70694,inseparable
70684,70695,inseparable
70684,70696,inseparable
70684,70697,inseparable
70698,70699,inseparable
70698,70700,inseparable
70698,70701,inseparable
70698,70702,inseparable
70698,70703,inseparable
70698,70704,inseparable
70698,70705,inseparable
70698,70706,inseparable
70698,70707,inseparable
70698,70708,inseparable
70698,70709,inseparable
70698,70710,inseparable
70698,70711,inseparable
70712,70713,inseparable
70712,70714,inseparable
70712,70715,inseparable
70712,70716,inseparable
70712,70717,inseparable
70712,70718,inseparable
70712,70719,inseparable
70712,70720,inseparable
70712,70721,inseparable
70712,70722,inseparable
70712,70723,inseparable
70712,70724,inseparable
70712,70725,inseparable
70726,70727,inseparable
70726,70728,inseparable
70726,70729,inseparable
70726,70730,inseparable
70726,70731,inseparable
70726,70732,inseparable
70726,70733,inseparable
70726,70734,inseparable
70726,70735,inseparable
70726,70736,inseparable
70726,70737,inseparable
70726,70738,inseparable
70726,70739,inseparable
70740,70741,inseparable
70740,70742,inseparable
70740,70743,inseparable
70740,70744,inseparable
70740,70745,inseparable
70740,70746,inseparable
70740,70747,inseparable
70740,70748,inseparable
70740,70749,inseparable
70740,70750,inseparable
70740,70751,inseparable
70740,70752,inseparable
70740,70753,inseparable
70754,70755,inseparable
70754,70756,inseparable
70754,70757,inseparable
70754,70758,inseparable
70754,70759,inseparable
70754,70760,inseparable
70754,70761,inseparable
70754,70762,inseparable
70754,70763,inseparable
70754,70764,inseparable
70754,70765,inseparable
70754,70766,inseparable
70754,70767,inseparable
70768,70769,inseparable
70768,70770,inseparable
70768,70771,inseparable
70768,70772,inseparable
70768,70773,inseparable
70768,70774,inseparable
70768,70775,inseparable
70768,70776,inseparable
70768,70777,inseparable
70768,70778,inseparable
70768,70779,inseparable
70768,70780,inseparable
70768,70781,inseparable
70789,70790,inseparable
70793,70794,separable
70989,70990,inseparable
70989,70991,inseparable
70989,70992,inseparable
70997,70998,inseparable
70997,70999,inseparable
70997,71000,inseparable
70997,71001,inseparable
70997,71002,inseparable
70997,71003,inseparable
70997,71004,inseparable
70997,71005,inseparable
70997,71006,inseparable
70997,71007,inseparable
70997,71008,inseparable
70997,71009,inseparable
70997,71010,inseparable
70997,71011,inseparable
70997,71012,inseparable
70997,71013,inseparable
70997,71014,inseparable
70997,71015,inseparable
70997,71016,inseparable
70997,71017,inseparable
70997,71018,inseparable
70997,71019,inseparable
70997,71020,inseparable
70997,71021,inseparable
71078,71079,inseparable
71078,71080,inseparable
71078,71081,inseparable
71078,71082,inseparable
71078,71083,inseparable
71078,71084,inseparable
71078,71085,inseparable
71089,71090,inseparable
71089,71091,inseparable
71089,71092,inseparable
71089,71093,inseparable
71089,71094,inseparable
71089,71095,inseparable
71089,71096,inseparable
71089,71097,inseparable
71113,71114,inseparable
71123,71124,inseparable
71131,71130,separable
71131,71132,separable
71131,71133,separable
71131,71134,separable
71131,71135,separable
71131,71136,separable
71131,71137,separable
71131,71138,separable
71131,71139,separable
71131,71140,separable
71238,163768,inseparable
71269,71270,inseparable
71378,71379,inseparable
71455,220666,separable
71461,71462,inseparable
71563,71564,inseparable
71591,71592,inseparable
71611,71610,separable
71611,71612,separable
71611,71613,separable
71611,71614,separable
71611,71615,separable
71611,71616,separable
71611,71617,separable
71611,71618,separable
71611,71619,separable
71611,71620,separable
71611,71621,separable
71611,71622,separable
71693,71692,separable
71693,71694,separable
71693,71695,separable
71693,71696,separable
71693,71697,separable
71698,71699,inseparable
71698,71700,inseparable
71698,71701,inseparable
71698,71702,inseparable
71698,71703,inseparable
71698,71704,inseparable
71698,71705,inseparable
71698,71706,inseparable
71698,71707,inseparable
71698,71708,inseparable
71698,71709,inseparable
71698,71710,inseparable
71698,71711,inseparable
71698,71712,inseparable
71698,71713,inseparable
71698,71714,inseparable
71698,71715,inseparable
71698,71716,inseparable
71698,71717,inseparable
71698,71718,inseparable
71698,71719,inseparable
71698,71720,inseparable
71698,71721,inseparable
71698,71722,inseparable
71698,71723,inseparable
71698,71724,inseparable
71698,71725,inseparable
71698,71726,inseparable
71698,71727,inseparable
71729,71728,separable
71729,71730,separable
71729,71731,separable
71729,71732,separable
71729,71733,separable
71729,71734,separable
71741,71742,inseparable
71741,71743,inseparable
71741,71744,inseparable
71741,71745,inseparable
71741,71746,inseparable
71741,71747,inseparable
71741,71748,inseparable
71741,71749,inseparable
71741,71750,inseparable
71741,71751,inseparable
71741,71752,inseparable
71741,71753,inseparable
71741,71754,inseparable
71741,71755,inseparable
71741,71756,inseparable
71741,71757,inseparable
71741,71758,inseparable
71741,71759,inseparable
71741,71760,inseparable
71741,71761,inseparable
71763,71762,separable
71763,71764,separable
71763,71765,separable
71763,71766,separable
71763,71767,separable
71763,71768,separable
71763,71769,separable
71763,71770,separable
71763,71771,separable
71763,71772,separable
71763,71773,separable
71763,71774,separable
71763,71775,separable
71763,71776,separable
71763,71777,separable
71763,71778,separable
71763,71779,separable
71763,71780,separable
71763,71781,separable
71763,71782,separable
71763,71783,separable
71763,71784,separable
71763,71785,separable
71763,71786,separable
71763,71787,separable
71763,71788,separable
71763,71789,separable
71799,71798,separable
71799,71800,separable
71799,71801,separable
71799,71802,separable
71799,71803,separable
71799,71804,separable
71799,71805,separable
71799,71806,separable
71824,71823,separable
71824,71825,separable
71824,71826,separable
71824,71827,separable
71824,71828,separable
71830,71831,inseparable
71830,71832,inseparable
71830,71833,inseparable
71830,71834,inseparable
71830,71835,inseparable
71830,71836,inseparable
71830,71837,inseparable
71830,71838,inseparable
71830,71839,inseparable
71830,71840,inseparable
71830,71841,inseparable
71830,71842,inseparable
71830,71843,inseparable
71830,71844,inseparable
71830,71845,inseparable
71830,71846,inseparable
71862,71863,inseparable
71884,71885,inseparable
71884,71886,inseparable
71884,71887,inseparable
71884,71888,inseparable
71884,71889,inseparable
71884,71890,inseparable
71884,71891,inseparable
71884,71892,inseparable
71884,71893,inseparable
71884,71894,inseparable
71884,71895,inseparable
71884,71896,inseparable
71884,71897,inseparable
71884,71898,inseparable
71884,71899,inseparable
71884,71900,inseparable
71884,71901,inseparable
71884,71902,inseparable
71884,71903,inseparable
71884,71904,inseparable
71884,71905,inseparable
71884,71906,inseparable
71884,71907,inseparable
71884,71908,inseparable
71884,71909,inseparable
71884,71910,inseparable
71884,71911,inseparable
71884,71912,inseparable
71884,71913,inseparable
71884,71914,inseparable
71884,71915,inseparable
71884,71916,inseparable
71884,71917,inseparable
71884,71918,inseparable
71884,71919,inseparable
71884,71920,inseparable
71884,71921,inseparable
71884,71922,inseparable
71884,71923,inseparable
71884,71924,inseparable
71884,71925,inseparable
71884,71926,inseparable
71884,71927,inseparable
71884,71928,inseparable
71884,71929,inseparable
71884,71930,inseparable
71884,71931,inseparable
71884,71932,inseparable
71884,71933,inseparable
71884,71934,inseparable
71884,71935,inseparable
71884,71936,inseparable
71884,71937,inseparable
71884,71938,inseparable
71884,71939,inseparable
71884,71940,inseparable
71884,71941,inseparable
71884,71942,inseparable
71884,71943,inseparable
71884,71944,inseparable
71884,71945,inseparable
71884,71946,inseparable
71884,71947,inseparable
71884,71948,inseparable
71884,71949,inseparable
71884,71950,inseparable
71884,71951,inseparable
71884,71952,inseparable
71884,71953,inseparable
71884,71954,inseparable
71884,71955,inseparable
71884,71956,inseparable
71884,71957,inseparable
71884,71958,inseparable
71884,71959,inseparable
71884,71960,inseparable
71884,71961,inseparable
71884,71962,inseparable
71884,71963,inseparable
71884,71964,inseparable
71884,71965,inseparable
71884,71966,inseparable
71884,71967,inseparable
71884,71968,inseparable
71884,71969,inseparable
71884,71970,inseparable
71884,71971,inseparable
71884,71972,inseparable
71884,71973,inseparable
71884,71974,inseparable
71884,71975,inseparable
71884,71976,inseparable
71884,71977,inseparable
71884,71978,inseparable
71884,71979,inseparable
71884,71980,inseparable
71884,71981,inseparable
71884,71982,inseparable
71884,71983,inseparable
71884,71984,inseparable
71884,71985,inseparable
71884,71986,inseparable
71884,71987,inseparable
71884,71988,inseparable
71884,71989,inseparable
71884,71990,inseparable
71884,71991,inseparable
71884,71992,inseparable
71884,71993,inseparable
71884,71994,inseparable
71884,71995,inseparable
71884,71996,inseparable
71884,71997,inseparable
71884,71998,inseparable
71884,71999,inseparable
71884,72000,inseparable
71884,72001,inseparable
71884,72002,inseparable
71884,72003,inseparable
71884,72004,inseparable
71884,72005,inseparable
71884,72006,inseparable
71884,72007,inseparable
71884,72008,inseparable
71884,72009,inseparable
72062,72063,inseparable
72064,72065,inseparable
72080,72081,inseparable
72083,72084,inseparable
72094,72095,inseparable
72094,72096,inseparable
72094,72097,inseparable
72094,72098,inseparable
72094,72099,inseparable
72094,72100,inseparable
72094,72101,inseparable
72094,72102,inseparable
72094,72103,inseparable
72094,72104,inseparable
72094,72105,inseparable
72094,72106,inseparable
72094,72107,inseparable
72094,72108,inseparable
72094,72109,inseparable
72094,72110,inseparable
72094,72111,inseparable
72094,72112,inseparable
72094,72113,inseparable
72094,72114,inseparable
72094,72115,inseparable
72094,72116,inseparable
72094,72117,inseparable
72094,72118,inseparable
72094,72119,inseparable
72094,72120,inseparable
72094,72121,inseparable
72094,72122,inseparable
72094,72123,inseparable
72094,72124,inseparable
72094,72125,inseparable
72094,72126,inseparable
72094,72127,inseparable
72094,72128,inseparable
72094,72129,inseparable
72094,72130,inseparable
72094,72131,inseparable
72094,72132,inseparable
72094,72133,inseparable
72094,72134,inseparable
72094,72135,inseparable
72094,72136,inseparable
72181,72182,inseparable
72181,72183,inseparable
72181,72184,inseparable
72181,72185,inseparable
72181,72186,inseparable
72181,72187,inseparable
72181,72188,inseparable
72181,72189,inseparable
72181,72190,inseparable
72181,72191,inseparable
72181,72192,inseparable
72181,72193,inseparable
72181,72194,inseparable
72181,72195,inseparable
72181,72196,inseparable
72181,72197,inseparable
72181,72198,inseparable
72181,72199,inseparable
72181,72200,inseparable
72181,72201,inseparable
72181,72202,inseparable
72181,72203,inseparable
72181,72204,inseparable
72181,72205,inseparable
72181,72206,inseparable
72181,72207,inseparable
72181,72208,inseparable
72181,72209,inseparable
72181,72210,inseparable
72211,72212,inseparable
72211,72213,inseparable
72211,72214,inseparable
72211,72215,inseparable
72211,72216,inseparable
72211,72217,inseparable
72211,72218,inseparable
72211,72219,inseparable
72211,72220,inseparable
72211,72221,inseparable
72211,72222,inseparable
72211,72223,inseparable
72269,72268,separable
72269,72270,separable
72269,72271,separable
72269,72272,separable
72269,72273,separable
72269,72274,separable
72269,72275,separable
72269,72276,separable
72269,72277,separable
72284,72283,separable
72284,72285,separable
72284,72286,separable
72284,72287,separable
72284,72288,separable
72284,72289,separable
72284,72290,separable
72284,72291,separable
72300,72299,separable
72300,72301,separable
72300,72302,separable
72300,72303,separable
72300,72304,separable
72300,72305,separable
72300,72306,separable
72300,72307,separable
72300,72308,separable
72300,72309,separable
72300,72310,separable
72300,72311,separable
72300,72312,separable
72300,72313,separable
72300,72314,separable
72300,72315,separable
72300,72316,separable
72300,72317,separable
72300,72318,separable
72300,72319,separable
72665,169108,inseparable
72666,169109,inseparable
72874,72875,inseparable
72888,72889,inseparable
72888,72890,inseparable
72888,72891,inseparable
72888,72892,inseparable
72927,72928,inseparable
72927,72929,inseparable
72927,72930,inseparable
72927,72931,inseparable
72927,72932,inseparable
72927,72933,inseparable
72927,72934,inseparable
72927,72935,inseparable
72927,72936,inseparable
72927,72937,inseparable
72927,72938,inseparable
72927,72939,inseparable
72927,72940,inseparable
72927,72941,inseparable
72927,72942,inseparable
72927,72943,inseparable
72927,72944,inseparable
72927,72945,inseparable
72927,72946,inseparable
72927,72947,inseparable
72927,72948,inseparable
72927,72949,inseparable
72927,72950,inseparable
72927,72951,inseparable
72961,72962,inseparable
72961,72963,inseparable
72961,72964,inseparable
72961,72965,inseparable
72961,72966,inseparable
72961,72967,inseparable
72974,72975,inseparable
72974,72976,inseparable
72974,72977,inseparable
72974,72978,inseparable
72974,72979,inseparable
72974,72980,inseparable
72974,72981,inseparable
72974,72982,inseparable
72974,72983,inseparable
72974,72984,inseparable
72974,72985,inseparable
72974,72986,inseparable
72974,72987,inseparable
72974,72988,inseparable
72974,72989,inseparable
72974,72990,inseparable
72974,72991,inseparable
72974,72992,inseparable
72974,72993,inseparable
72974,72994,inseparable
72974,72995,inseparable
72974,72996,inseparable
72974,72997,inseparable
72974,72998,inseparable
72974,72999,inseparable
72974,73000,inseparable
72974,73001,inseparable
72974,73002,inseparable
72974,73004,separable
73153,73152,separable
73153,73154,separable
73153,73155,separable
73153,73156,separable
73153,73157,separable
73153,73158,separable
73153,73159,separable
73153,73160,separable
73162,73161,separable
73162,73163,separable
73162,73164,separable
73162,73165,separable
73162,73166,separable
73162,73167,separable
73162,73168,separable
73162,73169,separable
73162,73170,separable
73162,73171,separable
73173,73172,separable
73173,73174,separable
73173,73175,separable
73173,73176,separable
73173,73177,separable
73173,73178,separable
73173,73179,separable
73173,73180,separable
73173,73181,separable
73173,73182,separable
73173,73183,separable
73173,73184,separable
73173,73185,separable
73173,73186,separable
73173,73187,separable
73173,73188,separable
73173,73189,separable
73173,73190,separable
73173,73191,separable
73173,73192,separable
73173,73193,separable
73173,73194,separable
73173,73195,separable
73173,73196,separable
73173,73197,separable
73173,73198,separable
73173,73199,separable
73173,73200,separable
73173,73201,separable
73173,73202,separable
73173,73203,separable
73173,73204,separable
73173,73205,separable
73173,73206,separable
73173,73207,separable
73173,73208,separable
73173,73209,separable
73173,73210,separable
73173,73211,separable
73173,73212,separable
73173,73213,separable
73173,73214,separable
73173,73215,separable
73173,73216,separable
73173,73217,separable
73173,73218,separable
73173,73219,separable
73173,73220,separable
73173,73221,separable
73173,73222,separable
73173,73223,separable
73173,73224,separable
73173,73225,separable
73226,73227,inseparable
73226,73228,inseparable
73226,73229,inseparable
73226,73230,inseparable
73226,73231,inseparable
73226,73232,inseparable
73226,73233,inseparable
73226,73234,inseparable
73226,73235,inseparable
73226,73236,inseparable
73226,73237,inseparable
73226,73238,inseparable
73240,73239,separable
73240,73241,separable
73240,73242,separable
73240,73243,separable
73240,73244,separable
73240,73245,separable
73240,73246,separable
73240,73247,separable
73240,73248,separable
73240,73249,separable
73240,73250,separable
73240,73251,separable
73240,73252,separable
73254,73253,separable
73254,73255,separable
73254,73256,separable
73254,73257,separable
73254,73258,separable
73254,73259,separable
73254,73260,separable
73254,73261,separable
73254,73262,separable
73254,73263,separable
73254,73264,separable
73254,73265,separable
73254,73266,separable
73254,73267,separable
73254,73268,separable
73254,73269,separable
73254,73270,separable
73254,73271,separable
73254,73272,separable
73254,73273,separable
73254,73274,separable
73254,73275,separable
73277,73276,separable
73277,73278,separable
73277,73279,separable
73277,73280,separable
73277,73281,separable
73277,73282,separable
73277,73283,separable
73277,73284,separable
73277,73285,separable
73277,73286,separable
73277,73287,separable
73277,73288,separable
73277,73289,separable
73291,73290,separable
73291,73292,separable
73291,73293,separable
73291,73294,separable
73291,73295,separable
73291,73296,separable
73291,73297,separable
73291,73298,separable
73291,73299,separable
73291,73300,separable
73302,73301,separable
73302,73303,separable
73302,73304,separable
73302,73305,separable
73302,73306,separable
73302,73307,separable
73302,73308,separable
73302,73309,separable
73302,73310,separable
73302,73311,separable
73302,73312,separable
73302,73313,separable
73302,73314,separable
73302,73315,separable
73302,73316,separable
73302,73317,separable
73302,73318,separable
73302,73319,separable
73302,73320,separable
73302,73321,separable
73323,73322,separable
73323,73324,separable
73323,73325,separable
73323,73326,separable
73323,73327,separable
73323,73328,separable
73323,73329,separable
73323,73330,separable
73323,73331,separable
73323,73332,separable
73334,73333,separable
73334,73335,separable
73334,73336,separable
73334,73337,separable
73334,73338,separable
73334,73339,separable
73334,73340,separable
73334,73341,separable
73334,73342,separable
73334,73343,separable
73334,73344,separable
73334,73345,separable
73334,73346,separable
73334,73347,separable
73334,73348,separable
73334,73349,separable
73334,73350,separable
73334,73351,separable
73334,73352,separable
73334,73353,separable
73334,73354,separable
73396,73397,inseparable
73401,73402,inseparable
73448,73449,inseparable
73454,73455,inseparable
73458,73459,inseparable
73462,73463,inseparable
73465,73466,inseparable
73490,73491,inseparable
73509,73510,inseparable
73529,73530,inseparable
73577,73578,inseparable
73596,73595,separable
73596,73597,separable
73596,73598,separable
73596,73599,separable
73596,73600,separable
73596,73601,separable
73596,73602,separable
73596,73603,separable
73596,73604,separable
73596,73605,separable
73596,73606,separable
73596,73607,separable
73596,73608,separable
73610,73609,separable
73610,73611,separable
73610,73612,separable
73610,73613,separable
73610,73614,separable
73610,73615,separable
73610,73616,separable
73828,73829,inseparable
73837,73838,inseparable
73850,73851,inseparable
73852,73853,inseparable
73857,73858,inseparable
73861,73862,inseparable
73900,73901,inseparable
73945,73944,separable
73945,73946,separable
73945,73947,separable
73945,73948,separable
73945,73949,separable
73945,73950,separable
73945,73951,separable
73945,73952,separable
73945,73953,separable
73945,73954,separable
73945,73955,separable
73957,73956,separable
73957,73958,separable
73957,73959,separable
73957,73960,separable
73957,73961,separable
73957,73962,separable
73964,73963,separable
73964,73965,separable
73964,73966,separable
73964,73967,separable
73964,73968,separable
73970,73969,separable
73970,73971,separable
73970,73972,separable
73970,73973,separable
73970,73974,separable
73970,73975,separable
73970,73976,separable
73970,73977,separable
73970,73978,separable
73970,73979,separable
74095,74096,inseparable
74107,74108,inseparable
74121,74122,inseparable
74123,74124,inseparable
74126,74127,inseparable
74128,74129,inseparable
74137,74138,inseparable
74163,74164,inseparable
74165,74166,inseparable
74169,74170,inseparable
74185,74186,inseparable
74188,74189,inseparable
74192,74193,inseparable
74194,74195,inseparable
74199,74200,inseparable
74201,74202,inseparable
74203,74204,inseparable
74205,74206,inseparable
74207,74208,inseparable
74209,74210,inseparable
74211,74212,inseparable
74213,74214,inseparable
74215,74216,inseparable
74217,74218,inseparable
74219,74220,inseparable
74221,74222,inseparable
74223,74224,inseparable
74225,74226,inseparable
74227,74228,inseparable
74229,74230,inseparable
74231,74232,inseparable
74233,74234,inseparable
74235,74236,inseparable
74237,74238,inseparable
74239,74240,inseparable
74241,74242,inseparable
74243,74244,inseparable
74245,74246,inseparable
74247,74248,inseparable
74249,74250,inseparable
74251,74252,inseparable
74253,74254,inseparable
74255,74256,inseparable
74257,74258,inseparable
74259,74260,inseparable
74261,74262,inseparable
74263,74264,inseparable
74271,74272,inseparable
74420,74421,inseparable
74426,74427,inseparable
74428,74429,inseparable
74430,74431,inseparable
74525,74524,separable
74525,74526,separable
74525,74527,separable
74525,74528,separable
74525,74529,separable
74525,74530,separable
74525,74531,separable
74525,74532,separable
74525,74533,separable
74525,74534,separable
74525,74535,separable
74552,74553,inseparable
74561,74562,inseparable
74563,74564,inseparable
74566,74567,inseparable
74785,74786,inseparable
74846,74847,inseparable
74848,74849,inseparable
74872,74873,inseparable
74879,78886,separable
74879,78887,separable
74879,78888,separable
74879,78889,separable
74879,78890,separable
74879,78891,separable
74879,78892,separable
74879,78893,separable
74879,78894,separable
74879,78895,separable
74879,78896,separable
74879,78897,separable
74879,78898,separable
74978,74979,inseparable
74978,74980,inseparable
74978,74981,inseparable
74978,74982,inseparable
74978,74983,inseparable
74978,74984,inseparable
74978,74985,inseparable
74978,74986,inseparable
74978,74987,inseparable
74978,74988,inseparable
74989,82025,separable
74989,82026,separable
74989,82027,separable
74989,82028,separable
74989,82029,separable
74989,82030,separable
74989,82031,separable
74989,82032,separable
74989,82033,separable
74989,82034,separable
74989,82035,separable
74989,82036,separable
74989,82037,separable
74989,82038,separable
74989,82039,separable
74989,82040,separable
74989,82041,separable
74989,82042,separable
74989,82043,separable
74989,82044,separable
74989,82045,separable
74989,82046,separable
74989,82047,separable
74989,82048,separable
74989,82049,separable
74989,82050,separable
74989,82051,separable
74989,82052,separable
74989,82053,separable
74989,82054,separable
74989,82055,separable
74989,82056,separable
74989,82057,separable
74989,82058,separable
74989,82059,separable
74989,82060,separable
74989,82061,separable
74989,82062,separable
74989,82063,separable
74989,82064,separable
74989,82065,separable
74989,82066,separable
75020,75019,separable
75020,125250,separable
75020,125251,separable
75020,125252,separable
75020,125253,separable
75020,125254,separable
75020,125255,separable
75020,125256,separable
75020,125257,separable
75020,125258,separable
75152,75153,inseparable
75156,230769,separable
75156,230770,separable
75156,230771,separable
75156,230772,separable
75156,230773,separable
75156,230774,separable
75156,230775,separable
75156,230776,separable
75156,230777,separable
75156,230778,separable
75213,75214,inseparable
75213,75215,inseparable
75213,75216,inseparable
75213,75217,inseparable
75213,75218,inseparable
75213,75219,inseparable
75213,75220,inseparable
75213,75221,inseparable
75213,75222,inseparable
75213,75223,inseparable
75213,75224,inseparable
75213,75225,inseparable
75213,75226,inseparable
75213,75227,inseparable
75213,75228,inseparable
75213,75229,inseparable
75213,75230,inseparable
75213,75231,inseparable
75213,75232,inseparable
75213,75233,inseparable
75213,75234,inseparable
75213,75235,inseparable
75213,75236,inseparable
75213,75237,inseparable
75213,75238,inseparable
75213,75239,inseparable
75213,75240,inseparable
75213,75241,inseparable
75213,75242,inseparable
75213,75243,inseparable
75213,75244,inseparable
75213,75245,inseparable
75213,75246,inseparable
75213,75247,inseparable
75213,75248,inseparable
75213,75249,inseparable
75213,75250,inseparable
75213,75251,inseparable
75213,75252,inseparable
75293,133780,separable
75293,133782,separable
75312,76789,separable
75312,76790,separable
75312,76791,separable
75312,76792,separable
75312,76793,separable
75627,76796,separable
75627,76797,separable
75627,76798,separable
75627,76799,separable
75627,76800,separable
75627,76801,separable
75627,76802,separable
75627,76803,separable
75627,76804,separable
75627,76805,separable
75627,76806,separable
75627,76807,separable
75628,76808,separable
75628,76809,separable
75628,76810,separable
75628,76811,separable
75628,76812,separable
75628,76813,separable
75628,76814,separable
75628,76815,separable
75628,76816,separable
75628,76817,separable
75628,76818,separable
75628,76819,separable
75628,76820,separable
75628,76821,separable
75628,76822,separable
75628,76823,separable
75628,76824,separable
75628,76825,separable
75628,76826,separable
75632,220752,separable
75632,220753,separable
75632,220754,separable
75632,220755,separable
75632,220756,separable
75633,220740,separable
75633,220741,separable
75633,220742,separable
75633,220743,separable
75633,220744,separable
75633,220745,separable
75633,220746,separable
75633,220747,separable
75633,220748,separable
75633,220749,separable
75633,220750,separable
75637,220442,separable
75652,221138,separable
75652,221139,separable
75652,221140,separable
75652,221141,separable
75652,221142,separable
75652,221143,separable
75652,221144,separable
75652,221145,separable
75652,221146,separable
75652,221147,separable
75652,221148,separable
75652,221149,separable
75652,221150,separable
75652,221151,separable
75652,221152,separable
75659,218696,inseparable
75682,75649,separable
75682,220965,separable
75682,220966,separable
75682,220967,separable
75682,220968,separable
75682,220969,separable
75682,220970,separable
75682,220971,separable
75682,220978,separable
75682,220979,separable
75682,220980,separable
75682,220981,separable
75682,220982,separable
75682,220983,separable
75682,220984,separable
75682,220985,separable
75682,220986,separable
75682,220987,separable
75753,75754,inseparable
75780,75781,inseparable
75783,75784,inseparable
75783,228829,inseparable
75786,75787,inseparable
75829,75830,inseparable
75843,75844,inseparable
75843,75845,inseparable
75853,75854,inseparable
75862,75863,inseparable
75874,75875,inseparable
75885,75886,inseparable
75934,75935,inseparable
75937,75938,inseparable
75944,75945,inseparable
75949,75950,inseparable
75963,75964,inseparable
75981,75982,inseparable
75981,75983,inseparable
75981,75984,inseparable
75981,75985,inseparable
75981,75986,inseparable
75981,75987,inseparable
75981,75988,inseparable
75981,75989,inseparable
75981,75990,inseparable
75981,75991,inseparable
75981,75992,inseparable
75981,75993,inseparable
75981,75994,inseparable
75981,75995,inseparable
75981,75996,inseparable
75981,75997,inseparable
75981,75998,inseparable
75981,75999,inseparable
75981,76000,inseparable
75981,76001,inseparable
75981,76002,inseparable
75981,76003,inseparable
75981,76004,inseparable
75981,76005,inseparable
75981,76006,inseparable
75981,76007,inseparable
75981,76008,inseparable
75981,76009,inseparable
75981,76010,inseparable
75981,76011,inseparable
75981,76012,inseparable
75981,76013,inseparable
75981,76014,inseparable
75981,76015,inseparable
75981,76016,inseparable
75981,76017,inseparable
75981,76018,inseparable
75981,76019,inseparable
75981,76020,inseparable
75981,76021,inseparable
75981,76022,inseparable
75981,76023,inseparable
75981,76024,inseparable
75981,76025,inseparable
75981,76026,inseparable
75981,76027,inseparable
75981,76028,inseparable
75981,76029,inseparable
75981,76030,inseparable
75981,76031,inseparable
75981,76032,inseparable
75981,76033,inseparable
75981,76034,inseparable
75981,76035,inseparable
75981,76036,inseparable
75981,76037,inseparable
75981,76038,inseparable
75981,76039,inseparable
76041,76042,inseparable
76043,76044,inseparable
76045,76046,inseparable
76075,76076,inseparable
76095,76096,inseparable
76100,76101,inseparable
76104,76105,inseparable
76114,76115,inseparable
76123,76124,inseparable
76126,76127,inseparable
76130,76131,inseparable
76141,76142,inseparable
76144,76145,inseparable
76156,76157,inseparable
76161,76162,inseparable
76174,76175,inseparable
76176,76177,inseparable
76194,76195,inseparable
76219,76220,inseparable
76219,76221,inseparable
76219,76222,inseparable
76219,76223,inseparable
76219,76224,inseparable
76219,76225,inseparable
76219,76226,inseparable
76219,76227,inseparable
76219,76228,inseparable
76219,76229,inseparable
76219,76230,inseparable
76219,76231,inseparable
76219,76232,inseparable
76219,76233,inseparable
76219,76234,inseparable
76219,76235,inseparable
76219,76236,inseparable
76219,76237,inseparable
76219,76238,inseparable
76219,76239,inseparable
76219,76240,inseparable
76219,76241,inseparable
76219,76242,inseparable
76219,76243,inseparable
76219,76244,inseparable
76219,76245,inseparable
76219,76246,inseparable
76219,76247,inseparable
76219,76248,inseparable
76219,76249,inseparable
76219,76250,inseparable
76219,76251,inseparable
76219,76252,inseparable
76219,76253,inseparable
76219,76254,inseparable
76219,76255,inseparable
76219,76256,inseparable
76219,76257,inseparable
76219,76258,inseparable
76219,76259,inseparable
76219,76260,inseparable
76219,76261,inseparable
76219,76262,inseparable
76219,76263,inseparable
76219,76264,inseparable
76219,76265,inseparable
76219,76266,inseparable
76219,76267,inseparable
76219,76268,inseparable
76219,76269,inseparable
76219,76270,inseparable
76219,76271,inseparable
76219,76272,inseparable
76219,76273,inseparable
76219,76274,inseparable
76219,76275,inseparable
76219,76276,inseparable
76219,76277,inseparable
76219,76278,inseparable
76219,76279,inseparable
76219,76280,inseparable
76219,76281,inseparable
76219,76282,inseparable
76219,76283,inseparable
76219,76284,inseparable
76219,76285,inseparable
76219,76286,inseparable
76219,76287,inseparable
76219,76288,inseparable
76219,76289,inseparable
76219,76290,inseparable
76293,76294,inseparable
76295,76296,inseparable
76298,76299,inseparable
76300,76301,inseparable
76303,76304,inseparable
76305,76306,inseparable
76307,76308,inseparable
76309,76310,inseparable
76312,76313,inseparable
76314,76315,inseparable
76319,76320,inseparable
76321,76322,inseparable
76323,76324,inseparable
76325,76326,inseparable
76328,76329,inseparable
76607,76597,separable
76607,76598,separable
76607,76599,separable
76607,76600,separable
76607,76606,separable
76619,76620,inseparable
76619,76621,inseparable
76619,76622,inseparable
76619,76623,inseparable
76619,76624,inseparable
76619,76625,inseparable
76619,76626,inseparable
76619,76627,inseparable
76619,76628,inseparable
76619,76629,inseparable
76619,76630,inseparable
76619,76631,inseparable
76619,76632,inseparable
76619,76633,inseparable
76619,76634,inseparable
76619,76635,inseparable
76619,76636,inseparable
76619,76637,inseparable
76619,76638,inseparable
76619,76639,inseparable
76619,76640,inseparable
76619,76641,inseparable
76619,76642,inseparable
76619,76643,inseparable
76619,76644,inseparable
76619,76645,inseparable
76619,76646,inseparable
76619,76647,inseparable
76619,76648,inseparable
76619,76649,inseparable
76619,76650,inseparable
76619,76651,inseparable
76619,76652,inseparable
76619,76653,inseparable
76619,76654,inseparable
76619,76655,inseparable
76619,76656,inseparable
76619,76657,inseparable
76619,76658,inseparable
76619,76659,inseparable
76619,76660,inseparable
76619,76661,inseparable
76619,76662,inseparable
76619,76663,inseparable
76619,76664,inseparable
76619,76665,inseparable
76619,76666,inseparable
76619,76667,inseparable
76619,76668,inseparable
76619,76669,inseparable
76619,76670,inseparable
76619,76671,inseparable
76619,76672,inseparable
76619,76673,inseparable
76619,76674,inseparable
76619,76675,inseparable
76619,76676,inseparable
76619,76677,inseparable
76619,76678,inseparable
76619,76679,inseparable
76771,74712,separable
76771,76772,inseparable
76771,76773,inseparable
76771,76774,inseparable
76771,76775,inseparable
76771,76776,inseparable
76771,76777,inseparable
76771,76778,inseparable
76771,76779,inseparable
76771,76780,inseparable
76771,76781,inseparable
76771,76782,inseparable
76771,76783,inseparable
76940,91453,separable
76940,91454,separable
77219,77220,separable
77219,77221,separable
77286,77281,separable
77286,77282,separable
77286,77283,separable
77286,77284,separable
77286,77285,separable
77313,77291,separable
77313,77292,separable
77313,77293,separable
77313,77294,separable
77313,77295,separable
77313,77296,separable
77313,77297,separable
77313,77298,separable
77313,77299,separable
77313,77300,separable
77313,77301,separable
77313,77302,separable
77313,77303,separable
77313,77304,separable
77313,77305,separable
77314,77306,separable
77314,77307,separable
77314,77308,separable
77314,77309,separable
77314,77310,separable
77314,77311,separable
77433,77434,inseparable
77435,77436,inseparable
77439,77440,inseparable
77668,77666,separable
77805,153274,inseparable
77807,78124,separable
77807,78134,separable
77807,78584,separable
77807,78590,separable
77807,78596,separable
77807,78609,separable
77807,78742,separable
77807,78744,separable
77807,78746,separable
77807,78748,separable
77807,78750,separable
77807,78752,separable
77807,78754,separable
77807,78756,separable
77807,78758,separable
77807,78760,separable
77807,78763,separable
77807,163164,separable
77807,163165,separable
77807,163166,separable
77807,163167,separable
77807,163168,separable
77807,163169,separable
77807,163170,separable
77807,163171,separable
77807,163172,separable
77807,163173,separable
77807,163174,separable
77807,163175,separable
77807,163176,separable
77807,163177,separable
77807,163178,separable
77807,163179,separable
77807,163180,separable
77807,163181,separable
77809,153275,inseparable
77812,153163,inseparable
77821,77822,inseparable
77943,77944,inseparable
78124,78125,inseparable
78134,78135,inseparable
78151,78152,inseparable
78161,125559,separable
78489,78463,separable
78489,78466,separable
78489,78468,separable
78489,78471,separable
78489,78472,separable
78489,78473,separable
78490,78477,separable
78490,78479,separable
78490,78480,separable
78490,78481,separable
78490,78483,separable
78490,78484,separable
78490,78486,separable
78490,78487,separable
78584,78585,inseparable
78590,78591,inseparable
78596,78597,inseparable
78609,78610,inseparable
78742,78743,inseparable
78744,78745,inseparable
78746,78747,inseparable
78748,78749,inseparable
78750,78751,inseparable
78752,78753,inseparable
78754,78755,inseparable
78756,78757,inseparable
78758,78759,inseparable
78760,78761,inseparable
78763,78764,inseparable
78788,211628,separable
78789,230924,separable
78789,230925,separable
78789,230926,separable
78789,230927,separable
78789,230928,separable
78789,230929,separable
78789,230930,separable
78789,230931,separable
78789,230932,separable
78789,230933,separable
78790,86614,separable
78790,230934,separable
78790,230935,separable
78790,230936,separable
78790,230937,separable
78790,230938,separable
78790,230940,separable
78790,230941,separable
78790,230942,separable
78790,230943,separable
78791,230939,separable
78791,230944,separable
78791,230945,separable
78791,230946,separable
78791,230947,separable
78791,230948,separable
78791,230949,separable
78791,230950,separable
78791,230951,separable
78791,230952,separable
78791,230953,separable
78791,230954,separable
78792,230955,separable
78792,230956,separable
78792,230957,separable
78792,230958,separable
78792,230959,separable
78792,230960,separable
78792,230961,separable
78792,230962,separable
78792,230963,separable
78792,230964,separable
78792,230965,separable
78792,230966,separable
78877,82701,separable
78877,82702,separable
78877,82703,separable
78877,82704,separable
78877,82705,separable
78877,82706,separable
78877,82707,separable
78877,82708,separable
78877,82709,separable
78877,82710,separable
78877,82711,separable
78877,82712,separable
78877,82713,separable
78877,82714,separable
78877,82715,separable
78877,82716,separable
78877,82717,separable
78877,82718,separable
78877,82719,separable
78877,82720,separable
78877,82721,separable
78877,82722,separable
78877,82723,separable
78877,82724,separable
78877,82725,separable
78877,82726,separable
78877,82727,separable
78877,82728,separable
78877,82729,separable
78877,82730,separable
78877,82731,separable
78877,82732,separable
78877,82733,separable
78877,82734,separable
78877,82735,separable
78877,82736,separable
78877,82737,separable
78877,82738,separable
78877,82739,separable
78877,82740,separable
78877,82741,separable
78877,82742,separable
78877,82743,separable
78877,82744,separable
78877,82745,separable
78877,82746,separable
78877,82747,separable
78877,82748,separable
78877,82749,separable
78877,82750,separable
78877,82751,separable
78877,82752,separable
78877,82753,separable
78877,82754,separable
78877,82755,separable
78877,82756,separable
78877,82757,separable
78877,82758,separable
78877,82759,separable
78877,82760,separable
78877,82761,separable
78877,82762,separable
78877,82763,separable
78877,82764,separable
78877,82765,separable
78877,82766,separable
78877,82767,separable
78877,82768,separable
78877,82769,separable
78877,82770,separable
78877,82771,separable
78877,82772,separable
78877,82773,separable
78877,82774,separable
78877,82775,separable
78877,82776,separable
78877,82777,separable
78877,82778,separable
78877,82779,separable
78877,82780,separable
78877,82781,separable
78877,82782,separable
78877,82783,separable
78877,82784,separable
78877,82785,separable
78877,82786,separable
78877,82787,separable
78877,82788,separable
78877,82789,separable
78877,82790,separable
78877,82791,separable
78877,82792,separable
78877,82793,separable
78877,82794,separable
78877,82795,separable
78877,82796,separable
79186,79524,separable
79186,79525,separable
79186,79526,separable
79186,79527,separable
79186,79528,separable
79252,79253,inseparable
79252,79254,inseparable
79252,79255,inseparable
79252,79256,inseparable
79252,79257,inseparable
79252,79258,inseparable
79252,79259,inseparable
79252,79260,inseparable
79252,79261,inseparable
79252,79262,inseparable
79252,79263,inseparable
79252,79264,inseparable
79252,79265,inseparable
79252,79266,inseparable
79252,79267,inseparable
79252,79268,inseparable
79252,79269,inseparable
79252,79270,inseparable
79252,79271,inseparable
79252,79272,inseparable
79252,79273,inseparable
79252,79274,inseparable
79252,79275,inseparable
79252,79276,inseparable
79252,79277,inseparable
79252,79278,inseparable
79252,79279,inseparable
79252,79280,inseparable
79252,79281,inseparable
79252,79282,inseparable
79252,79283,inseparable
79284,79285,inseparable
79284,79286,inseparable
79284,79287,inseparable
79284,79288,inseparable
79284,79289,inseparable
79284,79290,inseparable
79284,79291,inseparable
79284,79292,inseparable
79284,79293,inseparable
79284,79294,inseparable
79284,79295,inseparable
79296,79297,inseparable
79352,79353,inseparable
79412,79413,inseparable
79417,79418,inseparable
79428,76945,separable
79428,76946,separable
79428,78884,separable
79428,78885,separable
79453,82370,separable
79453,82371,separable
79453,82372,separable
79453,82373,separable
79453,82374,separable
79453,82375,separable
79530,82843,separable
79530,82844,separable
79530,82845,separable
79530,82846,separable
79530,82847,separable
79530,82848,separable
79530,82849,separable
79530,82850,separable
80083,82101,separable
80083,82102,separable
80083,82103,separable
80083,82104,separable
80457,80458,inseparable
80457,80459,inseparable
80457,80460,inseparable
80457,80461,inseparable
80457,80462,inseparable
80457,80463,inseparable
80457,80464,inseparable
80457,80465,inseparable
80457,80466,inseparable
80457,80467,inseparable
80457,80468,inseparable
80457,80469,inseparable
80457,80470,inseparable
80457,80471,inseparable
80457,80472,inseparable
80457,80473,inseparable
80457,80474,inseparable
80457,80475,inseparable
80457,80476,inseparable
80457,80477,inseparable
80457,80478,inseparable
80457,80479,inseparable
80457,80480,inseparable
80457,80481,inseparable
80457,80482,inseparable
80457,80483,inseparable
80457,80484,inseparable
80457,80485,inseparable
80457,80486,inseparable
80457,80487,inseparable
80457,80488,inseparable
80457,80489,inseparable
80785,90817,separable
80785,90818,separable
80785,90819,separable
80785,90820,separable
80785,90821,separable
80785,90823,separable
80785,90824,separable
80785,90825,separable
80785,90826,separable
80785,90827,separable
81151,81772,separable
81151,81773,separable
81159,165532,inseparable
81159,165573,inseparable
81159,165574,inseparable
81159,165575,inseparable
81159,165576,inseparable
81159,165577,inseparable
81159,165578,inseparable
81159,165579,inseparable
81159,165580,inseparable
81159,165581,inseparable
81159,165582,inseparable
81159,165583,inseparable
81159,165584,inseparable
81159,165585,inseparable
81159,165586,inseparable
81159,165587,inseparable
81159,165588,inseparable
81159,165589,inseparable
81159,165590,inseparable
81159,165591,inseparable
81159,165592,inseparable
81159,165593,inseparable
81159,165594,inseparable
81159,165595,inseparable
81159,165596,inseparable
81159,165597,inseparable
81159,165598,inseparable
81159,165599,inseparable
81159,165600,inseparable
81159,165601,inseparable
81159,165602,inseparable
81159,165603,inseparable
81159,165604,inseparable
81159,165605,inseparable
81159,165606,inseparable
81159,165607,inseparable
81159,165608,inseparable
81159,165609,inseparable
81159,165610,inseparable
81159,165611,inseparable
81159,165612,inseparable
81159,165613,inseparable
81159,165614,inseparable
81159,165615,inseparable
81159,165616,inseparable
81159,165617,inseparable
81159,165618,inseparable
81159,165619,inseparable
81159,165620,inseparable
81159,165621,inseparable
81159,165622,inseparable
81159,165623,inseparable
81159,165624,inseparable
81159,165625,inseparable
81159,165626,inseparable
81159,165627,inseparable
81159,165628,inseparable
81159,165629,inseparable
81159,165630,inseparable
81159,165631,inseparable
81159,165632,inseparable
81159,165633,inseparable
81159,165634,inseparable
81159,165635,inseparable
81187,81188,inseparable
81196,81197,inseparable
81198,81199,inseparable
81198,81200,inseparable
81201,81202,inseparable
81201,81203,inseparable
81234,162136,inseparable
81234,162137,inseparable
81234,162138,inseparable
81234,162139,inseparable
81234,162140,inseparable
81234,162141,inseparable
81234,162142,inseparable
81234,162143,inseparable
81234,162144,inseparable
81234,162145,inseparable
81234,162146,inseparable
81234,162147,inseparable
81234,162148,inseparable
81234,162149,inseparable
81234,162150,inseparable
81234,162151,inseparable
81234,162152,inseparable
81234,162153,inseparable
81234,162154,inseparable
81234,162155,inseparable
81234,162156,inseparable
81234,162157,inseparable
81234,162158,inseparable
81234,162159,inseparable
81234,162160,inseparable
81234,162161,inseparable
81234,162162,inseparable
81234,162163,inseparable
81234,162164,inseparable
81234,162165,inseparable
81234,162166,inseparable
81234,162167,inseparable
81234,162168,inseparable
81234,162169,inseparable
81234,162170,inseparable
81234,162171,inseparable
81234,162172,inseparable
81234,162173,inseparable
81234,162174,inseparable
81234,162175,inseparable
81234,162176,inseparable
81234,162177,inseparable
81234,162178,inseparable
81234,162179,inseparable
81234,162180,inseparable
81234,162181,inseparable
81234,162182,inseparable
81234,162183,inseparable
81234,162184,inseparable
81234,162185,inseparable
81234,162186,inseparable
81234,162187,inseparable
81234,162188,inseparable
81234,162189,inseparable
81234,162190,inseparable
81234,162191,inseparable
81234,162192,inseparable
81234,162193,inseparable
81234,162194,inseparable
81234,162195,inseparable
81234,162196,inseparable
81234,162197,inseparable
81234,162198,inseparable
81234,162199,inseparable
81234,162200,inseparable
81234,162201,inseparable
81234,162202,inseparable
81234,162203,inseparable
81234,162204,inseparable
81234,162205,inseparable
81234,162206,inseparable
81234,162207,inseparable
81234,162208,inseparable
81234,162209,inseparable
81234,162210,inseparable
81234,162211,inseparable
81234,162212,inseparable
81234,162213,inseparable
81234,162214,inseparable
81234,162215,inseparable
81234,162216,inseparable
81234,162217,inseparable
81234,162218,inseparable
81234,162219,inseparable
81234,162220,inseparable
81234,162221,inseparable
81234,162222,inseparable
81234,162223,inseparable
81234,162224,inseparable
81234,162225,inseparable
81234,162226,inseparable
81234,162227,inseparable
81234,162228,inseparable
81234,162229,inseparable
81234,162230,inseparable
81234,162231,inseparable
81234,162232,inseparable
81234,162233,inseparable
81234,162234,inseparable
81240,81241,inseparable
81265,81776,separable
81307,81308,inseparable
81337,165060,inseparable
81337,165061,inseparable
81454,81774,separable
81454,81775,separable
81500,81501,inseparable
81557,81558,inseparable
81564,81565,inseparable
81714,81715,inseparable
81760,90224,separable
81768,81447,separable
81769,81453,separable
81770,81448,separable
81771,81743,separable
81905,81906,inseparable
82580,218962,separable
82580,218963,separable
82580,218964,separable
82580,218965,separable
82580,218966,separable
82580,218967,separable
82580,218968,separable
82580,218969,separable
82580,218970,separable
82580,218971,separable
82580,218972,separable
82580,218973,separable
83993,83994,inseparable
84666,84667,inseparable
85205,85206,inseparable
85520,85521,inseparable
85520,85522,inseparable
85520,85523,inseparable
85520,85524,inseparable
85520,85525,inseparable
85520,85526,inseparable
85520,85527,inseparable
85520,85528,inseparable
85520,85529,inseparable
85520,85530,inseparable
85520,85531,inseparable
85520,85532,inseparable
85520,85533,inseparable
85520,85534,inseparable
85520,85535,inseparable
85520,85536,inseparable
85520,85537,inseparable
85520,85538,inseparable
85520,85539,inseparable
85520,85540,inseparable
85520,85541,inseparable
85520,85542,inseparable
85520,85543,inseparable
85520,85544,inseparable
85520,85545,inseparable
85520,85546,inseparable
85520,85547,inseparable
85520,85548,inseparable
85520,85549,inseparable
85520,85550,inseparable
85520,85551,inseparable
85520,85552,inseparable
85520,85553,inseparable
85520,85554,inseparable
85520,85555,inseparable
85520,85556,inseparable
85520,85557,inseparable
85520,85558,inseparable
85520,85559,inseparable
85520,85560,inseparable
85520,85561,inseparable
85520,85562,inseparable
85520,85563,inseparable
85520,85564,inseparable
85520,85565,inseparable
85520,85566,inseparable
85520,85567,inseparable
85520,85568,inseparable
85520,85569,inseparable
85520,85570,inseparable
85520,85571,inseparable
85520,85572,inseparable
85520,85573,inseparable
85520,85574,inseparable
85520,85575,inseparable
85520,85576,inseparable
85520,85577,inseparable
85520,85578,inseparable
85520,85579,inseparable
85520,85580,inseparable
85520,85581,inseparable
85520,85582,inseparable
85520,85583,inseparable
85520,85584,inseparable
85585,85586,inseparable
85585,85587,inseparable
85585,85588,inseparable
85585,85589,inseparable
85585,85590,inseparable
85585,85591,inseparable
85585,85592,inseparable
85585,85593,inseparable
85585,85594,inseparable
85585,85595,inseparable
85585,85596,inseparable
85585,85597,inseparable
85585,85598,inseparable
85585,85599,inseparable
85585,85600,inseparable
85585,85601,inseparable
85585,85602,inseparable
85585,85603,inseparable
85585,85604,inseparable
85585,85605,inseparable
85585,85606,inseparable
85585,85607,inseparable
85585,85608,inseparable
85585,85609,inseparable
85585,85610,inseparable
85585,85611,inseparable
85585,85612,inseparable
85585,85613,inseparable
85585,85614,inseparable
85585,85615,inseparable
85585,85616,inseparable
85585,85617,inseparable
85585,85618,inseparable
85585,85619,inseparable
85585,85620,inseparable
85585,85621,inseparable
85585,85622,inseparable
85585,85623,inseparable
85585,85624,inseparable
85585,85625,inseparable
85585,85626,inseparable
85585,85627,inseparable
85585,85628,inseparable
85585,85629,inseparable
85585,85630,inseparable
85585,85631,inseparable
85585,85632,inseparable
85585,85633,inseparable
85585,85634,inseparable
85585,85635,inseparable
85585,85636,inseparable
85585,85637,inseparable
85585,85638,inseparable
85585,85639,inseparable
85585,85640,inseparable
85585,85641,inseparable
85585,85642,inseparable
85585,85643,inseparable
85585,85644,inseparable
85585,85645,inseparable
85585,85646,inseparable
85585,85647,inseparable
85585,85648,inseparable
85649,85650,inseparable
85649,85651,inseparable
85649,85652,inseparable
85649,85653,inseparable
85649,85654,inseparable
85649,85655,inseparable
85649,85656,inseparable
85649,85657,inseparable
85649,85658,inseparable
85649,85659,inseparable
85649,85660,inseparable
85649,85661,inseparable
85649,85662,inseparable
85649,85663,inseparable
85649,85664,inseparable
85649,85665,inseparable
85649,85666,inseparable
85649,85667,inseparable
85649,85668,inseparable
85649,85669,inseparable
85649,85670,inseparable
85649,85671,inseparable
85649,85672,inseparable
85649,85673,inseparable
85649,85674,inseparable
85649,85675,inseparable
85649,85676,inseparable
85649,85677,inseparable
85649,85678,inseparable
85649,85679,inseparable
85649,85680,inseparable
85681,85682,inseparable
85681,85683,inseparable
85681,85684,inseparable
85681,85685,inseparable
85681,85686,inseparable
85681,85687,inseparable
85681,85688,inseparable
85681,85689,inseparable
85681,85690,inseparable
85681,85691,inseparable
85681,85692,inseparable
85681,85693,inseparable
85681,85694,inseparable
85681,85695,inseparable
85681,85696,inseparable
85681,85697,inseparable
85681,85698,inseparable
85681,85699,inseparable
85681,85700,inseparable
85681,85701,inseparable
85681,85702,inseparable
85681,85703,inseparable
85681,85704,inseparable
85681,85705,inseparable
85681,85706,inseparable
85681,85707,inseparable
85681,85708,inseparable
85681,85709,inseparable
85681,85710,inseparable
85681,85711,inseparable
85681,85712,inseparable
85681,85713,inseparable
85681,85714,inseparable
85681,85715,inseparable
85681,85716,inseparable
85681,85717,inseparable
85681,85718,inseparable
85681,85719,inseparable
85681,85720,inseparable
85681,85721,inseparable
85681,85722,inseparable
85681,85723,inseparable
85681,85724,inseparable
85681,85725,inseparable
85681,85726,inseparable
85681,85727,inseparable
85681,85728,inseparable
85681,85729,inseparable
85681,85730,inseparable
85681,85731,inseparable
85681,85732,inseparable
85681,85733,inseparable
85681,85734,inseparable
85681,85735,inseparable
85681,85736,inseparable
85681,85737,inseparable
85681,85738,inseparable
85681,85739,inseparable
85681,85740,inseparable
85681,85741,inseparable
85681,85742,inseparable
85681,85743,inseparable
85681,85744,inseparable
85681,85745,inseparable
85681,85746,inseparable
85681,85747,inseparable
85681,85748,inseparable
85681,85749,inseparable
85681,85750,inseparable
85681,85751,inseparable
85681,85752,inseparable
85681,85753,inseparable
85681,85754,inseparable
85681,85755,inseparable
85681,85756,inseparable
85681,85757,inseparable
85681,85758,inseparable
86030,86031,inseparable
86063,90828,separable
86087,86088,inseparable
89693,89694,inseparable
89693,89695,inseparable
89693,89696,inseparable
89693,89697,inseparable
89693,89698,inseparable
89693,89699,inseparable
89954,79032,separable
89954,89955,separable
89954,89956,separable
89954,89957,separable
90875,90876,inseparable
90875,90877,inseparable
90875,90878,inseparable
90875,90879,inseparable
90875,90880,inseparable
90875,90881,inseparable
90875,90882,inseparable
91130,93682,separable
91130,93683,separable
91130,93684,separable
91130,93685,separable
91130,93686,separable
91130,93687,separable
91130,93688,separable
91130,93689,separable
91130,93690,separable
91130,93691,separable
91130,93692,separable
91130,93693,separable
91211,90787,separable
91211,91212,separable
91211,91213,separable
91211,91214,separable
91211,91215,separable
91211,91216,separable
91211,91217,separable
91245,91246,inseparable
91262,91263,inseparable
91275,91276,inseparable
91304,91305,inseparable
91304,91306,inseparable
91304,91307,inseparable
91304,91308,inseparable
91304,91309,inseparable
91304,91310,inseparable
91304,91311,inseparable
91304,91312,inseparable
91304,91313,inseparable
91304,91314,inseparable
91304,91315,inseparable
91304,91316,inseparable
91304,91317,inseparable
91304,91318,inseparable
91304,91319,inseparable
91304,91320,inseparable
91304,91321,inseparable
91304,91322,inseparable
91304,91323,inseparable
91304,91324,inseparable
91304,91325,inseparable
91304,91326,inseparable
91304,91327,inseparable
91589,91590,inseparable
91972,95267,separable
91972,95268,separable
91972,95269,separable
91972,95270,separable
91972,95271,separable
91972,95272,separable
91972,95273,separable
91972,95274,separable
91972,95275,separable
91972,95276,separable
91972,95277,separable
91972,95278,separable
91972,95279,separable
91972,95280,separable
91972,95281,separable
91972,95282,separable
91972,95283,separable
91972,95284,separable
91972,95285,separable
91972,95286,separable
91972,95287,separable
91972,95288,separable
91972,95289,separable
91972,95290,separable
91972,95291,separable
91972,95292,separable
91972,95293,separable
91972,95294,separable
91972,95295,separable
91972,95296,separable
91972,95297,separable
91972,95298,separable
91972,95299,separable
91972,95300,separable
91972,95301,separable
91972,95302,separable
91972,95303,separable
91972,95304,separable
91972,95305,separable
91972,95306,separable
91972,95307,separable
91972,95308,separable
91972,95309,separable
91972,95310,separable
91972,95311,separable
91972,95312,separable
91972,95313,separable
91972,95314,separable
91972,95315,separable
91972,95316,separable
92013,92014,inseparable
92017,92018,inseparable
92019,92020,inseparable
92021,92022,inseparable
92029,92030,separable
92029,92031,separable
92029,92032,separable
92029,92033,separable
92029,92034,separable
92029,92035,separable
92029,92036,separable
92029,92037,separable
92066,92067,inseparable
92073,92074,inseparable
92078,92079,inseparable
92102,92103,inseparable
92116,92117,inseparable
92131,92132,inseparable
92190,92182,separable
92190,92183,separable
92190,92184,separable
92190,92185,separable
92190,92186,separable
92190,92187,separable
92190,92188,separable
92190,92189,separable
92190,92191,separable
92190,92192,separable
92190,92193,separable
93004,93005,inseparable
93006,93007,inseparable
93008,93009,inseparable
93013,93014,inseparable
93017,93018,inseparable
93042,93043,inseparable
93054,93055,inseparable
93056,93057,inseparable
93148,93149,inseparable
93372,93373,inseparable
93406,93407,inseparable
93409,93410,inseparable
93411,93412,inseparable
93514,93515,inseparable
93514,93516,inseparable
93514,93517,inseparable
93514,93518,inseparable
93514,93519,inseparable
93514,93520,inseparable
93514,93521,inseparable
93514,93522,inseparable
93514,93523,inseparable
93514,93524,inseparable
93514,93525,inseparable
93514,93526,inseparable
93514,93527,inseparable
93514,93528,inseparable
93514,93529,inseparable
93514,93530,inseparable
93514,93531,inseparable
93514,93532,inseparable
93514,93533,inseparable
93514,93534,inseparable
93535,93536,inseparable
93535,93537,inseparable
93535,93538,inseparable
93535,93539,inseparable
93535,93540,inseparable
93535,93541,inseparable
93535,93542,inseparable
93535,93543,inseparable
93535,93544,inseparable
93535,93545,inseparable
93535,93546,inseparable
93535,93547,inseparable
93535,93548,inseparable
93535,93549,inseparable
93550,93551,inseparable
93550,93552,inseparable
93550,93553,inseparable
93550,93554,inseparable
93550,93555,inseparable
93550,93556,inseparable
93550,93557,inseparable
93550,93558,inseparable
93550,93559,inseparable
93550,93560,inseparable
93550,93561,inseparable
93550,93562,inseparable
93550,93563,inseparable
93550,93564,inseparable
93550,93565,inseparable
93550,93566,inseparable
93550,93567,inseparable
93550,93568,inseparable
93550,93569,inseparable
93550,93570,inseparable
93550,93571,inseparable
93550,93572,inseparable
93573,93574,inseparable
93573,93575,inseparable
93573,93576,inseparable
93573,93577,inseparable
93573,93578,inseparable
93573,93579,inseparable
93573,93580,inseparable
93573,93581,inseparable
93573,93582,inseparable
93573,93583,inseparable
93584,93585,inseparable
93584,93586,inseparable
93584,93587,inseparable
93584,93588,inseparable
93584,93589,inseparable
93584,93590,inseparable
93584,93591,inseparable
93584,93592,inseparable
93584,93593,inseparable
93594,93595,inseparable
93594,93596,inseparable
93594,93597,inseparable
93594,93598,inseparable
93594,93599,inseparable
93594,93600,inseparable
93594,93601,inseparable
93594,93602,inseparable
93594,93603,inseparable
93594,93604,inseparable
93594,93605,inseparable
93594,93606,inseparable
93594,93607,inseparable
93594,93608,inseparable
93594,93609,inseparable
93594,93610,inseparable
93594,93611,inseparable
93594,93612,inseparable
93594,93613,inseparable
93594,93614,inseparable
93594,93615,inseparable
93594,93616,inseparable
93594,93617,inseparable
93594,93618,inseparable
93594,93619,inseparable
93594,93620,inseparable
93594,93621,inseparable
93594,93622,inseparable
93623,93624,inseparable
93623,93625,inseparable
93623,93626,inseparable
93627,93628,inseparable
93627,93629,inseparable
93627,93630,inseparable
93627,93631,inseparable
93627,93632,inseparable
93627,93633,inseparable
93627,93634,inseparable
93627,93635,inseparable
93627,93636,inseparable
93627,93637,inseparable
93627,93638,inseparable
93627,93639,inseparable
93627,93640,inseparable
93627,93641,inseparable
93627,93642,inseparable
93627,93643,inseparable
93627,93644,inseparable
93627,93645,inseparable
93627,93646,inseparable
93627,93647,inseparable
93627,93648,inseparable
93627,93649,inseparable
93627,93650,inseparable
93627,93651,inseparable
93627,93652,inseparable
93627,93653,inseparable
93627,93654,inseparable
93627,93655,inseparable
93627,93656,inseparable
93627,93657,inseparable
93627,93658,inseparable
93627,93659,inseparable
93627,93660,inseparable
93627,93661,inseparable
93627,93662,inseparable
93627,93663,inseparable
93671,93672,inseparable
93673,93674,inseparable
93712,93713,inseparable
93808,92721,separable
93808,93209,separable
93808,93210,separable
93808,93211,separable
93808,93212,separable
93808,93213,separable
93808,93214,separable
93808,93215,separable
93808,93216,separable
93808,93217,separable
93808,93218,separable
93808,93219,separable
93808,93220,separable
93808,93221,separable
93808,93222,separable
93808,93223,separable
93808,93224,separable
93808,93225,separable
93808,93226,separable
93808,93227,separable
93808,93228,separable
93808,93229,separable
93809,93151,separable
93809,93152,separable
93809,93153,separable
93809,93154,separable
93809,93155,separable
93809,93156,separable
93809,93157,separable
93809,93158,separable
93809,93159,separable
93809,93160,separable
93809,93161,separable
93809,93162,separable
93809,93163,separable
93809,93164,separable
93809,93165,separable
93809,93166,separable
93809,93167,separable
93809,93168,separable
93809,93169,separable
93809,93170,separable
93830,93878,inseparable
93834,211497,separable
93834,211498,separable
93834,211499,separable
93834,211500,separable
93834,211501,separable
93834,211502,separable
93834,211503,separable
93834,211504,separable
93834,211505,separable
93834,211506,separable
93834,211507,separable
93834,211508,separable
93836,93837,inseparable
93887,93888,inseparable
93924,93925,inseparable
93959,95886,separable
93959,95887,separable
93959,95889,separable
93959,95890,separable
93959,95891,separable
93959,95892,separable
93960,95901,separable
93960,95902,separable
93960,95903,separable
93960,95904,separable
93960,95905,separable
93960,95906,separable
93960,95907,separable
93960,95908,separable
93960,95909,separable
93960,95910,separable
93960,95911,separable
93960,95912,separable
93960,95913,separable
93960,95914,separable
93960,95915,separable
93960,95916,separable
93960,95917,separable
93960,95918,separable
93961,95925,separable
93961,95926,separable
93961,95927,separable
93961,95928,separable
94152,92984,separable
94152,94153,separable
94152,94154,separable
94152,94155,separable
94478,94479,inseparable
94847,94848,inseparable
94847,94849,inseparable
94847,94850,inseparable
94847,94851,inseparable
94847,94852,inseparable
94847,94853,inseparable
94847,94854,inseparable
94847,94855,inseparable
94847,94856,inseparable
94847,94857,inseparable
94847,94858,inseparable
94847,94859,inseparable
94847,94860,inseparable
94847,94861,inseparable
94847,94862,inseparable
94847,94863,inseparable
94847,94864,inseparable
94847,94865,inseparable
94847,94866,inseparable
94847,94867,inseparable
94847,94868,inseparable
94847,94869,inseparable
94847,94870,inseparable
94847,94871,inseparable
94847,94872,inseparable
94847,94873,inseparable
94847,94874,inseparable
94847,94875,inseparable
94847,94876,inseparable
94847,94877,inseparable
94956,94957,inseparable
94973,144447,inseparable
95000,95001,inseparable
95000,95002,inseparable
95000,95003,inseparable
95000,95004,inseparable
95000,95005,inseparable
95000,95006,inseparable
95000,95007,inseparable
95000,95008,inseparable
95000,95009,inseparable
95000,95010,inseparable
95000,95011,inseparable
95000,95012,inseparable
95000,95013,inseparable
95000,95014,inseparable
95000,95015,inseparable
95000,95016,inseparable
95000,95017,inseparable
95000,95018,inseparable
95000,95019,inseparable
95000,95020,inseparable
95000,95021,inseparable
95000,95022,inseparable
95000,95023,inseparable
95000,95024,inseparable
95000,95025,inseparable
95000,95026,inseparable
95000,95027,inseparable
95318,95319,inseparable
95381,160620,separable
95381,160621,separable
95381,160622,separable
95381,160623,separable
95381,160624,separable
95381,160625,separable
95381,160626,separable
95381,160627,separable
95381,160628,separable
95381,160629,separable
95381,160630,separable
95381,160631,separable
95381,160843,separable
95389,96111,separable
95389,96112,separable
95389,96113,separable
95389,96114,separable
95389,96115,separable
95389,96116,separable
95389,96117,separable
95462,95463,inseparable
95700,101117,separable
95700,101118,separable
95700,101119,separable
95700,101120,separable
95700,101121,separable
95700,101122,separable
95700,101123,separable
95700,101124,separable
95700,101125,separable
95700,101126,separable
95700,101127,separable
95700,101128,separable
95700,101129,separable
95700,101130,separable
95700,101131,separable
95700,101132,separable
95700,101133,separable
95700,101134,separable
95700,101135,separable
95700,101136,separable
95700,101583,separable
95887,95888,inseparable
95950,97165,separable
95950,97166,separable
95950,97167,separable
95950,97168,separable
95950,97169,separable
95950,97170,separable
95950,97171,separable
95950,97172,separable
95950,97173,separable
95950,97174,separable
95950,97175,separable
95950,97176,separable
95950,97177,separable
95950,97178,separable
95950,97179,separable
95950,97180,separable
95950,97181,separable
95950,97182,separable
95950,97183,separable
95950,97184,separable
95950,97185,separable
95950,97186,separable
95950,97187,separable
95950,97188,separable
95950,97189,separable
95950,97190,separable
95950,97191,separable
95950,97192,separable
95950,97193,separable
95950,97194,separable
95950,97195,separable
95950,97196,separable
95950,97197,separable
95950,97198,separable
95950,97199,separable
95950,97200,separable
95950,97201,separable
95950,97202,separable
95950,97203,separable
95950,97204,separable
95950,97205,separable
95950,97206,separable
95950,97207,separable
95950,97208,separable
95950,97209,separable
95950,97210,separable
95950,97211,separable
95950,97212,separable
95950,97213,separable
95950,97214,separable
95950,97215,separable
95950,97216,separable
95950,97217,separable
95950,97218,separable
95950,97219,separable
95950,97220,separable
95950,97221,separable
95950,97222,separable
95950,97223,separable
95950,97224,separable
95950,97225,separable
95950,97226,separable
95950,97227,separable
95950,97228,separable
95950,97229,separable
95950,97230,separable
95950,97231,separable
95950,97232,separable
95950,97233,separable
95950,97234,separable
95950,97235,separable
95950,97236,separable
95950,97237,separable
95950,97238,separable
95950,97239,separable
95950,97240,separable
95950,97241,separable
95968,95969,inseparable
95968,95970,inseparable
95968,95971,inseparable
95968,95972,inseparable
95968,95973,inseparable
95968,101712,separable
95968,101718,separable
95968,101724,separable
96128,96129,inseparable
96128,96130,inseparable
96128,96131,inseparable
96128,96132,inseparable
96128,96133,inseparable
96128,96134,inseparable
96128,96135,inseparable
96128,96136,inseparable
96128,96137,inseparable
96128,96138,inseparable
96128,96139,inseparable
96128,96140,inseparable
96128,96141,inseparable
96128,96142,inseparable
96128,96143,inseparable
96128,96144,inseparable
96128,96145,inseparable
96128,96146,inseparable
96128,96147,inseparable
96128,96148,inseparable
96128,96149,inseparable
96128,96150,inseparable
96128,96151,inseparable
96128,96152,inseparable
96128,96153,inseparable
96128,96154,inseparable
96128,96155,inseparable
96128,96156,inseparable
96128,96157,inseparable
96128,96158,inseparable
96128,96159,inseparable
96128,96160,inseparable
96128,96161,inseparable
96128,96162,inseparable
96128,96163,inseparable
96128,96164,inseparable
96128,96165,inseparable
96128,96166,inseparable
96128,96167,inseparable
96128,96168,inseparable
96128,96169,inseparable
96128,96170,inseparable
96128,96171,inseparable
96128,96172,inseparable
96128,96173,inseparable
96128,96174,inseparable
96128,96175,inseparable
96128,96176,inseparable
96128,96177,inseparable
96128,96178,inseparable
96128,96179,inseparable
96128,96180,inseparable
96128,96181,inseparable
96128,96182,inseparable
96128,96183,inseparable
96128,96184,inseparable
96128,96185,inseparable
96128,96186,inseparable
96128,96187,inseparable
96128,96188,inseparable
96128,96189,inseparable
96128,96190,inseparable
96128,96191,inseparable
96128,96192,inseparable
96193,96194,inseparable
96193,96195,inseparable
96193,96196,inseparable
96193,96197,inseparable
96193,96198,inseparable
96193,96199,inseparable
96193,96200,inseparable
96193,96201,inseparable
96193,96202,inseparable
96193,96203,inseparable
96193,96204,inseparable
96193,96205,inseparable
96193,96206,inseparable
96193,96207,inseparable
96193,96208,inseparable
96193,96209,inseparable
96193,96210,inseparable
96193,96211,inseparable
96193,96212,inseparable
96193,96213,inseparable
96193,96214,inseparable
96193,96215,inseparable
96193,96216,inseparable
96193,96217,inseparable
96193,96218,inseparable
96193,96219,inseparable
96193,96220,inseparable
96193,96221,inseparable
96193,96222,inseparable
96193,96223,inseparable
96193,96224,inseparable
96193,96225,inseparable
96193,96226,inseparable
96193,96227,inseparable
96193,96228,inseparable
96193,96229,inseparable
96193,96230,inseparable
96193,96231,inseparable
96193,96232,inseparable
96193,96233,inseparable
96193,96234,inseparable
96193,96235,inseparable
96193,96236,inseparable
96193,96237,inseparable
96193,96238,inseparable
96193,96239,inseparable
96193,96240,inseparable
96193,96241,inseparable
96193,96242,inseparable
96193,96243,inseparable
96193,96244,inseparable
96193,96245,inseparable
96193,96246,inseparable
96193,96247,inseparable
96193,96248,inseparable
96193,96249,inseparable
96193,96250,inseparable
96193,96251,inseparable
96193,96252,inseparable
96193,96253,inseparable
96193,96254,inseparable
96193,96255,inseparable
96193,96256,inseparable
96193,96257,inseparable
96193,96258,inseparable
96193,96259,inseparable
96193,96260,inseparable
96193,96261,inseparable
96193,96262,inseparable
96193,96263,inseparable
96193,96264,inseparable
96193,96265,inseparable
96193,96266,inseparable
96193,96267,inseparable
96193,96268,inseparable
96193,96269,inseparable
96193,96270,inseparable
96193,96271,inseparable
96193,96272,inseparable
96193,96273,inseparable
96193,96274,inseparable
96193,96275,inseparable
96193,96276,inseparable
96193,96277,inseparable
96193,96278,inseparable
96193,96279,inseparable
96193,96280,inseparable
96193,96281,inseparable
96193,96282,inseparable
96193,96283,inseparable
96193,96284,inseparable
96193,96285,inseparable
96193,96286,inseparable
96193,96287,inseparable
96193,96288,inseparable
96193,96289,inseparable
96193,96290,inseparable
96193,96291,inseparable
96193,96292,inseparable
96193,96293,inseparable
96193,96294,inseparable
96193,96295,inseparable
96193,96296,inseparable
96193,96297,inseparable
96193,96298,inseparable
96193,96299,inseparable
96193,96300,inseparable
96193,96301,inseparable
96193,96302,inseparable
96193,96303,inseparable
96193,96304,inseparable
96193,96305,inseparable
96193,96306,inseparable
96193,96307,inseparable
96193,96308,inseparable
96193,96309,inseparable
96193,96310,inseparable
96193,96311,inseparable
96193,96312,inseparable
96193,96313,inseparable
96193,96314,inseparable
96193,96315,inseparable
96193,96316,inseparable
96193,96317,inseparable
96193,96318,inseparable
96193,96319,inseparable
96193,96320,inseparable
96193,96321,inseparable
96193,96322,inseparable
96193,96323,inseparable
96193,96324,inseparable
96193,96325,inseparable
96193,96326,inseparable
96193,96327,inseparable
96193,96328,inseparable
96193,96329,inseparable
96193,96330,inseparable
96193,96331,inseparable
96193,96332,inseparable
96193,96333,inseparable
96193,96334,inseparable
96193,96335,inseparable
96193,96336,inseparable
96193,96337,inseparable
96193,96338,inseparable
96193,96339,inseparable
96193,96340,inseparable
96193,96341,inseparable
96193,96342,inseparable
96193,96343,inseparable
96193,96344,inseparable
96193,96345,inseparable
96193,96346,inseparable
96193,96347,inseparable
96193,96348,inseparable
96193,96349,inseparable
96193,96350,inseparable
96193,96351,inseparable
96193,96352,inseparable
96193,96353,inseparable
96193,96354,inseparable
96193,96355,inseparable
96193,96356,inseparable
96357,96358,inseparable
96357,96359,inseparable
96357,96360,inseparable
96357,96361,inseparable
96357,96362,inseparable
96357,96363,inseparable
96357,96364,inseparable
96357,96365,inseparable
96357,96366,inseparable
96357,96367,inseparable
96357,96368,inseparable
96357,96369,inseparable
96357,96370,inseparable
96357,96371,inseparable
96357,96372,inseparable
96357,96373,inseparable
96357,96374,inseparable
96357,96375,inseparable
96357,96376,inseparable
96357,96377,inseparable
96357,96378,inseparable
96357,96379,inseparable
96357,96380,inseparable
96357,96381,inseparable
96357,96382,inseparable
96357,96383,inseparable
96357,96384,inseparable
96357,96385,inseparable
96357,96386,inseparable
96357,96387,inseparable
96357,96388,inseparable
96357,96389,inseparable
96357,96390,inseparable
96357,96391,inseparable
96357,96392,inseparable
96357,96393,inseparable
96357,96394,inseparable
96357,96395,inseparable
96357,96396,inseparable
96357,96397,inseparable
96398,96399,inseparable
96398,96400,inseparable
96398,96401,inseparable
96398,96402,inseparable
96398,96403,inseparable
96398,96404,inseparable
96398,96405,inseparable
96398,96406,inseparable
96398,96407,inseparable
96398,96408,inseparable
96398,96409,inseparable
96398,96410,inseparable
96398,96411,inseparable
96398,96412,inseparable
96398,96413,inseparable
96398,96414,inseparable
96398,96415,inseparable
96398,96416,inseparable
96398,96417,inseparable
96398,96418,inseparable
96398,96419,inseparable
96398,96420,inseparable
96398,96421,inseparable
96398,96422,inseparable
96398,96423,inseparable
96398,96424,inseparable
96398,96425,inseparable
96398,96426,inseparable
96398,96427,inseparable
96398,96428,inseparable
96398,96429,inseparable
96398,96430,inseparable
96398,96431,inseparable
96398,96432,inseparable
96398,96433,inseparable
96398,96434,inseparable
96398,96435,inseparable
96398,96436,inseparable
96398,96437,inseparable
96438,96439,inseparable
96438,96440,inseparable
96438,96441,inseparable
96438,96442,inseparable
96438,96443,inseparable
96438,96444,inseparable
96438,96445,inseparable
96438,96446,inseparable
96438,96447,inseparable
96438,96448,inseparable
96438,96449,inseparable
96438,96450,inseparable
96438,96451,inseparable
96438,96452,inseparable
96438,96453,inseparable
96438,96454,inseparable
96438,96455,inseparable
96438,96456,inseparable
96438,96457,inseparable
96438,96458,inseparable
96438,96459,inseparable
96438,96460,inseparable
96438,96461,inseparable
96438,96462,inseparable
96438,96463,inseparable
96438,96464,inseparable
96438,96465,inseparable
96438,96466,inseparable
96438,96467,inseparable
96438,96468,inseparable
96438,96469,inseparable
96438,96470,inseparable
96438,96471,inseparable
96438,96472,inseparable
96438,96473,inseparable
96438,96474,inseparable
96438,96475,inseparable
96438,96476,inseparable
96438,96477,inseparable
96438,96478,inseparable
96438,96479,inseparable
96438,96480,inseparable
96438,96481,inseparable
96438,96482,inseparable
96438,96483,inseparable
96438,96484,inseparable
96438,96485,inseparable
96438,96486,inseparable
96438,96487,inseparable
96488,96489,inseparable
96488,96490,inseparable
96488,96491,inseparable
96488,96492,inseparable
96488,96493,inseparable
96488,96494,inseparable
96488,96495,inseparable
96488,96496,inseparable
96488,96497,inseparable
96488,96498,inseparable
96499,96500,inseparable
96499,96501,inseparable
96499,96502,inseparable
96499,96503,inseparable
96499,96504,inseparable
96505,96506,inseparable
96505,96507,inseparable
96505,96508,inseparable
96505,96509,inseparable
96505,96510,inseparable
96505,96511,inseparable
96512,96513,inseparable
96512,96514,inseparable
96512,96515,inseparable
97317,97835,separable
97317,97836,separable
97317,97837,separable
97317,97838,separable
97317,97839,separable
97317,97840,separable
97317,97841,separable
97317,97842,separable
97317,97843,separable
97317,97844,separable
97317,97845,separable
97317,97846,separable
97317,97847,separable
97317,97848,separable
97317,97849,separable
97317,97850,separable
97317,97851,separable
97317,97852,separable
97317,97853,separable
97317,97854,separable
97317,97855,separable
97317,97856,separable
97317,97857,separable
97317,97858,separable
97317,97859,separable
97317,97860,separable
97317,97861,separable
97317,97862,separable
97317,97863,separable
97317,97864,separable
97317,97865,separable
97317,97866,separable
97317,97867,separable
97317,97868,separable
97317,97869,separable
97317,97870,separable
97317,97871,separable
97317,97872,separable
97317,97873,separable
97317,97874,separable
97317,97875,separable
97317,97876,separable
97317,97877,separable
97317,97878,separable
97317,97879,separable
97317,97880,separable
97317,97881,separable
97317,97882,separable
97317,97883,separable
97317,97884,separable
97317,97885,separable
97317,97886,separable
97317,97887,separable
97317,97888,separable
97317,97889,separable
97317,97890,separable
97317,97891,separable
97317,97892,separable
97317,97893,separable
97317,97894,separable
97317,97895,separable
97317,97896,separable
97317,97897,separable
97317,97898,separable
97317,97899,separable
97317,97900,separable
97317,97901,separable
97317,97902,separable
97317,97903,separable
97317,97904,separable
97317,97905,separable
97317,97906,separable
97317,97907,separable
97317,97908,separable
97317,97909,separable
97317,97910,separable
97317,97911,separable
97317,97912,separable
97317,97913,separable
97317,97914,separable
97317,97915,separable
97317,97916,separable
97317,97917,separable
97317,97918,separable
97317,97919,separable
97317,97920,separable
97317,97921,separable
97317,97922,separable
97317,97923,separable
97317,97924,separable
97317,97925,separable
97317,97926,separable
97317,97927,separable
97317,97928,separable
97317,97929,separable
97317,97930,separable
97317,97931,separable
97317,97932,separable
97317,97933,separable
97317,97934,separable
97317,97935,separable
97317,97936,separable
97317,97937,separable
97317,97938,separable
97317,97939,separable
97317,97941,separable
97317,97942,separable
97317,97943,separable
97317,97944,separable
97317,97945,separable
97317,97946,separable
97317,97947,separable
97317,97948,separable
97317,97949,separable
97317,97950,separable
97317,97951,separable
97317,97952,separable
97317,97953,separable
97317,97954,separable
97317,97955,separable
97317,97956,separable
97317,97957,separable
97317,97958,separable
97317,97959,separable
97317,97960,separable
97317,97961,separable
97317,97962,separable
97317,97963,separable
97317,97964,separable
97317,97965,separable
97317,97966,separable
97317,97967,separable
97317,97968,separable
97317,97969,separable
97317,97970,separable
97317,97971,separable
97317,97972,separable
97317,97973,separable
97317,97974,separable
97317,97975,separable
97317,97976,separable
97317,97977,separable
97317,97978,separable
97317,97979,separable
97317,97980,separable
97317,97981,separable
97317,97982,separable
97317,97983,separable
97317,97984,separable
97317,97985,separable
97317,97986,separable
97317,97987,separable
97317,97988,separable
97317,97989,separable
97317,97990,separable
97317,97991,separable
97317,97992,separable
97317,97993,separable
97317,97994,separable
97317,97995,separable
97317,97996,separable
97317,97997,separable
97317,97998,separable
97317,97999,separable
97317,98000,separable
97317,98001,separable
97317,98002,separable
97317,98003,separable
97317,98004,separable
97317,98005,separable
97317,98006,separable
97317,98007,separable
97317,98008,separable
97317,98009,separable
97317,98010,separable
97317,98011,separable
97317,98012,separable
97317,98013,separable
97317,98014,separable
97317,98015,separable
97317,98016,separable
97317,98017,separable
97317,98018,separable
97317,98019,separable
97317,98020,separable
97317,98021,separable
97317,98022,separable
97327,116463,separable
97327,116464,separable
97327,116465,separable
97327,116466,separable
97327,116467,separable
97327,116468,separable
97327,116469,separable
97327,116470,separable
97333,97334,inseparable
97333,97335,inseparable
97333,97336,inseparable
97333,97337,inseparable
97333,97338,inseparable
97333,97339,inseparable
97333,97340,inseparable
97333,97341,inseparable
97333,97342,inseparable
97333,97343,inseparable
97408,97678,separable
97408,97679,separable
97408,97684,separable
97408,97685,separable
97408,97686,separable
97408,97687,separable
97408,97688,separable
97408,97689,separable
97408,97690,separable
97408,97691,separable
97408,97692,separable
97408,97693,separable
97408,97694,separable
97408,97695,separable
97408,97696,separable
97408,97697,separable
97408,97698,separable
97408,97699,separable
97408,97700,separable
97408,97701,separable
97408,97702,separable
97408,97703,separable
97408,97704,separable
97408,97705,separable
97489,97774,separable
97489,97775,separable
97489,97776,separable
97489,97777,separable
97489,97778,separable
97489,97779,separable
97489,97780,separable
97489,97781,separable
97489,97782,separable
97489,97783,separable
97489,97784,separable
97489,97785,separable
97489,97786,separable
97489,97787,separable
97489,97788,separable
97489,97789,separable
97489,97790,separable
97489,97791,separable
97489,97792,separable
97489,97793,separable
97489,97794,separable
97489,97795,separable
97489,97796,separable
97489,97797,separable
97489,97798,separable
97489,97799,separable
97489,97800,separable
97489,97801,separable
97489,97802,separable
97489,97803,separable
97489,97804,separable
97489,97805,separable
97489,97806,separable
97489,97807,separable
97489,97808,separable
97489,97809,separable
97489,97810,separable
97489,97811,separable
97489,97812,separable
97489,97813,separable
97489,97814,separable
97489,97815,separable
97489,97816,separable
97489,97817,separable
97489,97818,separable
97489,97819,separable
97489,97820,separable
97489,97821,separable
97489,97822,separable
97489,97823,separable
97489,97824,separable
97489,97825,separable
97489,97826,separable
97489,97827,separable
97489,97828,separable
97489,97829,separable
97489,97830,separable
97553,97554,inseparable
97555,97556,separable
97555,97719,separable
97555,97720,separable
97555,97721,separable
97555,97722,separable
97555,97723,separable
97555,97724,separable
97555,97725,separable
97555,97726,separable
97555,97727,separable
97555,97728,separable
97555,97729,separable
97555,97730,separable
97555,97731,separable
97555,97732,separable
97555,97733,separable
97555,97734,separable
97555,97735,separable
97555,97736,separable
97590,97591,inseparable
97773,93451,separable
97773,97562,separable
97773,97563,separable
97773,97564,separable
97773,97565,separable
97773,97566,separable
97773,97567,separable
98055,96626,separable
98055,98027,separable
98055,98028,separable
98055,98029,separable
98055,98030,separable
98055,98031,separable
98055,98032,separable
98055,98033,separable
98056,96625,separable
98056,98034,separable
98056,98036,separable
98056,98039,separable
98056,98041,separable
98056,98042,separable
98056,98043,separable
98056,98044,separable
98056,98045,separable
98057,96624,separable
98057,98046,separable
98057,98047,separable
98057,98048,separable
98057,98049,separable
98057,98054,separable
98058,96623,separable
98058,98050,separable
98058,98051,separable
98058,98052,separable
98058,98053,separable
98117,98072,separable
98117,98073,separable
98117,98074,separable
98117,98075,separable
98117,98076,separable
98117,98077,separable
98117,98078,separable
98118,97467,separable
98118,98060,separable
98118,98061,separable
98118,98062,separable
98118,98063,separable
98118,98064,separable
98118,98065,separable
98118,98066,separable
98118,98067,separable
98118,98068,separable
98118,98069,separable
98118,98070,separable
98118,98071,separable
98138,98139,inseparable
98140,98141,inseparable
98142,98143,inseparable
98205,98206,inseparable
98207,98208,inseparable
98212,98213,inseparable
98216,98217,inseparable
98220,98221,inseparable
98222,98223,inseparable
98224,98225,inseparable
98227,98228,inseparable
98293,105875,separable
98293,105876,separable
98606,98607,inseparable
98606,98608,inseparable
98606,98609,inseparable
98606,98610,inseparable
98606,98611,inseparable
98606,98612,inseparable
98606,98613,inseparable
98606,98614,inseparable
98606,98615,inseparable
98606,98616,inseparable
98606,98617,inseparable
98606,98618,inseparable
98606,98619,inseparable
99577,101091,separable
99577,101092,separable
99577,101093,separable
99577,101094,separable
99577,101095,separable
99577,101096,separable
99577,101097,separable
99577,101098,separable
99644,101099,separable
99644,101100,separable
99644,101101,separable
99644,101102,separable
99644,101103,separable
99644,101104,separable
99644,101105,separable
99644,101106,separable
99644,101107,separable
99644,101108,separable
99644,101109,separable
99644,101110,separable
99644,101111,separable
99644,101112,separable
99644,101113,separable
99644,101114,separable
99644,101115,separable
99644,101116,separable
99644,101582,separable
99646,95700,separable
99667,101138,separable
99667,101139,separable
99667,101140,separable
99667,101141,separable
99667,101142,separable
99667,101143,separable
99667,101144,separable
99667,101145,separable
99667,101146,separable
99667,101147,separable
99667,101148,separable
99667,101149,separable
99667,101150,separable
99667,101151,separable
99697,101152,separable
99697,101154,separable
99697,101155,separable
99697,101156,separable
99697,101157,separable
99697,101158,separable
99697,101159,separable
101038,93969,separable
101038,94918,separable
101038,94919,separable
101038,94920,separable
101038,94921,separable
101038,94922,separable
101038,94923,separable
101038,94924,separable
101038,94925,separable
101038,94926,separable
101674,97737,separable
101674,101662,separable
101674,101663,separable
101674,101664,separable
101674,101665,separable
101674,101666,separable
101674,101667,separable
101674,101668,separable
101674,101669,separable
101674,101670,separable
101674,101671,separable
101674,101672,separable
101674,101673,separable
101712,101713,inseparable
101712,101714,inseparable
101712,101715,inseparable
101712,101716,inseparable
101712,101717,inseparable
101718,101719,inseparable
101718,101720,inseparable
101718,101721,inseparable
101718,101722,inseparable
101718,101723,inseparable
101724,101725,inseparable
101724,101726,inseparable
101724,101727,inseparable
101724,101728,inseparable
101724,101729,inseparable
101797,95385,separable
101797,101777,separable
101797,101778,separable
101797,101779,separable
101797,101780,separable
101797,101781,separable
101797,101782,separable
101797,101783,separable
101797,101784,separable
101797,101785,separable
101797,101786,separable
101797,101787,separable
101797,101788,separable
101797,101789,separable
101797,101790,separable
101797,101791,separable
101797,101792,separable
101797,101793,separable
101797,101794,separable
101797,101795,separable
101797,101796,separable
102053,153368,separable
102053,153369,separable
102053,153370,separable
102628,102629,inseparable
102628,102630,inseparable
102633,102634,inseparable
102928,102929,inseparable
103277,103278,inseparable
103280,103281,inseparable
103282,103283,inseparable
103286,103287,inseparable
103288,103289,inseparable
103290,103291,inseparable
103292,103293,inseparable
103295,103296,inseparable
103298,103299,inseparable
103300,103301,inseparable
103302,103303,inseparable
103304,103305,inseparable
103306,103307,inseparable
103308,103309,inseparable
103310,103311,inseparable
103312,103313,inseparable
103314,103315,inseparable
103316,103317,inseparable
103320,103321,inseparable
103322,103323,inseparable
103324,103325,inseparable
103326,103327,inseparable
103328,103329,inseparable
103331,103332,inseparable
103333,103334,inseparable
103335,103336,inseparable
103337,103338,inseparable
103339,103340,inseparable
103341,103342,inseparable
103343,103344,inseparable
103345,103346,inseparable
103347,103348,inseparable
103349,103350,inseparable
103351,103352,inseparable
103353,103354,inseparable
103355,103356,inseparable
103357,103358,inseparable
103360,103361,inseparable
103438,95744,separable
103438,101570,separable
103438,101571,separable
103438,101572,separable
103438,101573,separable
103438,101574,separable
103439,99542,separable
103439,101552,separable
103439,101553,separable
103439,101554,separable
103439,101555,separable
103439,101556,separable
103439,101564,separable
103439,101565,separable
103439,101566,separable
103439,101567,separable
103439,101568,separable
103439,101569,separable
103440,99543,separable
103440,101557,separable
103440,101558,separable
103440,101559,separable
103440,101560,separable
103440,101561,separable
103440,101562,separable
103440,101563,separable
103449,95750,separable
103449,101576,separable
103449,101577,separable
103449,101578,separable
103450,97541,separable
103450,101579,separable
103450,101581,separable
103451,95747,separable
103451,101584,separable
103451,101585,separable
103452,99700,separable
103452,101621,separable
103452,101622,separable
103452,101623,separable
103452,101624,separable
103452,101625,separable
103452,101626,separable
103452,101627,separable
103452,101628,separable
103452,101629,separable
103452,101630,separable
103452,101631,separable
103452,101632,separable
103452,101633,separable
103452,101634,separable
103452,101635,separable
103452,101636,separable
103452,101637,separable
103452,101638,separable
103452,101639,separable
103452,101640,separable
103452,101641,separable
103452,101642,separable
103452,101643,separable
103452,101644,separable
103495,103857,separable
103495,103858,separable
103495,103859,separable
103495,103860,separable
103495,103861,separable
103495,103862,separable
103495,103863,separable
103495,103864,separable
103495,103865,separable
103495,103866,separable
103495,103867,separable
103495,103868,separable
103495,103869,separable
103495,103870,separable
103495,103871,separable
103495,103872,separable
103495,103873,separable
103495,103874,separable
103495,103875,separable
103495,103876,separable
103495,103877,separable
103495,103878,separable
103495,103879,separable
103715,103716,inseparable
103834,103835,inseparable
103834,103836,inseparable
103834,103837,inseparable
103834,103838,inseparable
103834,103839,inseparable
103834,103840,inseparable
103834,103841,inseparable
103834,103842,inseparable
103834,103843,inseparable
103834,103844,inseparable
103880,103881,separable
103880,103882,separable
103880,103883,separable
103880,103884,separable
103880,103885,separable
103880,103886,separable
103880,103887,separable
103880,103888,separable
103880,103889,separable
103880,103890,separable
103880,103891,separable
103880,103892,separable
103880,103893,separable
103880,103894,separable
103880,103895,separable
103880,103896,separable
103880,103897,separable
103880,103898,separable
103880,103899,separable
103880,103900,separable
103901,103902,separable
103901,103903,separable
103901,103904,separable
103901,103905,separable
103901,103906,separable
103901,103907,separable
103901,103908,separable
103901,103909,separable
103901,103910,separable
103901,103911,separable
103901,103912,separable
103901,103913,separable
103901,103914,separable
103901,103915,separable
103901,103916,separable
103901,103917,separable
103901,103918,separable
103901,103919,separable
103901,103920,separable
103901,103921,separable
103901,103922,separable
103901,103923,separable
103901,103924,separable
103925,103926,separable
103925,103927,separable
103925,103928,separable
103925,103932,separable
103925,103933,separable
103925,103935,separable
103925,103936,separable
103925,103937,separable
103925,103938,separable
103925,103940,separable
103925,103941,separable
103925,103942,separable
103925,103943,separable
103925,103944,separable
103925,103945,separable
103925,103946,separable
103925,103947,separable
103925,103948,separable
103925,103949,separable
103925,103950,separable
103925,103951,separable
103925,103953,separable
103959,103960,separable
103959,103961,separable
103959,103962,separable
103959,103963,separable
103959,103965,separable
103959,103966,separable
103959,103967,separable
103959,103968,separable
103959,103969,separable
103959,103970,separable
103959,103971,separable
103959,103972,separable
103959,103973,separable
103959,103974,separable
103959,103976,separable
103959,103977,separable
103959,103978,separable
103959,103979,separable
103959,103980,separable
103959,103982,separable
103959,103983,separable
103959,103984,separable
103988,103989,separable
103988,103990,separable
103988,103991,separable
103988,103992,separable
103988,103993,separable
103988,103994,separable
103988,103995,separable
103988,103996,separable
103988,103997,separable
103988,103999,separable
103988,104000,separable
103988,104002,separable
103988,104003,separable
103988,104004,separable
103988,104005,separable
103988,104006,separable
103988,104007,separable
103988,104008,separable
103988,104009,separable
103988,104010,separable
103988,104012,separable
103988,104013,separable
104019,104021,separable
104019,104022,separable
104019,104023,separable
104019,104024,separable
104019,104026,separable
104019,104027,separable
104019,104028,separable
104019,104029,separable
104019,104031,separable
104019,104032,separable
104019,104033,separable
104019,104034,separable
104019,104035,separable
104019,104036,separable
104019,104038,separable
104019,104039,separable
104019,104040,separable
104019,104041,separable
104019,104042,separable
104019,104043,separable
104019,104045,separable
104047,104048,separable
104047,104049,separable
104047,104050,separable
104047,104051,separable
104047,104052,separable
104047,104053,separable
104047,104054,separable
104047,104055,separable
104047,104056,separable
104047,104057,separable
104047,104058,separable
104047,104059,separable
104047,104060,separable
104047,104061,separable
104047,104062,separable
104047,104063,separable
104047,104064,separable
104047,104065,separable
104047,104066,separable
104047,104067,separable
104047,104068,separable
104069,104070,separable
104069,104071,separable
104069,104072,separable
104069,104073,separable
104069,104074,separable
104069,104075,separable
104069,104076,separable
104069,104077,separable
104069,104078,separable
104069,104079,separable
104069,104080,separable
104069,104081,separable
104069,104082,separable
104069,104083,separable
104069,104084,separable
104069,104145,separable
104069,104146,separable
104069,104147,separable
104069,104148,separable
104069,104149,separable
104069,104150,separable
104069,104152,separable
104069,104153,separable
104069,104154,separable
104069,104155,separable
104069,104156,separable
104069,104157,separable
104069,104158,separable
104069,104159,separable
104069,104160,separable
104069,104161,separable
104069,104162,separable
104069,104163,separable
104069,104164,separable
104069,104165,separable
104069,104167,separable
104069,104168,separable
104069,104169,separable
104069,104170,separable
104069,104171,separable
104069,104178,separable
104069,104179,separable
104069,104180,separable
104181,104182,separable
104181,104183,separable
104181,104184,separable
104181,104185,separable
104181,104186,separable
104181,104187,separable
104181,104188,separable
104181,104189,separable
104181,104190,separable
104181,104191,separable
104181,104192,separable
104181,104193,separable
104181,104194,separable
104181,104195,separable
104181,104196,separable
104181,104197,separable
104181,104198,separable
104181,104199,separable
104181,104200,separable
104181,104201,separable
104181,104202,separable
104181,104203,separable
104181,104204,separable
104181,104205,separable
104181,104206,separable
104181,104207,separable
104181,104208,separable
104181,104209,separable
104181,104211,separable
104181,104212,separable
104181,104213,separable
104181,104215,separable
104181,104216,separable
104181,104217,separable
104181,104218,separable
104181,104219,separable
104181,104220,separable
104181,104221,separable
104806,104807,inseparable
105212,105213,inseparable
105212,105214,inseparable
105212,105215,inseparable
105212,105216,inseparable
105212,105217,inseparable
105212,105218,inseparable
105212,105219,inseparable
105212,105220,inseparable
105212,105221,inseparable
105212,105222,inseparable
105212,105223,inseparable
105212,105224,inseparable
105212,105225,inseparable
105212,105226,inseparable
105212,105227,inseparable
105212,105228,inseparable
105212,105229,inseparable
105212,105230,inseparable
105212,105231,inseparable
105212,105232,inseparable
106204,106205,inseparable
106204,106206,inseparable
106204,106207,inseparable
106204,106208,inseparable
106204,106209,inseparable
106204,106210,inseparable
106204,106211,inseparable
106204,106212,inseparable
106204,106213,inseparable
106204,106214,inseparable
106204,106215,inseparable
106204,106216,inseparable
106204,106217,inseparable
106204,106218,inseparable
106204,106219,inseparable
106204,106220,inseparable
106204,106221,inseparable
106204,106222,inseparable
106204,106223,inseparable
106204,106224,inseparable
106386,106387,inseparable
106668,164207,inseparable
106704,106705,separable
106704,106706,separable
106704,106707,separable
106704,106708,separable
106704,106709,separable
106722,106723,inseparable
106724,106725,inseparable
106730,106731,inseparable
106733,150296,inseparable
106736,106737,inseparable
106738,106739,inseparable
106740,106741,inseparable
106762,153126,separable
106763,123524,separable
106763,123526,separable
106763,123527,separable
106763,123528,separable
106763,123529,separable
106763,123530,separable
106763,123531,separable
106763,123532,separable
106763,123533,separable
106763,123534,separable
106996,106997,inseparable
107002,107003,inseparable
107043,107044,inseparable
107043,107045,inseparable
107043,107046,inseparable
107043,107047,inseparable
107043,107048,inseparable
107043,107049,inseparable
107043,107050,inseparable
107043,107051,inseparable
107043,107052,inseparable
107043,107053,inseparable
107043,107054,inseparable
107043,107055,inseparable
107043,107056,inseparable
107043,107057,inseparable
107043,107058,inseparable
107043,107059,inseparable
107043,107060,inseparable
107043,107061,inseparable
107043,107062,inseparable
107043,107063,inseparable
107043,107064,inseparable
107043,107065,inseparable
107043,107066,inseparable
107043,107067,inseparable
107043,107068,inseparable
107043,107069,inseparable
107043,107070,inseparable
107043,107071,inseparable
107043,107072,inseparable
107043,107073,inseparable
107043,107074,inseparable
107043,107075,inseparable
107043,107076,inseparable
107043,107077,inseparable
107043,107078,inseparable
107043,107079,inseparable
107043,107080,inseparable
107043,107081,inseparable
107043,107082,inseparable
107043,107083,inseparable
107043,107084,inseparable
107043,107085,inseparable
107043,107086,inseparable
107043,107087,inseparable
107043,107088,inseparable
107043,107089,inseparable
107043,107090,inseparable
107043,107091,inseparable
107043,107092,inseparable
107043,107093,inseparable
107043,107094,inseparable
107043,107095,inseparable
107043,107096,inseparable
107043,107097,inseparable
107043,107098,inseparable
107043,107099,inseparable
107043,107100,inseparable
107043,107101,inseparable
107043,107102,inseparable
107043,107103,inseparable
107043,107104,inseparable
107043,107105,inseparable
107043,107106,inseparable
107043,107107,inseparable
107043,107108,inseparable
107043,107109,inseparable
107043,107110,inseparable
107043,107111,inseparable
107043,107112,inseparable
107043,107113,inseparable
107043,107114,inseparable
107043,107115,inseparable
107043,107116,inseparable
107043,107117,inseparable
107043,107118,inseparable
107043,107119,inseparable
107043,107120,inseparable
107043,107121,inseparable
107043,107122,inseparable
107043,107123,inseparable
107043,107124,inseparable
107043,107125,inseparable
107043,107126,inseparable
107043,107127,inseparable
107043,107128,inseparable
107043,150298,inseparable
107130,105401,separable
107130,106524,separable
107130,106525,separable
107130,106526,separable
107130,106527,separable
107130,106528,separable
107130,106529,separable
107130,106530,separable
107158,107159,inseparable
107160,105241,separable
107160,106492,separable
107160,106493,separable
107160,106494,separable
107160,106495,separable
107162,107163,inseparable
107162,107164,inseparable
107162,107165,inseparable
107162,107166,inseparable
107162,107167,inseparable
107162,107168,inseparable
107162,107169,inseparable
107162,107170,inseparable
107162,107171,inseparable
107162,107172,inseparable
107162,107173,inseparable
107162,107174,inseparable
107162,107175,inseparable
107162,107176,inseparable
107162,107177,inseparable
107162,107178,inseparable
107162,107179,inseparable
107162,107180,inseparable
107162,107181,inseparable
107162,107182,inseparable
107162,107183,inseparable
107162,107184,inseparable
107162,107185,inseparable
107162,107186,inseparable
107162,107187,inseparable
107162,107188,inseparable
107162,107189,inseparable
107162,107190,inseparable
107162,107191,inseparable
107162,107192,inseparable
107162,107193,inseparable
107162,107194,inseparable
107162,107195,inseparable
107162,107196,inseparable
107162,107197,inseparable
107162,107198,inseparable
107162,107199,inseparable
107162,107200,inseparable
107162,107201,inseparable
107162,107202,inseparable
107162,107203,inseparable
107162,107204,inseparable
107162,107205,inseparable
107162,107206,inseparable
107218,104099,separable
107218,104100,separable
107218,104101,separable
107218,104102,separable
107218,104103,separable
107218,104104,separable
107218,104105,separable
107218,104106,separable
107218,104107,separable
107218,104108,separable
107218,104109,separable
107218,104110,separable
107218,104111,separable
107218,104113,separable
107218,104114,separable
107218,104115,separable
107218,104116,separable
107218,104117,separable
107218,107217,separable
107303,107304,inseparable
107314,103717,separable
107314,103718,separable
107314,103719,separable
107314,103720,separable
107314,103721,separable
107314,103723,separable
107314,103724,separable
107314,103725,separable
107314,103726,separable
107314,103727,separable
107314,103728,separable
107314,103729,separable
107314,103730,separable
107314,103731,separable
107314,103732,separable
107441,107442,inseparable
107521,105463,separable
107521,106340,separable
107521,106341,separable
107521,106342,separable
107521,106343,separable
107543,107544,inseparable
107648,105385,separable
107648,106501,separable
107648,106502,separable
107648,106503,separable
107648,106504,separable
107648,106505,separable
107648,106506,separable
107648,106507,separable
107648,106508,separable
107648,106509,separable
107648,106510,separable
107650,105531,separable
107650,106539,separable
107650,106540,separable
107650,106541,separable
107650,106542,separable
107650,106543,separable
107650,106544,separable
107650,106545,separable
107651,105462,separable
107651,106513,separable
107651,106514,separable
107651,106515,separable
107651,106516,separable
107651,106517,separable
107651,106518,separable
107651,106519,separable
107651,106520,separable
107651,106521,separable
107651,106522,separable
107651,106523,separable
107769,107770,inseparable
107769,107771,inseparable
107769,107772,inseparable
107769,107773,inseparable
107769,107774,inseparable
107769,107775,inseparable
107769,107776,inseparable
107769,107777,inseparable
107769,107778,inseparable
107779,107780,inseparable
107779,107781,inseparable
107779,107782,inseparable
107779,107783,inseparable
107779,107784,inseparable
107779,107785,inseparable
107779,107786,inseparable
107779,107787,inseparable
107779,107788,inseparable
107779,107789,inseparable
107779,107790,inseparable
107779,107791,inseparable
107779,107792,inseparable
107779,107793,inseparable
107779,107794,inseparable
107779,107795,inseparable
107779,107796,inseparable
107779,107797,inseparable
107798,107799,inseparable
107798,107800,inseparable
107798,107801,inseparable
107798,107802,inseparable
107798,107803,inseparable
107798,107804,inseparable
107798,107805,inseparable
107798,107806,inseparable
107798,107807,inseparable
107798,107808,inseparable
107798,107809,inseparable
107798,107810,inseparable
107798,107811,inseparable
107798,107812,inseparable
107798,107813,inseparable
107798,107814,inseparable
107798,107815,inseparable
107798,107816,inseparable
107798,107817,inseparable
107798,107818,inseparable
107798,107819,inseparable
107798,107820,inseparable
107798,107821,inseparable
107798,107822,inseparable
107798,107823,inseparable
107798,107824,inseparable
107798,107825,inseparable
107798,107826,inseparable
107798,107827,inseparable
107798,107828,inseparable
107798,107829,inseparable
107798,107830,inseparable
107798,107831,inseparable
107798,107832,inseparable
107798,107833,inseparable
107798,107834,inseparable
107798,107835,inseparable
107798,107836,inseparable
107798,107837,inseparable
107798,107838,inseparable
107798,107839,inseparable
107798,107840,inseparable
107798,107841,inseparable
107798,107842,inseparable
107798,107843,inseparable
107798,107844,inseparable
107798,107845,inseparable
107798,107846,inseparable
107798,107847,inseparable
107798,107848,inseparable
107798,107849,inseparable
107798,107850,inseparable
107798,107851,inseparable
107798,107852,inseparable
107798,107853,inseparable
107798,107854,inseparable
107798,107855,inseparable
107798,107856,inseparable
107798,107857,inseparable
107798,107858,inseparable
107798,107859,inseparable
107798,107860,inseparable
107798,107861,inseparable
107798,107862,inseparable
107798,107863,inseparable
107864,107865,inseparable
107864,107866,inseparable
107864,107867,inseparable
107864,107868,inseparable
107864,107869,inseparable
107864,107870,inseparable
107864,107871,inseparable
107864,107872,inseparable
107864,107873,inseparable
107864,107874,inseparable
107864,107875,inseparable
107864,107876,inseparable
107864,107877,inseparable
107864,107878,inseparable
107864,107879,inseparable
107864,107880,inseparable
107864,107881,inseparable
107864,107882,inseparable
107864,107883,inseparable
107864,107884,inseparable
107864,107885,inseparable
107864,107886,inseparable
107864,107887,inseparable
107864,107888,inseparable
107864,107889,inseparable
107864,107890,inseparable
107864,107891,inseparable
107864,107892,inseparable
107864,107893,inseparable
107864,107894,inseparable
107864,107895,inseparable
107864,107896,inseparable
107864,107897,inseparable
107864,107898,inseparable
107864,107899,inseparable
107864,107900,inseparable
107864,107901,inseparable
107864,107902,inseparable
107864,107903,inseparable
107864,107904,inseparable
107905,107906,inseparable
107905,107907,inseparable
107905,107908,inseparable
107905,107909,inseparable
107905,107910,inseparable
107905,107911,inseparable
107905,107912,inseparable
107905,107913,inseparable
107905,107914,inseparable
107905,107915,inseparable
107905,107916,inseparable
107905,107917,inseparable
107905,107918,inseparable
107905,107919,inseparable
107905,107920,inseparable
107905,107921,inseparable
107905,107922,inseparable
107905,107923,inseparable
107905,107924,inseparable
107905,107925,inseparable
107905,107926,inseparable
107905,107927,inseparable
107905,107928,inseparable
107905,107929,inseparable
107905,107930,inseparable
107905,107931,inseparable
107905,107932,inseparable
107905,107933,inseparable
107905,107934,inseparable
107905,107935,inseparable
107905,107936,inseparable
107937,107938,inseparable
107937,107939,inseparable
107937,107940,inseparable
107937,107941,inseparable
107937,107942,inseparable
107937,107943,inseparable
107937,107944,inseparable
107937,107945,inseparable
107937,107946,inseparable
107937,107947,inseparable
107937,107948,inseparable
107937,107949,inseparable
107937,107950,inseparable
107937,107951,inseparable
107937,107952,inseparable
107937,107953,inseparable
107937,107954,inseparable
107937,107955,inseparable
107937,107956,inseparable
107937,107957,inseparable
107937,107958,inseparable
107937,107959,inseparable
107937,107960,inseparable
107937,107961,inseparable
107937,107962,inseparable
107963,107964,inseparable
107963,107965,inseparable
107963,107966,inseparable
107963,107967,inseparable
107963,107968,inseparable
107963,107969,inseparable
107963,107970,inseparable
107963,107971,inseparable
107963,107972,inseparable
107963,107973,inseparable
107963,107974,inseparable
107963,107975,inseparable
107963,107976,inseparable
107963,107977,inseparable
107963,107978,inseparable
107963,107979,inseparable
107963,107980,inseparable
107963,107981,inseparable
107963,107982,inseparable
107963,107983,inseparable
107963,107984,inseparable
107963,107985,inseparable
107963,107986,inseparable
107963,107987,inseparable
107963,107988,inseparable
107963,107989,inseparable
107963,107990,inseparable
107963,107991,inseparable
107963,107992,inseparable
107963,107993,inseparable
107963,107994,inseparable
107963,107995,inseparable
107963,107996,inseparable
107963,107997,inseparable
107963,107998,inseparable
107963,107999,inseparable
107963,108000,inseparable
107963,108001,inseparable
107963,108002,inseparable
107963,108003,inseparable
107963,108004,inseparable
107963,108005,inseparable
107963,108006,inseparable
107963,108007,inseparable
107963,108008,inseparable
107963,108009,inseparable
107963,108010,inseparable
108011,108012,inseparable
108011,108013,inseparable
108011,108014,inseparable
108011,108015,inseparable
108011,108016,inseparable
108011,108017,inseparable
108011,108018,inseparable
108011,108019,inseparable
108011,108020,inseparable
108011,108021,inseparable
108011,108022,inseparable
108011,108023,inseparable
108011,108024,inseparable
108011,108025,inseparable
108011,108026,inseparable
108011,108027,inseparable
108011,108028,inseparable
108011,108029,inseparable
108011,108030,inseparable
108011,108031,inseparable
108011,108032,inseparable
108011,108033,inseparable
108011,108034,inseparable
108011,108035,inseparable
108011,108036,inseparable
108011,108037,inseparable
108011,108038,inseparable
108011,108039,inseparable
108011,108040,inseparable
108011,108041,inseparable
108011,108042,inseparable
108011,108043,inseparable
108011,108044,inseparable
108011,108045,inseparable
108011,108046,inseparable
108011,108047,inseparable
108011,108048,inseparable
108011,108049,inseparable
108011,108050,inseparable
108011,108051,inseparable
108011,108052,inseparable
108011,108053,inseparable
108011,108054,inseparable
108011,108055,inseparable
108011,108056,inseparable
108011,108057,inseparable
108011,108058,inseparable
108011,108059,inseparable
108011,108060,inseparable
108011,108061,inseparable
108011,108062,inseparable
108011,108063,inseparable
108011,108064,inseparable
108011,108065,inseparable
108011,108066,inseparable
108011,108067,inseparable
108011,108068,inseparable
108011,108069,inseparable
108011,108070,inseparable
108011,108071,inseparable
108011,108072,inseparable
108011,108073,inseparable
108011,108074,inseparable
108011,108075,inseparable
108011,108076,inseparable
108011,108077,inseparable
108011,108078,inseparable
108011,108079,inseparable
108011,108080,inseparable
108011,108081,inseparable
108011,108082,inseparable
108011,108083,inseparable
108011,108084,inseparable
108011,108085,inseparable
108086,93450,separable
108086,107619,separable
108086,107620,separable
108086,107621,separable
108086,107622,separable
108086,107623,separable
108086,107624,separable
108087,93448,separable
108087,93458,separable
108087,107596,separable
108087,107597,separable
108087,107598,separable
108087,107599,separable
108087,107600,separable
108087,107601,separable
108087,107602,separable
108087,107603,separable
108087,107604,separable
108087,107605,separable
108087,107606,separable
108087,107607,separable
108087,107608,separable
108087,107609,separable
108087,107610,separable
108087,107611,separable
108087,107612,separable
108087,107613,separable
108087,107614,separable
108087,107615,separable
108087,107616,separable
108087,107617,separable
108087,107625,separable
108095,105242,separable
108095,106496,separable
108095,106497,separable
108095,106498,separable
108095,106499,separable
108095,106500,separable
108101,108102,inseparable
108120,105498,separable
108120,105499,separable
108120,105500,separable
108120,105671,separable
108120,105674,separable
108136,108137,inseparable
108138,108139,inseparable
108141,108142,inseparable
108143,108144,inseparable
108145,108146,inseparable
108147,108148,inseparable
108149,108150,inseparable
108151,108152,inseparable
108153,108154,inseparable
108155,108156,inseparable
108157,108158,inseparable
108159,108160,inseparable
108161,108162,inseparable
108163,108164,inseparable
108165,108166,inseparable
108167,108168,inseparable
108169,108170,inseparable
108171,108172,inseparable
108173,108174,inseparable
108175,108176,inseparable
108222,108223,inseparable
108227,108228,inseparable
108229,108230,inseparable
108233,108234,inseparable
108236,108237,inseparable
108659,108660,inseparable
108663,108664,inseparable
108728,105145,separable
108728,105146,separable
108728,105147,separable
108728,105148,separable
108728,105149,separable
108728,105150,separable
108728,105151,separable
108728,105152,separable
108728,105153,separable
108728,105154,separable
108728,105155,separable
108728,105156,separable
108925,159380,inseparable
109005,109006,inseparable
109005,109007,inseparable
109005,109008,inseparable
109005,109009,inseparable
109005,109010,inseparable
109005,109011,inseparable
109005,109012,inseparable
109005,109013,inseparable
109005,109014,inseparable
109005,109015,inseparable
109005,109016,inseparable
109005,109017,inseparable
109005,109018,inseparable
109005,109019,inseparable
109005,109020,inseparable
109005,109021,inseparable
109005,109022,inseparable
109005,109023,inseparable
109005,109024,inseparable
109005,109025,inseparable
109005,109026,inseparable
109005,109027,inseparable
109005,109028,inseparable
109005,109029,inseparable
109005,109030,inseparable
109005,109031,inseparable
109005,109032,inseparable
109005,109033,inseparable
109005,109034,inseparable
109005,109035,inseparable
109005,109036,inseparable
109005,109037,inseparable
109005,109038,inseparable
109005,109039,inseparable
109005,109040,inseparable
109005,109041,inseparable
109005,109042,inseparable
109005,109043,inseparable
109005,109044,inseparable
109005,109045,inseparable
109005,109046,inseparable
109005,109047,inseparable
109005,109048,inseparable
109005,109049,inseparable
109005,109050,inseparable
109005,109051,inseparable
109005,109052,inseparable
109053,109054,inseparable
109053,109055,inseparable
109053,109056,inseparable
109053,109057,inseparable
109053,109058,inseparable
109053,109059,inseparable
109053,109060,inseparable
109053,109061,inseparable
109053,109062,inseparable
109053,109063,inseparable
109053,109064,inseparable
109053,109065,inseparable
109053,109066,inseparable
109053,109067,inseparable
109053,109068,inseparable
109053,109069,inseparable
109053,109070,inseparable
109053,109071,inseparable
109053,109072,inseparable
109053,109073,inseparable
109053,109074,inseparable
109053,109075,inseparable
109053,109076,inseparable
109053,109077,inseparable
109053,109078,inseparable
109053,109079,inseparable
109053,109080,inseparable
109053,109081,inseparable
109053,109082,inseparable
109053,109083,inseparable
109053,109084,inseparable
109053,109085,inseparable
109053,109086,inseparable
109053,109087,inseparable
109053,109088,inseparable
109053,109089,inseparable
109053,109090,inseparable
109053,109091,inseparable
109053,109092,inseparable
109053,109093,inseparable
109053,109094,inseparable
109053,109095,inseparable
109053,109096,inseparable
109053,109097,inseparable
109053,109098,inseparable
109053,109099,inseparable
109053,109100,inseparable
109053,109101,inseparable
109053,109102,inseparable
109053,109103,inseparable
109053,109104,inseparable
109053,109105,inseparable
109053,109106,inseparable
109053,109107,inseparable
109053,109108,inseparable
109053,109109,inseparable
109053,109110,inseparable
109053,109111,inseparable
109053,109112,inseparable
109053,109113,inseparable
109053,109114,inseparable
109115,109116,inseparable
109115,109117,inseparable
109115,109118,inseparable
109115,109119,inseparable
109115,109120,inseparable
109115,109121,inseparable
109115,109122,inseparable
109115,109123,inseparable
109115,109124,inseparable
109115,109125,inseparable
109115,109126,inseparable
109115,109127,inseparable
109115,109128,inseparable
109115,109129,inseparable
109115,109130,inseparable
109115,109131,inseparable
109115,109132,inseparable
109115,109133,inseparable
109115,109134,inseparable
109115,109135,inseparable
109115,109136,inseparable
109115,109137,inseparable
109115,109138,inseparable
109115,109139,inseparable
109115,109140,inseparable
109115,109141,inseparable
109115,109142,inseparable
109115,109143,inseparable
109115,109144,inseparable
109115,109145,inseparable
109115,109146,inseparable
109115,109147,inseparable
109115,109148,inseparable
109115,109149,inseparable
109115,109150,inseparable
109115,109151,inseparable
109115,109152,inseparable
109115,109153,inseparable
109115,109154,inseparable
109115,109155,inseparable
109115,109156,inseparable
109115,109157,inseparable
109115,109158,inseparable
109115,109159,inseparable
109115,109160,inseparable
109115,109161,inseparable
109115,109162,inseparable
109115,109163,inseparable
109115,109164,inseparable
109115,109165,inseparable
109115,109166,inseparable
109115,109167,inseparable
109115,109168,inseparable
109115,109169,inseparable
109115,109170,inseparable
109115,109171,inseparable
109172,109173,inseparable
109172,109174,inseparable
109172,109175,inseparable
109172,109176,inseparable
109172,109177,inseparable
109172,109178,inseparable
109172,109179,inseparable
109172,109180,inseparable
109172,109181,inseparable
109172,109182,inseparable
109172,109183,inseparable
109172,109184,inseparable
109172,109185,inseparable
109172,109186,inseparable
109172,109187,inseparable
109172,109188,inseparable
109172,109189,inseparable
109172,109190,inseparable
109172,109191,inseparable
109172,109192,inseparable
109172,109193,inseparable
109172,109194,inseparable
109172,109195,inseparable
109172,109196,inseparable
109172,109197,inseparable
109172,109198,inseparable
109172,109199,inseparable
109172,109200,inseparable
109172,109201,inseparable
109172,109202,inseparable
109172,109203,inseparable
109172,109204,inseparable
109172,109205,inseparable
109172,109206,inseparable
109172,109207,inseparable
109172,109208,inseparable
109172,109209,inseparable
109172,109210,inseparable
109172,109211,inseparable
109172,109212,inseparable
109213,109214,inseparable
109213,109215,inseparable
109213,109216,inseparable
109213,109217,inseparable
109213,109218,inseparable
109213,109219,inseparable
109213,109220,inseparable
109213,109221,inseparable
109213,109222,inseparable
109213,109223,inseparable
109213,109224,inseparable
109213,109225,inseparable
109213,109226,inseparable
109213,109227,inseparable
109213,109228,inseparable
109213,109229,inseparable
109213,109230,inseparable
109213,109231,inseparable
109213,109232,inseparable
109213,109233,inseparable
109213,109234,inseparable
109213,109235,inseparable
109213,109236,inseparable
109213,109237,inseparable
109213,109238,inseparable
109213,109239,inseparable
109241,109242,inseparable
109241,109243,inseparable
109241,109244,inseparable
109241,109245,inseparable
109241,109246,inseparable
109241,109247,inseparable
109241,109248,inseparable
109241,109249,inseparable
109241,109250,inseparable
109241,109251,inseparable
109241,109252,inseparable
109253,109254,inseparable
109253,109255,inseparable
109253,109256,inseparable
109253,109257,inseparable
109253,109258,inseparable
109253,109259,inseparable
109253,109260,inseparable
109253,109261,inseparable
109253,109262,inseparable
109253,109263,inseparable
109253,109264,inseparable
109253,109265,inseparable
109253,109266,inseparable
109253,109267,inseparable
109253,109268,inseparable
109253,109269,inseparable
109253,109270,inseparable
109253,109271,inseparable
109253,109272,inseparable
109253,109273,inseparable
109253,109274,inseparable
109253,109275,inseparable
109253,109276,inseparable
109277,109278,inseparable
109277,109279,inseparable
109277,109280,inseparable
109277,109281,inseparable
109277,109282,inseparable
109277,109283,inseparable
109277,109284,inseparable
109277,109285,inseparable
109287,109288,inseparable
109287,109289,inseparable
109287,109290,inseparable
109287,109291,inseparable
109287,109292,inseparable
109287,109293,inseparable
109287,109294,inseparable
109287,109295,inseparable
109287,109296,inseparable
109287,109297,inseparable
109287,109298,inseparable
109287,109299,inseparable
109287,109300,inseparable
109287,109301,inseparable
109287,109302,inseparable
109287,109303,inseparable
109287,109304,inseparable
109287,109305,inseparable
109287,109306,inseparable
109307,109308,inseparable
109307,109309,inseparable
109307,109310,inseparable
109307,109311,inseparable
109307,109312,inseparable
109307,109313,inseparable
109307,109314,inseparable
109307,109315,inseparable
109307,109316,inseparable
109307,109317,inseparable
109307,109318,inseparable
109319,109320,inseparable
109319,109321,inseparable
109319,109322,inseparable
109319,109323,inseparable
109319,109324,inseparable
109319,109325,inseparable
109319,109326,inseparable
109319,109327,inseparable
109319,109328,inseparable
109319,109329,inseparable
109319,109330,inseparable
109331,109332,inseparable
109331,109333,inseparable
109331,109334,inseparable
109331,109335,inseparable
109331,109336,inseparable
109331,109337,inseparable
109331,109338,inseparable
109331,109339,inseparable
109331,109340,inseparable
109331,109341,inseparable
109344,109345,inseparable
109344,109346,inseparable
109344,109347,inseparable
109344,109348,inseparable
109344,109349,inseparable
109344,109350,inseparable
109344,109351,inseparable
109344,109352,inseparable
109344,109353,inseparable
109344,109354,inseparable
109344,109355,inseparable
109344,109356,inseparable
109357,109358,inseparable
109357,109359,inseparable
109357,109360,inseparable
109357,109361,inseparable
109357,109362,inseparable
109357,109363,inseparable
109357,109364,inseparable
109357,109365,inseparable
109357,109366,inseparable
109357,109367,inseparable
109357,109368,inseparable
109357,109369,inseparable
109357,109370,inseparable
109357,109371,inseparable
109357,109372,inseparable
109357,109373,inseparable
109357,109374,inseparable
109357,109375,inseparable
109357,109376,inseparable
109357,109377,inseparable
109378,109379,inseparable
109378,109380,inseparable
109378,109381,inseparable
109378,109382,inseparable
109378,109383,inseparable
109378,109384,inseparable
109378,109385,inseparable
109378,109386,inseparable
109378,109387,inseparable
109378,109388,inseparable
109378,109389,inseparable
109378,109390,inseparable
109378,109391,inseparable
109378,109392,inseparable
109378,109393,inseparable
109378,109394,inseparable
109378,109395,inseparable
109397,109398,inseparable
109397,109399,inseparable
109397,109400,inseparable
109397,109401,inseparable
109397,109402,inseparable
109397,109403,inseparable
109397,109404,inseparable
109397,109405,inseparable
109397,109406,inseparable
109397,109407,inseparable
109397,109408,inseparable
109397,109409,inseparable
109397,109410,inseparable
109397,109411,inseparable
109397,109412,inseparable
109413,109414,inseparable
109413,109415,inseparable
109413,109416,inseparable
109413,109417,inseparable
109413,109418,inseparable
109413,109419,inseparable
109413,109420,inseparable
109413,109421,inseparable
109413,109422,inseparable
109413,109423,inseparable
109413,109424,inseparable
109426,109427,inseparable
109426,109428,inseparable
109426,109429,inseparable
109426,109430,inseparable
109426,109431,inseparable
109426,109432,inseparable
109426,109433,inseparable
109426,109434,inseparable
109426,109435,inseparable
109426,109436,inseparable
109426,109437,inseparable
109426,109438,inseparable
109426,109439,inseparable
109426,109440,inseparable
109426,109441,inseparable
109426,109442,inseparable
109426,109443,inseparable
109426,109444,inseparable
109426,109445,inseparable
109426,109446,inseparable
109426,109447,inseparable
109426,109448,inseparable
109426,109449,inseparable
109426,109450,inseparable
109426,109451,inseparable
109426,109452,inseparable
109426,109453,inseparable
109426,109454,inseparable
109426,109455,inseparable
109426,109456,inseparable
109426,109457,inseparable
109426,109458,inseparable
109460,109461,inseparable
109460,109462,inseparable
109460,109463,inseparable
109460,109464,inseparable
109460,109465,inseparable
109460,109466,inseparable
109460,109467,inseparable
109460,109468,inseparable
109460,109469,inseparable
109460,109470,inseparable
109460,109471,inseparable
109460,109472,inseparable
109460,109473,inseparable
109460,109474,inseparable
109460,109475,inseparable
109460,109476,inseparable
109460,109477,inseparable
109460,109478,inseparable
109460,109479,inseparable
109460,109480,inseparable
109460,109481,inseparable
109460,109482,inseparable
109460,109483,inseparable
109460,109484,inseparable
109460,109485,inseparable
109460,109486,inseparable
109460,109487,inseparable
109460,109488,inseparable
109460,109489,inseparable
109460,109490,inseparable
109460,109491,inseparable
109460,109492,inseparable
109460,109493,inseparable
109460,109494,inseparable
109460,109495,inseparable
109460,109496,inseparable
109460,109497,inseparable
109460,109498,inseparable
109460,109499,inseparable
109460,109500,inseparable
109501,109502,inseparable
109501,109503,inseparable
109501,109504,inseparable
109501,109505,inseparable
109501,109506,inseparable
109501,109507,inseparable
109501,109508,inseparable
109501,109509,inseparable
109501,109510,inseparable
109501,109511,inseparable
109501,109512,inseparable
109501,109513,inseparable
109501,109514,inseparable
109501,109515,inseparable
109501,109516,inseparable
109501,109517,inseparable
109975,104918,separable
109975,104919,separable
109975,104920,separable
109975,104921,separable
109975,104922,separable
109975,104923,separable
110002,105132,separable
110002,105133,separable
110002,105134,separable
110002,105135,separable
110002,105136,separable
110203,110204,inseparable
110205,110206,inseparable
110212,111736,separable
110212,111737,separable
110212,111738,separable
110212,111739,separable
110212,111740,separable
110212,111741,separable
110212,111742,separable
110212,111743,separable
110212,111744,separable
110212,111745,separable
110212,111746,separable
110212,111747,separable
110212,111749,separable
110212,111750,separable
110212,111753,separable
110429,110430,inseparable
110429,110431,inseparable
110429,110432,inseparable
110429,110433,inseparable
110429,110434,inseparable
110429,110435,inseparable
110429,110436,inseparable
110429,110437,inseparable
110429,110438,inseparable
110429,110439,inseparable
110429,110440,inseparable
110429,110441,inseparable
110429,110442,inseparable
110609,108119,separable
110609,110610,separable
110609,110611,separable
110609,110612,separable
110609,110613,separable
110609,110614,separable
110609,110615,separable
110609,110616,separable
110609,110617,separable
110609,110618,separable
110609,110619,separable
110609,110620,separable
110609,110621,separable
110609,110622,separable
110609,110623,separable
110609,110624,separable
110609,110625,separable
110609,110626,separable
110609,110627,separable
110609,110628,separable
110609,110629,separable
110609,110630,separable
110609,110631,separable
110609,110632,separable
110609,110633,separable
110609,110634,separable
110609,110635,separable
110609,110636,separable
110609,110637,separable
110609,110638,separable
110609,110639,separable
110609,110640,separable
110609,110641,separable
110609,110642,separable
110609,110643,separable
110609,110644,separable
110655,110656,inseparable
110676,110677,inseparable
110702,110703,inseparable
110708,110709,inseparable
110713,110714,inseparable
110715,110716,inseparable
110718,110719,inseparable
110720,110721,inseparable
110722,110723,inseparable
110724,110725,inseparable
110727,110728,inseparable
110729,110730,inseparable
110731,110732,inseparable
110733,110734,inseparable
110735,110736,inseparable
110737,110738,inseparable
110739,110740,inseparable
110859,110860,inseparable
110859,110861,inseparable
110859,110862,inseparable
110859,110863,inseparable
110859,110864,inseparable
110859,110865,inseparable
110859,110866,inseparable
110859,110867,inseparable
110859,110868,inseparable
110859,110869,inseparable
110859,110870,inseparable
110859,110871,inseparable
110859,110872,inseparable
110859,110873,inseparable
110875,130641,separable
110875,130642,separable
110875,130643,separable
110875,130645,separable
110875,130647,separable
110875,130648,separable
110875,130650,separable
110875,130651,separable
110875,130653,separable
110875,130656,separable
110875,130657,separable
110875,130658,separable
110875,130659,separable
110875,130660,separable
110875,130661,separable
110875,130662,separable
110875,130663,separable
110879,110880,inseparable
110881,110882,inseparable
110881,110883,inseparable
110881,110884,inseparable
110896,109913,separable
110896,110886,separable
110896,110887,separable
110896,110888,separable
110896,110889,separable
110896,110890,separable
110896,110891,separable
110896,110892,separable
110896,110893,separable
110896,110894,separable
110896,110895,separable
111027,110462,separable
111027,111024,separable
111027,111025,separable
111027,111026,separable
111059,111060,inseparable
111059,111061,inseparable
111059,111062,inseparable
111063,111064,inseparable
111063,111065,inseparable
111063,111066,inseparable
111063,111067,inseparable
111063,111068,inseparable
111063,111069,inseparable
111063,111070,inseparable
111063,111071,inseparable
111063,111072,inseparable
111074,111075,inseparable
111074,111076,inseparable
111074,111077,inseparable
111074,111078,inseparable
111074,111079,inseparable
111074,111080,inseparable
111074,111081,inseparable
111074,111082,inseparable
111074,111083,inseparable
111085,111086,inseparable
111087,111088,inseparable
111087,111089,inseparable
111087,111090,inseparable
111087,111091,inseparable
111087,111092,inseparable
111087,111093,inseparable
111087,111094,inseparable
111087,111095,inseparable
111087,111096,inseparable
111097,111098,inseparable
111097,111099,inseparable
111097,111100,inseparable
111097,111101,inseparable
111102,111103,inseparable
111189,109917,separable
111189,111181,separable
111189,111182,separable
111189,111183,separable
111189,111184,separable
111189,111185,separable
111189,111186,separable
111189,111187,separable
111189,111188,separable
111349,111350,inseparable
111463,111464,inseparable
111607,111608,inseparable
111618,111619,inseparable
111637,140098,separable
111637,140099,separable
111637,140100,separable
111637,140101,separable
111873,111874,inseparable
112185,111123,separable
112185,112186,separable
112185,112187,separable
112185,112188,separable
112185,112189,separable
112185,112190,separable
112185,112192,separable
112185,112193,separable
112185,112194,separable
112185,112195,separable
112310,112311,inseparable
112330,123299,separable
112330,232330,separable
112330,232331,separable
112330,232332,separable
112330,232333,separable
112330,232334,separable
112330,232335,separable
112444,112445,inseparable
112444,112446,inseparable
112444,112447,inseparable
112444,112448,inseparable
112444,112449,inseparable
112444,112450,inseparable
112451,112452,inseparable
112454,112455,inseparable
112456,112457,inseparable
112458,112459,inseparable
112460,112461,inseparable
112462,112463,inseparable
112464,112465,inseparable
112467,112468,inseparable
112489,112490,inseparable
112523,112524,inseparable
112560,112561,inseparable
112704,112705,inseparable
112704,112706,inseparable
112704,112707,inseparable
112704,112708,inseparable
112704,112709,inseparable
112704,112710,inseparable
112704,112711,inseparable
112704,112712,inseparable
112704,112713,inseparable
112704,112714,inseparable
112704,112715,inseparable
112704,112716,inseparable
112704,112717,inseparable
112704,112718,inseparable
112704,112719,inseparable
112704,112720,inseparable
112704,112721,inseparable
112704,112722,inseparable
112704,112723,inseparable
112704,112724,inseparable
112704,112725,inseparable
112704,112726,inseparable
112704,112727,inseparable
112704,112728,inseparable
112704,112729,inseparable
112704,112730,inseparable
112704,112731,inseparable
112704,112732,inseparable
112704,112733,inseparable
112704,112734,inseparable
112704,112735,inseparable
112704,112736,inseparable
112704,112737,inseparable
112704,112738,inseparable
112704,112739,inseparable
112704,112740,inseparable
112704,112741,inseparable
112704,112742,inseparable
112704,112743,inseparable
112704,112744,inseparable
112704,112745,inseparable
112704,112746,inseparable
112704,112747,inseparable
112704,112748,inseparable
112704,112749,inseparable
112704,112750,inseparable
112704,112751,inseparable
112704,112752,inseparable
112704,112753,inseparable
112704,112754,inseparable
112704,112755,inseparable
112704,112756,inseparable
112704,112757,inseparable
112704,112758,inseparable
112704,112759,inseparable
112704,112760,inseparable
112704,112761,inseparable
112704,112762,inseparable
112704,112763,inseparable
112704,112764,inseparable
112704,112765,inseparable
112704,112766,inseparable
112704,112767,inseparable
112704,112768,inseparable
112704,112769,inseparable
112704,112770,inseparable
112704,112771,inseparable
112704,112772,inseparable
112704,112773,inseparable
112704,112774,inseparable
112704,112775,inseparable
112704,112776,inseparable
112704,112777,inseparable
112704,112778,inseparable
112704,112779,inseparable
112704,112780,inseparable
112704,112781,inseparable
112704,112782,inseparable
112704,112783,inseparable
112704,112784,inseparable
112704,112785,inseparable
112704,112786,inseparable
112704,112787,inseparable
112850,112851,inseparable
112860,112862,inseparable
112860,112863,inseparable
112860,112864,inseparable
112860,112865,inseparable
112860,112866,inseparable
112860,112867,inseparable
112860,112868,inseparable
112860,112869,inseparable
112860,112870,inseparable
112860,112871,inseparable
112860,112872,inseparable
112860,112873,inseparable
112860,112874,inseparable
112860,112875,inseparable
112860,112876,inseparable
112860,112877,inseparable
112860,112878,inseparable
112860,112879,inseparable
112860,112880,inseparable
112860,112881,inseparable
112860,112882,inseparable
112860,112883,inseparable
112860,112884,inseparable
112860,112885,inseparable
112860,112886,inseparable
112860,112887,inseparable
112860,112888,inseparable
112860,112889,inseparable
112860,112890,inseparable
112860,112891,inseparable
112860,112892,inseparable
112860,112893,inseparable
112860,112894,inseparable
112860,112895,inseparable
112860,112896,inseparable
112860,112897,inseparable
112860,112898,inseparable
112860,112899,inseparable
112860,112900,inseparable
112860,112901,inseparable
112860,112902,inseparable
112860,112903,inseparable
112860,112904,inseparable
112860,112905,inseparable
112860,112906,inseparable
112860,112907,inseparable
112860,112908,inseparable
112860,112909,inseparable
112860,112910,inseparable
112860,112911,inseparable
112860,112912,inseparable
112860,112913,inseparable
112860,112914,inseparable
112860,112915,inseparable
112860,112916,inseparable
112860,112917,inseparable
112860,112918,inseparable
112860,112919,inseparable
112860,112920,inseparable
112860,112921,inseparable
112860,112922,inseparable
112860,112923,inseparable
112860,112924,inseparable
112860,112925,inseparable
112860,112926,inseparable
112860,112927,inseparable
112860,112928,inseparable
112860,112929,inseparable
112860,112930,inseparable
112860,112931,inseparable
112860,112932,inseparable
112860,112933,inseparable
112860,112934,inseparable
112860,112935,inseparable
112860,112936,inseparable
112860,112937,inseparable
112860,112938,inseparable
112860,112939,inseparable
112860,112940,inseparable
112860,112941,inseparable
112860,112942,inseparable
112860,112943,inseparable
112860,112944,inseparable
112860,112945,inseparable
112860,112946,inseparable
112860,112947,inseparable
112860,112948,inseparable
112860,112949,inseparable
112860,112950,inseparable
112860,112951,inseparable
112860,112952,inseparable
112860,112953,inseparable
112860,112954,inseparable
112860,112955,inseparable
112860,112956,inseparable
112860,112957,inseparable
112860,112958,inseparable
112860,112959,inseparable
112860,141475,separable
112860,143518,separable
112860,143551,inseparable
112860,143552,inseparable
112860,143553,inseparable
112860,143554,inseparable
112860,143555,inseparable
112860,143556,inseparable
112860,143557,inseparable
112860,143558,inseparable
112860,143559,inseparable
112860,143560,inseparable
112860,143561,inseparable
112860,143562,inseparable
112860,143563,inseparable
112860,143564,inseparable
112860,143565,inseparable
112860,143566,inseparable
112860,143567,inseparable
112860,143568,inseparable
112860,143569,inseparable
112860,143570,inseparable
112860,143571,inseparable
112860,143572,inseparable
112860,143573,inseparable
112860,143574,inseparable
112860,143575,inseparable
112860,143576,inseparable
112860,143577,inseparable
112860,143578,inseparable
112860,143579,inseparable
112860,143580,inseparable
112860,143581,inseparable
112860,143582,inseparable
112860,143583,inseparable
112860,143584,inseparable
112860,143585,inseparable
112860,143586,inseparable
112860,143587,inseparable
112860,143588,inseparable
112860,143589,inseparable
112860,143590,inseparable
112860,143591,inseparable
112860,143592,inseparable
112860,143593,inseparable
112860,143594,inseparable
112860,143595,inseparable
112860,143596,inseparable
112860,143597,inseparable
112860,143598,inseparable
112860,143599,inseparable
112860,143600,inseparable
112860,143601,inseparable
112860,143602,inseparable
112860,143603,inseparable
112860,143604,inseparable
112860,143605,inseparable
112860,143606,inseparable
112860,143607,inseparable
112860,143608,inseparable
112860,143609,inseparable
112860,143610,inseparable
112860,143611,inseparable
112860,143612,inseparable
112860,143613,inseparable
112860,143614,inseparable
112860,143615,inseparable
112860,143616,inseparable
112860,143617,inseparable
112860,143618,inseparable
112860,143619,inseparable
112860,143620,inseparable
112860,143621,inseparable
112960,152909,inseparable
112960,152910,inseparable
112960,152911,inseparable
112960,152912,inseparable
112960,152913,inseparable
112960,152914,inseparable
112960,152915,inseparable
112960,152916,inseparable
112960,152917,inseparable
112960,152918,inseparable
112960,152919,inseparable
112960,152920,inseparable
112960,152921,inseparable
112960,152922,inseparable
112960,152923,inseparable
112960,152924,inseparable
112960,152925,inseparable
112960,152926,inseparable
112960,152927,inseparable
112960,152928,inseparable
112960,152929,inseparable
112960,152930,inseparable
112960,152931,inseparable
112960,152932,inseparable
112960,152933,inseparable
112960,152934,inseparable
112960,152935,inseparable
112960,152936,inseparable
112960,152937,inseparable
112960,152938,inseparable
112960,152939,inseparable
112960,152940,inseparable
112960,152941,inseparable
112960,152942,inseparable
112960,152943,inseparable
112960,152944,inseparable
112960,152945,inseparable
112960,152946,inseparable
112960,152947,inseparable
112960,152948,inseparable
112960,152949,inseparable
112960,152950,inseparable
112960,152951,inseparable
112960,152952,inseparable
112960,152953,inseparable
112960,152954,inseparable
112960,152955,inseparable
112960,152956,inseparable
112960,152957,inseparable
112960,152958,inseparable
112960,152959,inseparable
112960,152960,inseparable
112960,152961,inseparable
112960,152962,inseparable
112960,152963,inseparable
112960,152964,inseparable
112960,152965,inseparable
112960,152966,inseparable
112960,152967,inseparable
112960,152968,inseparable
112960,152969,inseparable
112960,152970,inseparable
112960,152971,inseparable
112960,152972,inseparable
112960,152973,inseparable
112960,152974,inseparable
112960,152975,inseparable
112960,152976,inseparable
112960,152977,inseparable
112960,152978,inseparable
112960,152979,inseparable
112960,152980,inseparable
112960,152981,inseparable
112960,152982,inseparable
112960,152983,inseparable
112960,152984,inseparable
112960,152985,inseparable
112960,152986,inseparable
112960,152987,inseparable
112960,152988,inseparable
112960,152989,inseparable
112960,152990,inseparable
112960,152991,inseparable
112960,152992,inseparable
112960,152993,inseparable
112960,152994,inseparable
112960,152995,inseparable
112960,152996,inseparable
112960,152997,inseparable
112960,152998,inseparable
112960,152999,inseparable
112960,153000,inseparable
112960,153001,inseparable
112960,153002,inseparable
112960,153003,inseparable
112960,153004,inseparable
112960,153005,inseparable
112960,153006,inseparable
112960,153007,inseparable
112960,153008,inseparable
112960,153009,inseparable
112960,153010,inseparable
112960,153011,inseparable
112960,153012,inseparable
112960,153013,inseparable
112960,153014,inseparable
112960,153015,inseparable
112960,153016,inseparable
112960,153017,inseparable
112960,153018,inseparable
112960,153019,inseparable
112960,153020,inseparable
112960,153021,inseparable
112960,153022,inseparable
112960,153023,inseparable
112960,153024,inseparable
112960,153025,inseparable
112960,153026,inseparable
112960,153027,inseparable
112960,153028,inseparable
112960,153029,inseparable
112960,153030,inseparable
112960,153031,inseparable
112960,153032,inseparable
112960,153033,inseparable
112960,153034,inseparable
112960,153035,inseparable
112960,153036,inseparable
112960,153037,inseparable
112960,153038,inseparable
112960,153039,inseparable
112960,153040,inseparable
112960,153041,inseparable
112960,153042,inseparable
112960,153043,inseparable
112960,153044,inseparable
112960,153045,inseparable
112960,153046,inseparable
112960,153047,inseparable
112960,153048,inseparable
112960,153049,inseparable
112960,153050,inseparable
112960,153051,inseparable
112960,153052,inseparable
112960,153053,inseparable
112960,153054,inseparable
112960,153055,inseparable
112960,153056,inseparable
112960,153057,inseparable
112960,153058,inseparable
112960,153059,inseparable
112960,153060,inseparable
112960,153061,inseparable
112960,153062,inseparable
112960,153063,inseparable
112960,153064,inseparable
112960,153065,inseparable
112960,153066,inseparable
112960,153067,inseparable
112960,153068,inseparable
112960,153069,inseparable
112960,153070,inseparable
112960,153071,inseparable
112960,153072,inseparable
112960,153073,inseparable
112960,153074,inseparable
112960,153075,inseparable
112960,153076,inseparable
112960,153077,inseparable
112960,153078,inseparable
112960,153079,inseparable
112960,153080,inseparable
112960,153081,inseparable
112960,153082,inseparable
112960,153083,inseparable
112960,153084,inseparable
112960,153085,inseparable
112960,153086,inseparable
112960,153087,inseparable
112960,153088,inseparable
112960,153089,inseparable
112960,153090,inseparable
112960,153091,inseparable
112960,153092,inseparable
112960,153093,inseparable
112960,153094,inseparable
112960,153095,inseparable
112960,153096,inseparable
112960,153097,inseparable
112960,153098,inseparable
112960,153099,inseparable
112960,153100,inseparable
112960,153101,inseparable
112961,154666,inseparable
112961,154667,inseparable
112961,154668,inseparable
112961,154669,inseparable
112961,154670,inseparable
112961,154671,inseparable
112961,154672,inseparable
112961,154673,inseparable
112961,154674,inseparable
112961,154675,inseparable
112961,154676,inseparable
112961,154677,inseparable
112961,154678,inseparable
112961,154679,inseparable
112961,154680,inseparable
112961,154681,inseparable
112961,154682,inseparable
112961,154683,inseparable
112961,154684,inseparable
112961,154685,inseparable
112961,154686,inseparable
112961,154687,inseparable
112961,154688,inseparable
112961,154689,inseparable
112961,154690,inseparable
112961,154691,inseparable
112961,154692,inseparable
112961,154693,inseparable
112961,154694,inseparable
112961,154695,inseparable
112961,154696,inseparable
112961,154697,inseparable
112961,154698,inseparable
112961,154699,inseparable
112961,154700,inseparable
112961,154701,inseparable
112961,154702,inseparable
112961,154703,inseparable
112961,154704,inseparable
112961,154705,inseparable
112961,154706,inseparable
112961,154707,inseparable
112961,154708,inseparable
112961,154709,inseparable
112961,154710,inseparable
112961,154711,inseparable
112961,154712,inseparable
112961,154713,inseparable
112961,154714,inseparable
112961,154715,inseparable
112961,154716,inseparable
112961,154717,inseparable
112961,154718,inseparable
112961,154719,inseparable
112961,154720,inseparable
112961,154721,inseparable
112961,154722,inseparable
112961,154723,inseparable
112961,154724,inseparable
112961,154725,inseparable
112961,154726,inseparable
112961,154727,inseparable
112961,154728,inseparable
112961,154729,inseparable
112961,154730,inseparable
112961,154731,inseparable
112961,154732,inseparable
112961,154733,inseparable
112961,154734,inseparable
112961,154735,inseparable
112961,154736,inseparable
112961,154737,inseparable
112961,154738,inseparable
112961,154739,inseparable
112961,154740,inseparable
112961,154741,inseparable
112961,154742,inseparable
112961,154743,inseparable
112961,154744,inseparable
112961,154745,inseparable
112961,154746,inseparable
112961,154747,inseparable
112961,154748,inseparable
112961,154749,inseparable
112961,154750,inseparable
112961,154751,inseparable
112961,154752,inseparable
112961,154753,inseparable
112961,154754,inseparable
112961,154755,inseparable
112961,154756,inseparable
112961,154757,inseparable
112961,154758,inseparable
112961,154759,inseparable
112961,154760,inseparable
112961,154761,inseparable
112961,154762,inseparable
112961,154763,inseparable
112961,154764,inseparable
112961,154765,inseparable
112961,154766,inseparable
112961,154767,inseparable
112961,154768,inseparable
112961,154769,inseparable
112961,154770,inseparable
112961,154771,inseparable
112961,154772,inseparable
112961,154773,inseparable
112961,154774,inseparable
112961,154775,inseparable
112961,154776,inseparable
112961,154777,inseparable
112961,154778,inseparable
112961,154779,inseparable
112961,154780,inseparable
112961,154781,inseparable
112961,154782,inseparable
112961,154783,inseparable
112961,154784,inseparable
112961,154785,inseparable
112961,154786,inseparable
112961,154787,inseparable
112961,154788,inseparable
112961,154789,inseparable
112961,154790,inseparable
112961,154791,inseparable
112961,154792,inseparable
112961,154793,inseparable
112961,154794,inseparable
112961,154795,inseparable
112961,154796,inseparable
112961,154797,inseparable
112961,154798,inseparable
112961,154799,inseparable
112961,154800,inseparable
112961,154801,inseparable
112961,154802,inseparable
112961,154803,inseparable
112961,154804,inseparable
112961,154805,inseparable
112961,154806,inseparable
112961,154807,inseparable
112961,154808,inseparable
112961,154809,inseparable
112961,154810,inseparable
112961,154811,inseparable
112961,154812,inseparable
112961,154813,inseparable
112961,154814,inseparable
112961,154815,inseparable
112961,154816,inseparable
112961,154817,inseparable
112961,154818,inseparable
112961,154819,inseparable
112961,154820,inseparable
112961,154821,inseparable
112961,154822,inseparable
112962,155121,inseparable
112962,155122,inseparable
112962,155123,inseparable
112962,155124,inseparable
112962,155125,inseparable
112962,155126,inseparable
112962,155127,inseparable
112962,155128,inseparable
112962,155129,inseparable
112962,155130,inseparable
112962,155131,inseparable
112962,155132,inseparable
112962,155133,inseparable
112962,155134,inseparable
112962,155135,inseparable
112962,155136,inseparable
112962,155137,inseparable
112962,155138,inseparable
112962,155139,inseparable
112962,155140,inseparable
112962,155141,inseparable
112962,155142,inseparable
112962,155143,inseparable
112962,155144,inseparable
112962,155145,inseparable
112962,155146,inseparable
112962,155147,inseparable
112962,155148,inseparable
112962,155149,inseparable
112962,155150,inseparable
112962,155151,inseparable
112962,155152,inseparable
112962,155153,inseparable
112962,155154,inseparable
112962,155155,inseparable
112962,155156,inseparable
112962,155157,inseparable
112962,155158,inseparable
112962,155159,inseparable
112962,155160,inseparable
112962,155161,inseparable
112962,155162,inseparable
112962,155163,inseparable
112962,155164,inseparable
112962,155165,inseparable
112962,155166,inseparable
112962,155167,inseparable
112962,155168,inseparable
112962,155169,inseparable
112962,155170,inseparable
112962,155171,inseparable
112962,155172,inseparable
112962,155173,inseparable
112962,155174,inseparable
112962,155175,inseparable
112962,155176,inseparable
112962,155177,inseparable
112962,155178,inseparable
112962,155179,inseparable
112962,155180,inseparable
112962,155181,inseparable
112962,155182,inseparable
112962,155183,inseparable
112962,155184,inseparable
112962,155185,inseparable
112962,155186,inseparable
112962,155187,inseparable
112962,155188,inseparable
112962,155189,inseparable
112962,155190,inseparable
112962,155191,inseparable
112962,155192,inseparable
112962,155193,inseparable
112962,155194,inseparable
112962,155195,inseparable
112962,155196,inseparable
112962,155197,inseparable
112962,155198,inseparable
112962,155199,inseparable
112962,155200,inseparable
112962,155201,inseparable
112962,155202,inseparable
112962,155203,inseparable
112962,155204,inseparable
112962,155205,inseparable
112962,155206,inseparable
112962,155207,inseparable
112962,155208,inseparable
112962,155209,inseparable
112962,155210,inseparable
112962,155211,inseparable
112962,155212,inseparable
112962,155213,inseparable
112962,155214,inseparable
112962,155215,inseparable
112962,155216,inseparable
112962,155217,inseparable
112962,155218,inseparable
112962,155219,inseparable
112962,155220,inseparable
112962,155221,inseparable
112962,155222,inseparable
112962,155223,inseparable
112962,155224,inseparable
112962,155225,inseparable
112962,155226,inseparable
112962,155227,inseparable
112962,155228,inseparable
112962,155229,inseparable
112962,155230,inseparable
112962,155231,inseparable
112962,155232,inseparable
112962,155233,inseparable
112962,155234,inseparable
112962,155235,inseparable
112962,155236,inseparable
112962,155237,inseparable
112962,155238,inseparable
112962,155239,inseparable
112962,155240,inseparable
112962,155241,inseparable
112962,155242,inseparable
112962,155243,inseparable
112962,155244,inseparable
112962,155245,inseparable
112962,155246,inseparable
112962,155247,inseparable
112962,155248,inseparable
112962,155249,inseparable
112962,155250,inseparable
112962,155251,inseparable
112962,155252,inseparable
112962,155253,inseparable
112962,155254,inseparable
112962,155255,inseparable
112962,155256,inseparable
112962,155257,inseparable
112962,155258,inseparable
112962,155259,inseparable
112962,155260,inseparable
112962,155261,inseparable
112962,155262,inseparable
112962,155263,inseparable
112962,155264,inseparable
112962,155265,inseparable
112962,155266,inseparable
112962,155267,inseparable
112962,155268,inseparable
112962,155269,inseparable
112962,155270,inseparable
112962,155271,inseparable
112962,155272,inseparable
112962,155273,inseparable
112962,155274,inseparable
112962,155275,inseparable
112962,155276,inseparable
112962,155277,inseparable
112962,155278,inseparable
112962,155279,inseparable
112962,155280,inseparable
112962,155281,inseparable
112962,155282,inseparable
112962,155283,inseparable
112962,155284,inseparable
112962,155285,inseparable
112962,155286,inseparable
112962,155287,inseparable
112962,155288,inseparable
112962,155289,inseparable
112962,155290,inseparable
112962,155291,inseparable
112962,155292,inseparable
112962,155293,inseparable
112962,155294,inseparable
112962,155295,inseparable
112962,155296,inseparable
112962,155297,inseparable
112962,155298,inseparable
112962,155299,inseparable
112962,155300,inseparable
112962,155301,inseparable
112962,155302,inseparable
112962,155303,inseparable
112962,155304,inseparable
112962,155305,inseparable
112962,155306,inseparable
112962,155307,inseparable
112962,155308,inseparable
112962,155309,inseparable
112962,155310,inseparable
112962,155311,inseparable
112962,155312,inseparable
112962,155313,inseparable
112962,155314,inseparable
112962,155315,inseparable
112962,155316,inseparable
112962,155317,inseparable
112962,155318,inseparable
112962,155319,inseparable
112962,155320,inseparable
112962,155321,inseparable
112962,155322,inseparable
112962,155323,inseparable
112962,155324,inseparable
112962,155325,inseparable
112962,155326,inseparable
112962,155327,inseparable
112962,155328,inseparable
112962,155329,inseparable
112962,155330,inseparable
112962,155331,inseparable
112963,112964,inseparable
112963,112965,inseparable
112963,112966,inseparable
112963,112967,inseparable
112963,112968,inseparable
112963,112969,inseparable
112963,112970,inseparable
112963,112971,inseparable
112963,112972,inseparable
112963,112973,inseparable
112963,112974,inseparable
112963,112975,inseparable
112963,112976,inseparable
112963,112977,inseparable
112963,112978,inseparable
112963,112979,inseparable
112963,112980,inseparable
112963,112981,inseparable
112963,112982,inseparable
112963,112983,inseparable
112963,112984,inseparable
112963,112985,inseparable
112963,112986,inseparable
112963,112987,inseparable
112963,112988,inseparable
112963,112989,inseparable
112963,112990,inseparable
112963,112991,inseparable
112963,112992,inseparable
112963,112993,inseparable
112963,112994,inseparable
112963,112995,inseparable
112963,112996,inseparable
112963,112997,inseparable
112963,112998,inseparable
112963,112999,inseparable
112963,113000,inseparable
112963,113001,inseparable
112963,113002,inseparable
112963,113003,inseparable
112963,113004,inseparable
112963,113005,inseparable
112963,113006,inseparable
112963,113007,inseparable
112963,113008,inseparable
112963,113009,inseparable
112963,113010,inseparable
112963,113011,inseparable
112963,113012,inseparable
112963,113013,inseparable
112963,113014,inseparable
112963,113015,inseparable
112963,113016,inseparable
112963,113017,inseparable
112963,113018,inseparable
112963,113019,inseparable
112963,113020,inseparable
112963,113021,inseparable
112963,113022,inseparable
112963,113023,inseparable
112963,113024,inseparable
112963,113025,inseparable
112963,113026,inseparable
112963,113027,inseparable
112963,113028,inseparable
112963,113029,inseparable
112963,113030,inseparable
112963,113031,inseparable
112963,113032,inseparable
112963,113033,inseparable
112963,113034,inseparable
112963,113035,inseparable
112963,113036,inseparable
112963,113037,inseparable
112963,113038,inseparable
112963,113039,inseparable
112963,113040,inseparable
112963,113041,inseparable
112963,113042,inseparable
112963,113043,inseparable
112963,113044,inseparable
112963,113045,inseparable
112963,113046,inseparable
112963,113047,inseparable
112963,156301,inseparable
112963,156302,inseparable
112963,156303,inseparable
112963,156304,inseparable
112963,156305,inseparable
112963,156306,inseparable
112963,156307,inseparable
112963,156308,inseparable
112963,156309,inseparable
112963,156310,inseparable
112963,156311,inseparable
112963,156312,inseparable
112963,156313,inseparable
112963,156314,inseparable
112963,156315,inseparable
112963,156316,inseparable
112963,156317,inseparable
112963,156318,inseparable
112963,156319,inseparable
112963,156320,inseparable
112963,156321,inseparable
112963,156322,inseparable
112963,156323,inseparable
112963,156324,inseparable
112963,156325,inseparable
112963,156326,inseparable
112963,156327,inseparable
112963,156328,inseparable
112963,156329,inseparable
112963,156330,inseparable
112963,156331,inseparable
112963,156332,inseparable
112963,156333,inseparable
112963,156334,inseparable
112963,156335,inseparable
112963,156336,inseparable
112963,156337,inseparable
112963,156338,inseparable
112963,156339,inseparable
112963,156340,inseparable
112963,156341,inseparable
112963,156342,inseparable
112963,156343,inseparable
112963,156344,inseparable
112963,156345,inseparable
112963,156346,inseparable
112963,156347,inseparable
112963,156348,inseparable
112963,156349,inseparable
112963,156350,inseparable
112963,156351,inseparable
112963,156352,inseparable
112963,156353,inseparable
112963,156354,inseparable
112963,156355,inseparable
112963,156356,inseparable
112963,156357,inseparable
112963,156358,inseparable
112963,156359,inseparable
112963,156360,inseparable
112963,156361,inseparable
112963,156362,inseparable
112963,156363,inseparable
112963,156364,inseparable
112963,156365,inseparable
112963,156366,inseparable
112963,156367,inseparable
112963,156368,inseparable
112963,156369,inseparable
112963,156370,inseparable
112963,156371,inseparable
112963,156372,inseparable
112963,156373,inseparable
112963,156374,inseparable
112963,156375,inseparable
112963,156376,inseparable
112963,156377,inseparable
112963,156378,inseparable
112963,156379,inseparable
112963,156380,inseparable
112963,156381,inseparable
112963,156382,inseparable
112963,156383,inseparable
112963,156384,inseparable
112963,156385,inseparable
112963,156386,inseparable
112963,156387,inseparable
112963,156388,inseparable
112963,156389,inseparable
112963,156390,inseparable
112963,156391,inseparable
112963,156392,inseparable
112963,156393,inseparable
112963,156394,inseparable
112963,156395,inseparable
112963,156396,inseparable
112963,156397,inseparable
112963,156398,inseparable
112963,156399,inseparable
112963,156400,inseparable
112963,156401,inseparable
112963,156402,inseparable
112963,156403,inseparable
112963,156404,inseparable
112963,156405,inseparable
112963,156406,inseparable
112963,156407,inseparable
112963,156408,inseparable
112963,156409,inseparable
113048,113049,inseparable
113048,113050,inseparable
113048,113051,inseparable
113048,113052,inseparable
113048,113053,inseparable
113048,113054,inseparable
113048,113055,inseparable
113048,113056,inseparable
113048,113057,inseparable
113048,113058,inseparable
113048,113059,inseparable
113048,113060,inseparable
113048,113061,inseparable
113048,113062,inseparable
113048,113063,inseparable
113048,113064,inseparable
113048,113065,inseparable
113048,113066,inseparable
113048,113067,inseparable
113048,113068,inseparable
113048,113069,inseparable
113048,113070,inseparable
113048,113071,inseparable
113048,113072,inseparable
113048,113073,inseparable
113048,113074,inseparable
113048,113075,inseparable
113048,113076,inseparable
113048,113077,inseparable
113048,113078,inseparable
113048,113079,inseparable
113048,113080,inseparable
113048,113081,inseparable
113048,113082,inseparable
113048,113083,inseparable
113048,113084,inseparable
113048,113085,inseparable
113048,113086,inseparable
113048,113087,inseparable
113048,113088,inseparable
113048,113089,inseparable
113048,113090,inseparable
113048,113091,inseparable
113048,113092,inseparable
113048,113093,inseparable
113048,113094,inseparable
113048,113095,inseparable
113048,113096,inseparable
113048,113097,inseparable
113048,113098,inseparable
113048,113099,inseparable
113048,113100,inseparable
113048,113101,inseparable
113048,113102,inseparable
113048,113103,inseparable
113048,113104,inseparable
113048,113105,inseparable
113048,113106,inseparable
113048,113107,inseparable
113048,113108,inseparable
113048,113109,inseparable
113048,113110,inseparable
113048,113111,inseparable
113048,113112,inseparable
113048,113113,inseparable
113048,113114,inseparable
113048,113115,inseparable
113048,113116,inseparable
113048,113117,inseparable
113048,113118,inseparable
113048,113119,inseparable
113048,113120,inseparable
113048,113121,inseparable
113048,113122,inseparable
113048,113123,inseparable
113048,113124,inseparable
113048,113125,inseparable
113048,113126,inseparable
113048,113127,inseparable
113048,113128,inseparable
113048,113129,inseparable
113048,113130,inseparable
113048,113131,inseparable
113048,113132,inseparable
113048,113133,inseparable
113048,113134,inseparable
113048,113135,inseparable
113048,113136,inseparable
113048,113137,inseparable
113048,113138,inseparable
113048,113139,inseparable
113048,113140,inseparable
113048,113141,inseparable
113048,113142,inseparable
113048,113143,inseparable
113048,113144,inseparable
113048,113145,inseparable
113048,113146,inseparable
113048,113147,inseparable
113048,113148,inseparable
113048,113149,inseparable
113048,113150,inseparable
113048,113151,inseparable
113048,113152,inseparable
113048,113153,inseparable
113048,113154,inseparable
113048,113155,inseparable
113048,113156,inseparable
113048,113157,inseparable
113048,113158,inseparable
113048,113159,inseparable
113048,113160,inseparable
113048,113161,inseparable
113048,113162,inseparable
113048,113163,inseparable
113048,113164,inseparable
113048,113165,inseparable
113048,113166,inseparable
113048,113167,inseparable
113048,113168,inseparable
113048,113169,inseparable
113048,113170,inseparable
113048,113171,inseparable
113048,113172,inseparable
113048,113173,inseparable
113048,113174,inseparable
113048,113175,inseparable
113048,113176,inseparable
113048,113177,inseparable
113048,113178,inseparable
113048,113179,inseparable
113048,113180,inseparable
113048,113181,inseparable
113048,113182,inseparable
113048,113183,inseparable
113048,113184,inseparable
113048,113185,inseparable
113048,113186,inseparable
113048,113187,inseparable
113048,113188,inseparable
113048,113189,inseparable
113048,113190,inseparable
113048,113191,inseparable
113048,113192,inseparable
113048,113193,inseparable
113048,113194,inseparable
113048,113195,inseparable
113048,113196,inseparable
113048,113197,inseparable
113048,113198,inseparable
113048,113199,inseparable
113048,113200,inseparable
113048,113201,inseparable
113048,113202,inseparable
113048,113203,inseparable
113048,113204,inseparable
113048,113205,inseparable
113048,113206,inseparable
113048,113207,inseparable
113048,113208,inseparable
113048,113209,inseparable
113048,113210,inseparable
113048,113211,inseparable
113048,113212,inseparable
113048,113213,inseparable
113048,113214,inseparable
113048,113215,inseparable
113048,113216,inseparable
113048,113217,inseparable
113048,113218,inseparable
113048,113219,inseparable
113048,113220,inseparable
113048,113221,inseparable
113048,113222,inseparable
113048,113223,inseparable
113048,113224,inseparable
113048,113225,inseparable
113048,113226,inseparable
113048,113227,inseparable
113048,113228,inseparable
113048,113229,inseparable
113048,113230,inseparable
113048,113231,inseparable
113048,113232,inseparable
113048,113233,inseparable
113048,113234,inseparable
113048,113235,inseparable
113048,113236,inseparable
113048,113237,inseparable
113048,113238,inseparable
113048,113239,inseparable
113048,113240,inseparable
113048,113241,inseparable
113048,113242,inseparable
113048,113243,inseparable
113048,113244,inseparable
113048,113245,inseparable
113048,113246,inseparable
113048,113247,inseparable
113048,113248,inseparable
113048,113249,inseparable
113048,113250,inseparable
113048,113251,inseparable
113048,113252,inseparable
113048,113253,inseparable
113048,113254,inseparable
113048,113255,inseparable
113048,113256,inseparable
113048,113257,inseparable
113048,113258,inseparable
113048,113259,inseparable
113260,113261,inseparable
113260,113262,inseparable
113260,113263,inseparable
113260,113264,inseparable
113260,113265,inseparable
113260,113266,inseparable
113260,113267,inseparable
113260,113268,inseparable
113260,113269,inseparable
113260,113270,inseparable
113260,113271,inseparable
113260,113272,inseparable
113260,113273,inseparable
113260,113274,inseparable
113260,113275,inseparable
113260,113276,inseparable
113260,113277,inseparable
113260,113278,inseparable
113260,113279,inseparable
113260,113280,inseparable
113260,113281,inseparable
113260,113282,inseparable
113260,113283,inseparable
113260,113284,inseparable
113260,113285,inseparable
113260,113286,inseparable
113260,113287,inseparable
113260,113288,inseparable
113260,113289,inseparable
113260,113290,inseparable
113260,113291,inseparable
113260,113292,inseparable
113260,113293,inseparable
113260,113294,inseparable
113260,113295,inseparable
113260,113296,inseparable
113260,113297,inseparable
113260,113298,inseparable
113260,113299,inseparable
113260,113300,inseparable
113260,113301,inseparable
113260,113302,inseparable
113260,113303,inseparable
113260,113304,inseparable
113260,113305,inseparable
113260,113306,inseparable
113260,113307,inseparable
113260,113308,inseparable
113260,113309,inseparable
113260,113310,inseparable
113260,113311,inseparable
113260,113312,inseparable
113260,113313,inseparable
113260,113314,inseparable
113260,113315,inseparable
113260,113316,inseparable
113260,113317,inseparable
113260,113318,inseparable
113260,113319,inseparable
113260,113320,inseparable
113260,113321,inseparable
113260,113322,inseparable
113260,113323,inseparable
113260,113324,inseparable
113260,113325,inseparable
113260,113326,inseparable
113260,113327,inseparable
113260,113328,inseparable
113260,113329,inseparable
113260,113330,inseparable
113260,113331,inseparable
113260,113332,inseparable
113260,113333,inseparable
113260,113334,inseparable
113260,113335,inseparable
113260,113336,inseparable
113260,113337,inseparable
113260,113338,inseparable
113260,113339,inseparable
113260,113340,inseparable
113260,113341,inseparable
113260,113342,inseparable
113260,113343,inseparable
113260,113344,inseparable
113260,113345,inseparable
113260,113346,inseparable
113260,113347,inseparable
113260,113348,inseparable
113260,113349,inseparable
113260,113350,inseparable
113260,113351,inseparable
113260,113352,inseparable
113260,113353,inseparable
113260,113354,inseparable
113260,113355,inseparable
113260,113356,inseparable
113260,113357,inseparable
113260,113358,inseparable
113260,113359,inseparable
113260,113360,inseparable
113260,113361,inseparable
113260,113362,inseparable
113260,113363,inseparable
113260,113364,inseparable
113260,113365,inseparable
113260,113366,inseparable
113260,113367,inseparable
113260,113368,inseparable
113260,113369,inseparable
113260,113370,inseparable
113260,113371,inseparable
113260,113372,inseparable
113260,113373,inseparable
113260,113374,inseparable
113260,113375,inseparable
113260,113376,inseparable
113260,113377,inseparable
113260,113378,inseparable
113260,113379,inseparable
113260,113380,inseparable
113260,113381,inseparable
113260,113382,inseparable
113260,113383,inseparable
113260,113384,inseparable
113260,113385,inseparable
113260,113386,inseparable
113260,113387,inseparable
113260,113388,inseparable
113260,113389,inseparable
113260,113390,inseparable
113260,113391,inseparable
113260,113392,inseparable
113260,113393,inseparable
113260,113394,inseparable
113260,113395,inseparable
113260,113396,inseparable
113260,113397,inseparable
113260,113398,inseparable
113260,113399,inseparable
113260,113400,inseparable
113260,113401,inseparable
113260,113402,inseparable
113260,113403,inseparable
113260,113404,inseparable
113260,113405,inseparable
113260,113406,inseparable
113260,113407,inseparable
113260,113408,inseparable
113260,113409,inseparable
113260,113410,inseparable
113260,113411,inseparable
113260,113412,inseparable
113260,113413,inseparable
113260,113414,inseparable
113260,113415,inseparable
113260,113416,inseparable
113260,113417,inseparable
113260,113418,inseparable
113260,113419,inseparable
113260,113420,inseparable
113260,113421,inseparable
113260,113422,inseparable
113260,113423,inseparable
113260,113424,inseparable
113260,113425,inseparable
113260,113426,inseparable
113260,113427,inseparable
113260,113428,inseparable
113260,113429,inseparable
113260,113430,inseparable
113260,113431,inseparable
113260,113432,inseparable
113260,113433,inseparable
113260,113434,inseparable
113260,113435,inseparable
113260,113436,inseparable
113260,113437,inseparable
113260,113438,inseparable
113260,113439,inseparable
113260,113440,inseparable
113260,113441,inseparable
113260,113442,inseparable
113260,113443,inseparable
113260,113444,inseparable
113260,113445,inseparable
113260,113446,inseparable
113260,113447,inseparable
113260,113448,inseparable
113260,113449,inseparable
113260,113450,inseparable
113260,113451,inseparable
113260,113452,inseparable
113260,113453,inseparable
113454,113455,inseparable
113454,113456,inseparable
113454,113457,inseparable
113454,113458,inseparable
113454,113459,inseparable
113454,113460,inseparable
113454,113461,inseparable
113454,113462,inseparable
113454,113463,inseparable
113454,113464,inseparable
113454,113465,inseparable
113454,113466,inseparable
113454,113467,inseparable
113454,113468,inseparable
113454,113469,inseparable
113454,113470,inseparable
113454,113471,inseparable
113454,113472,inseparable
113454,113473,inseparable
113454,113474,inseparable
113454,113475,inseparable
113454,113476,inseparable
113454,113477,inseparable
113454,113478,inseparable
113454,113479,inseparable
113454,113480,inseparable
113454,113481,inseparable
113454,113482,inseparable
113454,113483,inseparable
113454,113484,inseparable
113454,113485,inseparable
113454,113486,inseparable
113454,113487,inseparable
113454,113488,inseparable
113454,113489,inseparable
113454,113490,inseparable
113454,113491,inseparable
113454,113492,inseparable
113454,113493,inseparable
113454,113494,inseparable
113454,113495,inseparable
113454,113496,inseparable
113454,113497,inseparable
113454,113498,inseparable
113454,113499,inseparable
113454,113500,inseparable
113454,113501,inseparable
113454,113502,inseparable
113454,113503,inseparable
113454,113504,inseparable
113454,113505,inseparable
113454,113506,inseparable
113454,113507,inseparable
113454,113508,inseparable
113454,113509,inseparable
113454,113510,inseparable
113454,113511,inseparable
113454,113512,inseparable
113454,113513,inseparable
113454,113514,inseparable
113454,113515,inseparable
113454,113516,inseparable
113454,113517,inseparable
113454,113518,inseparable
113454,113519,inseparable
113454,113520,inseparable
113454,113521,inseparable
113454,113522,inseparable
113454,113523,inseparable
113454,113524,inseparable
113454,113525,inseparable
113454,113526,inseparable
113454,113527,inseparable
113454,113528,inseparable
113454,113529,inseparable
113454,113530,inseparable
113454,113531,inseparable
113454,113532,inseparable
113454,113533,inseparable
113454,113534,inseparable
113454,113535,inseparable
113454,113536,inseparable
113454,113537,inseparable
113454,113538,inseparable
113454,113539,inseparable
113454,113540,inseparable
113454,113541,inseparable
113454,113542,inseparable
113454,113543,inseparable
113454,113544,inseparable
113454,113545,inseparable
113454,113546,inseparable
113454,113547,inseparable
113454,113548,inseparable
113454,113549,inseparable
113454,113550,inseparable
113454,113551,inseparable
113454,113552,inseparable
113454,113553,inseparable
113454,113554,inseparable
113454,113555,inseparable
113454,113556,inseparable
113454,113557,inseparable
113454,113558,inseparable
113454,113559,inseparable
113454,113560,inseparable
113454,113561,inseparable
113454,113562,inseparable
113454,113563,inseparable
113454,113564,inseparable
113454,113565,inseparable
113454,113566,inseparable
113454,113567,inseparable
113454,113568,inseparable
113454,113569,inseparable
113454,113570,inseparable
113454,113571,inseparable
113454,113572,inseparable
113454,113573,inseparable
113454,113574,inseparable
113454,113575,inseparable
113454,113576,inseparable
113454,113577,inseparable
113454,113578,inseparable
113454,113579,inseparable
113454,113580,inseparable
113454,113581,inseparable
113454,113582,inseparable
113454,113583,inseparable
113454,113584,inseparable
113454,113585,inseparable
113454,113586,inseparable
113454,113587,inseparable
113454,113588,inseparable
113454,113589,inseparable
113454,113590,inseparable
113454,113591,inseparable
113454,113592,inseparable
113454,113593,inseparable
113454,113594,inseparable
113454,113595,inseparable
113454,113596,inseparable
113454,113597,inseparable
113454,113598,inseparable
113454,113599,inseparable
113454,113600,inseparable
113454,113601,inseparable
113454,113602,inseparable
113454,113603,inseparable
113454,113604,inseparable
113454,113605,inseparable
113454,113606,inseparable
113454,113607,inseparable
113454,113608,inseparable
113454,113609,inseparable
113454,113610,inseparable
113454,113611,inseparable
113454,113612,inseparable
113454,113613,inseparable
113454,113614,inseparable
113454,113615,inseparable
113454,113616,inseparable
113454,113617,inseparable
113454,113618,inseparable
113454,113619,inseparable
113454,113620,inseparable
113454,113621,inseparable
113454,113622,inseparable
113454,113623,inseparable
113454,113624,inseparable
113454,113625,inseparable
113454,113626,inseparable
113454,113627,inseparable
113454,113628,inseparable
113454,113629,inseparable
113454,113630,inseparable
113454,113631,inseparable
113454,113632,inseparable
113454,113633,inseparable
113454,113634,inseparable
113454,113635,inseparable
113454,113636,inseparable
113454,113637,inseparable
113454,113638,inseparable
113454,113639,inseparable
113454,113640,inseparable
113454,113641,inseparable
113454,113642,inseparable
113454,113643,inseparable
113454,113644,inseparable
113454,113645,inseparable
113454,113646,inseparable
113454,113647,inseparable
113454,113648,inseparable
113454,113649,inseparable
113454,113650,inseparable
113454,113651,inseparable
113454,113652,inseparable
113454,113653,inseparable
113654,113655,inseparable
113654,113656,inseparable
113654,113657,inseparable
113654,113658,inseparable
113654,113659,inseparable
113654,113660,inseparable
113654,113661,inseparable
113654,113662,inseparable
113654,113663,inseparable
113654,113664,inseparable
113654,113665,inseparable
113654,113666,inseparable
113654,113667,inseparable
113654,113668,inseparable
113654,113669,inseparable
113654,113670,inseparable
113654,113671,inseparable
113654,113672,inseparable
113654,113673,inseparable
113654,113674,inseparable
113654,113675,inseparable
113654,113676,inseparable
113654,113677,inseparable
113654,113678,inseparable
113654,113679,inseparable
113654,113680,inseparable
113654,113681,inseparable
113654,113682,inseparable
113654,113683,inseparable
113654,113684,inseparable
113654,113685,inseparable
113654,113686,inseparable
113654,113687,inseparable
113654,113688,inseparable
113654,113689,inseparable
113654,113690,inseparable
113654,113691,inseparable
113654,113692,inseparable
113654,113693,inseparable
113654,113694,inseparable
113654,113695,inseparable
113654,113696,inseparable
113654,113697,inseparable
113654,113698,inseparable
113654,113699,inseparable
113654,113700,inseparable
113654,113701,inseparable
113654,113702,inseparable
113654,113703,inseparable
113654,113704,inseparable
113654,113705,inseparable
113654,113706,inseparable
113654,113707,inseparable
113654,113708,inseparable
113654,113709,inseparable
113654,113710,inseparable
113654,113711,inseparable
113654,113712,inseparable
113654,113713,inseparable
113654,113714,inseparable
113654,113715,inseparable
113654,113716,inseparable
113654,113717,inseparable
113654,113718,inseparable
113654,113719,inseparable
113654,113720,inseparable
113654,113721,inseparable
113654,113722,inseparable
113654,113723,inseparable
113654,113724,inseparable
113654,113725,inseparable
113654,113726,inseparable
113654,113727,inseparable
113654,113728,inseparable
113654,113729,inseparable
113654,113730,inseparable
113654,113731,inseparable
113654,113732,inseparable
113654,113733,inseparable
113654,113734,inseparable
113654,113735,inseparable
113654,113736,inseparable
113654,113737,inseparable
113654,113738,inseparable
113654,113739,inseparable
113654,113740,inseparable
113654,113741,inseparable
113654,113742,inseparable
113654,113743,inseparable
113654,113744,inseparable
113654,113745,inseparable
113654,113746,inseparable
113654,113747,inseparable
113654,113748,inseparable
113654,113749,inseparable
113654,113750,inseparable
113654,113751,inseparable
113654,113752,inseparable
113654,113753,inseparable
113654,113754,inseparable
113654,113755,inseparable
113654,113756,inseparable
113654,113757,inseparable
113654,113758,inseparable
113654,113759,inseparable
113654,113760,inseparable
113654,113761,inseparable
113654,113762,inseparable
113654,113763,inseparable
113654,113764,inseparable
113654,113765,inseparable
113654,113766,inseparable
113654,113767,inseparable
113654,113768,inseparable
113654,113769,inseparable
113654,113770,inseparable
113654,113771,inseparable
113654,113772,inseparable
113654,113773,inseparable
113654,113774,inseparable
113654,113775,inseparable
113654,113776,inseparable
113654,113777,inseparable
113654,113778,inseparable
113654,113779,inseparable
113654,113780,inseparable
113654,113781,inseparable
113654,113782,inseparable
113654,113783,inseparable
113654,113784,inseparable
113654,113785,inseparable
113654,113786,inseparable
113654,113787,inseparable
113654,113788,inseparable
113654,113789,inseparable
113654,113790,inseparable
113654,113791,inseparable
113654,113792,inseparable
113654,113793,inseparable
113654,113794,inseparable
113654,113795,inseparable
113654,113796,inseparable
113654,113797,inseparable
113654,113798,inseparable
113654,113799,inseparable
113654,113800,inseparable
113654,113801,inseparable
113654,113802,inseparable
113654,113803,inseparable
113654,113804,inseparable
113654,113805,inseparable
113654,113806,inseparable
113654,113807,inseparable
113654,113808,inseparable
113654,113809,inseparable
113654,113810,inseparable
113654,113811,inseparable
113654,113812,inseparable
113654,113813,inseparable
113654,113814,inseparable
113654,113815,inseparable
113654,113816,inseparable
113654,113817,inseparable
113654,113818,inseparable
113654,113819,inseparable
113654,113820,inseparable
113654,113821,inseparable
113654,113822,inseparable
113654,113823,inseparable
113654,113824,inseparable
113654,113825,inseparable
113654,113826,inseparable
113654,113827,inseparable
113654,113828,inseparable
113654,113829,inseparable
113654,113830,inseparable
113654,113831,inseparable
113654,113832,inseparable
113833,113834,inseparable
113833,113835,inseparable
113833,113836,inseparable
113833,113837,inseparable
113833,113838,inseparable
113833,113839,inseparable
113833,113840,inseparable
113833,113841,inseparable
113833,113842,inseparable
113833,113843,inseparable
113833,113844,inseparable
113833,113845,inseparable
113833,113846,inseparable
113833,113847,inseparable
113833,113848,inseparable
113833,113849,inseparable
113833,113850,inseparable
113833,113851,inseparable
113833,113852,inseparable
113833,113853,inseparable
113833,113854,inseparable
113833,113855,inseparable
113833,113856,inseparable
113833,113857,inseparable
113833,113858,inseparable
113833,113859,inseparable
113833,113860,inseparable
113833,113861,inseparable
113833,113862,inseparable
113833,113863,inseparable
113833,113864,inseparable
113833,113865,inseparable
113833,113866,inseparable
113833,113867,inseparable
113833,113868,inseparable
113833,113869,inseparable
113833,113870,inseparable
113833,113871,inseparable
113833,113872,inseparable
113833,113873,inseparable
113833,113874,inseparable
113833,113875,inseparable
113833,113876,inseparable
113833,113877,inseparable
113833,113878,inseparable
113833,113879,inseparable
113833,113880,inseparable
113833,113881,inseparable
113833,113882,inseparable
113833,113883,inseparable
113833,113884,inseparable
113833,113885,inseparable
113833,113886,inseparable
113833,113887,inseparable
113833,113888,inseparable
113833,113889,inseparable
113833,113890,inseparable
113833,113891,inseparable
113833,113892,inseparable
113833,113893,inseparable
113833,113894,inseparable
113833,113895,inseparable
113833,113896,inseparable
113833,113897,inseparable
113833,113898,inseparable
113833,113899,inseparable
113833,113900,inseparable
113833,113901,inseparable
113833,113902,inseparable
113833,113903,inseparable
113833,113904,inseparable
113833,113905,inseparable
113833,113906,inseparable
113833,113907,inseparable
113833,113908,inseparable
113833,113909,inseparable
113833,113910,inseparable
113833,113911,inseparable
113833,113912,inseparable
113833,113913,inseparable
113833,113914,inseparable
113833,113915,inseparable
113833,113916,inseparable
113833,113917,inseparable
113833,113918,inseparable
113833,113919,inseparable
113833,113920,inseparable
113833,113921,inseparable
113833,113922,inseparable
113833,113923,inseparable
113833,113924,inseparable
113833,113925,inseparable
113833,113926,inseparable
113833,113927,inseparable
113833,113928,inseparable
113833,113929,inseparable
113833,113930,inseparable
113833,113931,inseparable
113833,113932,inseparable
113833,113933,inseparable
113833,113934,inseparable
113833,113935,inseparable
113833,113936,inseparable
113833,113937,inseparable
113833,113938,inseparable
113833,113939,inseparable
113833,113940,inseparable
113833,113941,inseparable
113833,113942,inseparable
113833,113943,inseparable
113833,113944,inseparable
113833,113945,inseparable
113833,113946,inseparable
113833,113947,inseparable
113833,113948,inseparable
113833,113949,inseparable
113833,113950,inseparable
113833,113951,inseparable
113833,113952,inseparable
113833,113953,inseparable
113833,113954,inseparable
113833,113955,inseparable
113833,113956,inseparable
113833,113957,inseparable
113833,113958,inseparable
113833,113959,inseparable
113833,113960,inseparable
113833,113961,inseparable
113833,113962,inseparable
113833,113963,inseparable
113833,113964,inseparable
113833,113965,inseparable
113833,113966,inseparable
113833,113967,inseparable
113833,113968,inseparable
113833,113969,inseparable
113833,113970,inseparable
113833,113971,inseparable
113833,113972,inseparable
113833,113973,inseparable
113833,113974,inseparable
113833,113975,inseparable
113833,113976,inseparable
113833,113977,inseparable
113833,113978,inseparable
113833,113979,inseparable
113833,113980,inseparable
113833,113981,inseparable
113833,113982,inseparable
113833,113983,inseparable
113833,113984,inseparable
113833,113985,inseparable
113833,113986,inseparable
113833,113987,inseparable
113833,113988,inseparable
113833,113989,inseparable
113833,113990,inseparable
113833,113991,inseparable
113833,113992,inseparable
113833,113993,inseparable
113833,113994,inseparable
113833,113995,inseparable
113833,113996,inseparable
113833,113997,inseparable
113833,113998,inseparable
113833,113999,inseparable
113833,114000,inseparable
113833,114001,inseparable
113833,114002,inseparable
113833,114003,inseparable
113833,114004,inseparable
113833,114005,inseparable
113833,114006,inseparable
113833,114007,inseparable
114008,114009,inseparable
114008,114010,inseparable
114008,114011,inseparable
114008,114012,inseparable
114008,114013,inseparable
114008,114014,inseparable
114008,114015,inseparable
114008,114016,inseparable
114008,114017,inseparable
114008,114018,inseparable
114008,114019,inseparable
114008,114020,inseparable
114008,114021,inseparable
114008,114022,inseparable
114008,114023,inseparable
114008,114024,inseparable
114008,114025,inseparable
114008,114026,inseparable
114008,114027,inseparable
114008,114028,inseparable
114008,114029,inseparable
114008,114030,inseparable
114008,114031,inseparable
114008,114032,inseparable
114008,114033,inseparable
114008,114034,inseparable
114008,114035,inseparable
114008,114036,inseparable
114008,114037,inseparable
114008,114038,inseparable
114008,114039,inseparable
114008,114040,inseparable
114008,114041,inseparable
114008,114042,inseparable
114008,114043,inseparable
114008,114044,inseparable
114008,114045,inseparable
114008,114046,inseparable
114008,114047,inseparable
114008,114048,inseparable
114008,114049,inseparable
114008,114050,inseparable
114008,114051,inseparable
114008,114052,inseparable
114008,114053,inseparable
114008,114054,inseparable
114008,114055,inseparable
114008,114056,inseparable
114008,114057,inseparable
114008,114058,inseparable
114008,114059,inseparable
114008,114060,inseparable
114008,114061,inseparable
114008,114062,inseparable
114008,114063,inseparable
114008,114064,inseparable
114008,114065,inseparable
114008,114066,inseparable
114008,114067,inseparable
114008,114068,inseparable
114008,114069,inseparable
114008,114070,inseparable
114008,114071,inseparable
114008,114072,inseparable
114008,114073,inseparable
114008,114074,inseparable
114008,114075,inseparable
114008,114076,inseparable
114008,114077,inseparable
114008,114078,inseparable
114008,114079,inseparable
114008,114080,inseparable
114008,114081,inseparable
114008,114082,inseparable
114008,114083,inseparable
114008,114084,inseparable
114008,114085,inseparable
114008,114086,inseparable
114008,114087,inseparable
114008,114088,inseparable
114008,114089,inseparable
114008,114090,inseparable
114008,114091,inseparable
114008,114092,inseparable
114008,114093,inseparable
114008,114094,inseparable
114008,114095,inseparable
114008,114096,inseparable
114008,114097,inseparable
114008,114098,inseparable
114008,114099,inseparable
114008,114100,inseparable
114008,114101,inseparable
114008,114102,inseparable
114008,114103,inseparable
114008,114104,inseparable
114008,114105,inseparable
114008,114106,inseparable
114008,114107,inseparable
114008,114108,inseparable
114008,114109,inseparable
114008,114110,inseparable
114008,114111,inseparable
114008,114112,inseparable
114008,114113,inseparable
114008,114114,inseparable
114008,114115,inseparable
114008,114116,inseparable
114008,114117,inseparable
114008,114118,inseparable
114008,114119,inseparable
114008,114120,inseparable
114008,114121,inseparable
114008,114122,inseparable
114008,114123,inseparable
114008,114124,inseparable
114008,114125,inseparable
114008,114126,inseparable
114008,114127,inseparable
114008,114128,inseparable
114008,114129,inseparable
114008,114130,inseparable
114008,114131,inseparable
114008,114132,inseparable
114008,114133,inseparable
114008,114134,inseparable
114008,114135,inseparable
114008,114136,inseparable
114008,114137,inseparable
114008,114138,inseparable
114008,114139,inseparable
114008,114140,inseparable
114008,114141,inseparable
114008,114142,inseparable
114008,114143,inseparable
114008,114144,inseparable
114008,114145,inseparable
114008,114146,inseparable
114008,114147,inseparable
114008,114148,inseparable
114008,114149,inseparable
114008,114150,inseparable
114008,114151,inseparable
114008,114152,inseparable
114008,114153,inseparable
114008,114154,inseparable
114008,114155,inseparable
114008,114156,inseparable
114008,114157,inseparable
114008,114158,inseparable
114008,114159,inseparable
114008,114160,inseparable
114008,114161,inseparable
114008,114162,inseparable
114008,114163,inseparable
114008,114164,inseparable
114008,114165,inseparable
114008,114166,inseparable
114008,114167,inseparable
114008,114168,inseparable
114008,114169,inseparable
114008,114170,inseparable
114008,114171,inseparable
114008,114172,inseparable
114008,114173,inseparable
114008,114174,inseparable
114008,114175,inseparable
114008,114176,inseparable
114008,114177,inseparable
114008,114178,inseparable
114008,114179,inseparable
114008,114180,inseparable
114008,114181,inseparable
114182,114183,inseparable
114182,114184,inseparable
114182,114185,inseparable
114182,114186,inseparable
114182,114187,inseparable
114182,114188,inseparable
114182,114189,inseparable
114182,114190,inseparable
114182,114191,inseparable
114182,114192,inseparable
114182,114193,inseparable
114182,114194,inseparable
114182,114195,inseparable
114182,114196,inseparable
114182,114197,inseparable
114182,114198,inseparable
114182,114199,inseparable
114182,114200,inseparable
114182,114201,inseparable
114182,114202,inseparable
114182,114203,inseparable
114182,114204,inseparable
114182,114205,inseparable
114182,114206,inseparable
114182,114207,inseparable
114182,114208,inseparable
114182,114209,inseparable
114182,114210,inseparable
114182,114211,inseparable
114182,114212,inseparable
114182,114213,inseparable
114182,114214,inseparable
114182,114215,inseparable
114182,114216,inseparable
114182,114217,inseparable
114182,114218,inseparable
114182,114219,inseparable
114182,114220,inseparable
114182,114221,inseparable
114182,114222,inseparable
114182,114223,inseparable
114182,114224,inseparable
114182,114225,inseparable
114182,114226,inseparable
114182,114227,inseparable
114182,114228,inseparable
114182,114229,inseparable
114182,114230,inseparable
114182,114231,inseparable
114182,114232,inseparable
114182,114233,inseparable
114182,114234,inseparable
114182,114235,inseparable
114182,114236,inseparable
114182,114237,inseparable
114182,114238,inseparable
114182,114239,inseparable
114182,114240,inseparable
114182,114241,inseparable
114182,114242,inseparable
114182,114243,inseparable
114182,114244,inseparable
114182,114245,inseparable
114182,114246,inseparable
114182,114247,inseparable
114182,114248,inseparable
114182,114249,inseparable
114182,114250,inseparable
114182,114251,inseparable
114182,114252,inseparable
114182,114253,inseparable
114182,114254,inseparable
114182,114255,inseparable
114182,114256,inseparable
114182,114257,inseparable
114182,114258,inseparable
114182,114259,inseparable
114182,114260,inseparable
114182,114261,inseparable
114182,114262,inseparable
114182,114263,inseparable
114182,114264,inseparable
114182,114265,inseparable
114182,114266,inseparable
114182,114267,inseparable
114182,114268,inseparable
114182,114269,inseparable
114182,114270,inseparable
114182,114271,inseparable
114182,114272,inseparable
114182,114273,inseparable
114182,114274,inseparable
114182,114275,inseparable
114182,114276,inseparable
114182,114277,inseparable
114182,114278,inseparable
114182,114279,inseparable
114182,114280,inseparable
114182,114281,inseparable
114182,114282,inseparable
114182,114283,inseparable
114182,114284,inseparable
114182,114285,inseparable
114182,114286,inseparable
114182,114287,inseparable
114182,114288,inseparable
114182,114289,inseparable
114182,114290,inseparable
114182,114291,inseparable
114182,114292,inseparable
114182,114293,inseparable
114182,114294,inseparable
114182,114295,inseparable
114182,114296,inseparable
114182,114297,inseparable
114182,114298,inseparable
114182,114299,inseparable
114182,114300,inseparable
114182,114301,inseparable
114182,114302,inseparable
114182,114303,inseparable
114182,114304,inseparable
114182,114305,inseparable
114182,114306,inseparable
114182,114307,inseparable
114182,114308,inseparable
114182,114309,inseparable
114182,114310,inseparable
114182,114311,inseparable
114182,114312,inseparable
114182,114313,inseparable
114182,114314,inseparable
114182,114315,inseparable
114182,114316,inseparable
114182,114317,inseparable
114182,114318,inseparable
114182,114319,inseparable
114182,114320,inseparable
114182,114321,inseparable
114182,114322,inseparable
114182,114323,inseparable
114182,114324,inseparable
114182,114325,inseparable
114182,114326,inseparable
114182,114327,inseparable
114182,114328,inseparable
114182,114329,inseparable
114182,114330,inseparable
114182,114331,inseparable
114182,114332,inseparable
114182,114333,inseparable
114182,114334,inseparable
114182,114335,inseparable
114182,114336,inseparable
114182,114337,inseparable
114182,114338,inseparable
114182,114339,inseparable
114182,114340,inseparable
114182,114341,inseparable
114182,114342,inseparable
114182,114343,inseparable
114182,114344,inseparable
114182,114345,inseparable
114182,114346,inseparable
114182,114347,inseparable
114182,114348,inseparable
114182,114349,inseparable
114182,114350,inseparable
114182,114351,inseparable
114182,114352,inseparable
114182,114353,inseparable
114182,114354,inseparable
114182,114355,inseparable
114182,114356,inseparable
114182,114357,inseparable
114182,114358,inseparable
114182,114359,inseparable
114182,114360,inseparable
114182,114361,inseparable
114182,114362,inseparable
114182,114363,inseparable
114182,114364,inseparable
114182,114365,inseparable
114182,114366,inseparable
114182,114367,inseparable
114182,114368,inseparable
114182,114369,inseparable
114182,114370,inseparable
114182,114371,inseparable
114182,114372,inseparable
114182,114373,inseparable
114182,114374,inseparable
114182,114375,inseparable
114182,114376,inseparable
114182,114377,inseparable
114182,114378,inseparable
114182,114379,inseparable
114182,114380,inseparable
114182,114381,inseparable
114182,114382,inseparable
114182,114383,inseparable
114182,114384,inseparable
114182,114385,inseparable
114182,165347,inseparable
114386,114387,inseparable
114386,114388,inseparable
114386,114389,inseparable
114386,114390,inseparable
114386,114391,inseparable
114386,114392,inseparable
114386,114393,inseparable
114386,114394,inseparable
114386,114395,inseparable
114386,114396,inseparable
114386,114397,inseparable
114386,114398,inseparable
114386,114399,inseparable
114386,114400,inseparable
114386,114401,inseparable
114386,114402,inseparable
114386,114403,inseparable
114386,114404,inseparable
114386,114405,inseparable
114386,114406,inseparable
114386,114407,inseparable
114386,114408,inseparable
114386,114409,inseparable
114386,114410,inseparable
114386,114411,inseparable
114386,114412,inseparable
114386,114413,inseparable
114386,114414,inseparable
114386,114415,inseparable
114386,114416,inseparable
114386,114417,inseparable
114386,114418,inseparable
114386,114419,inseparable
114386,114420,inseparable
114386,114421,inseparable
114386,114422,inseparable
114386,114423,inseparable
114386,114424,inseparable
114386,114425,inseparable
114386,114426,inseparable
114386,114427,inseparable
114386,114428,inseparable
114386,114429,inseparable
114386,114430,inseparable
114386,114431,inseparable
114386,114432,inseparable
114386,114433,inseparable
114386,114434,inseparable
114386,114435,inseparable
114386,114436,inseparable
114386,114437,inseparable
114386,114438,inseparable
114386,114439,inseparable
114386,114440,inseparable
114386,114441,inseparable
114386,114442,inseparable
114386,114443,inseparable
114386,114444,inseparable
114386,114445,inseparable
114386,114446,inseparable
114386,114447,inseparable
114386,114448,inseparable
114386,114449,inseparable
114386,114450,inseparable
114386,114451,inseparable
114386,114452,inseparable
114386,114453,inseparable
114386,114454,inseparable
114386,114455,inseparable
114386,114456,inseparable
114386,114457,inseparable
114386,114458,inseparable
114386,114459,inseparable
114386,114460,inseparable
114386,114461,inseparable
114386,114462,inseparable
114386,114463,inseparable
114386,114464,inseparable
114386,114465,inseparable
114386,114466,inseparable
114386,114467,inseparable
114386,114468,inseparable
114386,114469,inseparable
114386,114470,inseparable
114386,114471,inseparable
114386,114472,inseparable
114386,114473,inseparable
114386,114474,inseparable
114386,114475,inseparable
114386,114476,inseparable
114386,114477,inseparable
114386,114478,inseparable
114386,114479,inseparable
114386,114480,inseparable
114386,114481,inseparable
114386,114482,inseparable
114386,114483,inseparable
114386,114484,inseparable
114386,114485,inseparable
114386,114486,inseparable
114386,114487,inseparable
114386,114488,inseparable
114386,114489,inseparable
114386,114490,inseparable
114386,114491,inseparable
114386,114492,inseparable
114386,114493,inseparable
114386,114494,inseparable
114386,114495,inseparable
114386,114496,inseparable
114386,114497,inseparable
114386,114498,inseparable
114386,114499,inseparable
114386,114500,inseparable
114386,114501,inseparable
114386,114502,inseparable
114386,114503,inseparable
114386,114504,inseparable
114386,114505,inseparable
114386,114506,inseparable
114386,114507,inseparable
114386,114508,inseparable
114386,114509,inseparable
114510,114511,inseparable
114510,114512,inseparable
114510,114513,inseparable
114510,114514,inseparable
114510,114515,inseparable
114510,114516,inseparable
114510,114517,inseparable
114510,114518,inseparable
114510,114519,inseparable
114510,114520,inseparable
114510,114521,inseparable
114510,114522,inseparable
114510,114523,inseparable
114510,114524,inseparable
114510,114525,inseparable
114510,114526,inseparable
114510,114527,inseparable
114510,114528,inseparable
114510,114529,inseparable
114510,114530,inseparable
114510,114531,inseparable
114510,114532,inseparable
114510,114533,inseparable
114510,114534,inseparable
114510,114535,inseparable
114510,114536,inseparable
114510,114537,inseparable
114510,114538,inseparable
114510,114539,inseparable
114510,114540,inseparable
114510,114541,inseparable
114510,114542,inseparable
114510,114543,inseparable
114510,114544,inseparable
114510,114545,inseparable
114510,114546,inseparable
114510,114547,inseparable
114510,114548,inseparable
114510,114549,inseparable
114510,114550,inseparable
114510,114551,inseparable
114510,114552,inseparable
114510,114553,inseparable
114510,114554,inseparable
114510,114555,inseparable
114510,114556,inseparable
114510,114557,inseparable
114510,114558,inseparable
114510,114559,inseparable
114510,114560,inseparable
114510,114561,inseparable
114510,114562,inseparable
114510,114563,inseparable
114510,114564,inseparable
114510,114565,inseparable
114510,114566,inseparable
114510,114567,inseparable
114510,114568,inseparable
114510,114569,inseparable
114510,114570,inseparable
114510,114571,inseparable
114510,114572,inseparable
114510,114573,inseparable
114510,114574,inseparable
114510,114575,inseparable
114510,114576,inseparable
114510,114577,inseparable
114510,114578,inseparable
114510,114579,inseparable
114510,114580,inseparable
114510,114581,inseparable
114510,114582,inseparable
114510,114583,inseparable
114510,114584,inseparable
114510,114585,inseparable
114510,114586,inseparable
114510,114587,inseparable
114510,114588,inseparable
114510,114589,inseparable
114510,114590,inseparable
114510,114591,inseparable
114510,114592,inseparable
114510,114593,inseparable
114510,114594,inseparable
114510,114595,inseparable
114510,114596,inseparable
114510,114597,inseparable
114510,114598,inseparable
114510,114599,inseparable
114510,114600,inseparable
114510,114601,inseparable
114510,114602,inseparable
114510,114603,inseparable
114510,114604,inseparable
114510,114605,inseparable
114510,114606,inseparable
114510,114607,inseparable
114510,114608,inseparable
114510,114609,inseparable
114510,114610,inseparable
114510,114611,inseparable
114510,114612,inseparable
114510,114613,inseparable
114510,114614,inseparable
114510,114615,inseparable
114510,114616,inseparable
114510,114617,inseparable
114510,114618,inseparable
114510,114619,inseparable
114510,114620,inseparable
114510,114621,inseparable
114510,114622,inseparable
114510,114623,inseparable
114510,114624,inseparable
114510,114625,inseparable
114510,114626,inseparable
114510,114627,inseparable
114510,114628,inseparable
114510,114629,inseparable
114510,114630,inseparable
114510,114631,inseparable
114510,114632,inseparable
114510,114633,inseparable
114510,114634,inseparable
114510,114635,inseparable
114510,114636,inseparable
114510,114637,inseparable
114510,114638,inseparable
114510,114639,inseparable
114510,139908,separable
114640,114641,inseparable
114640,114642,inseparable
114640,114643,inseparable
114640,114644,inseparable
114640,114645,inseparable
114640,114646,inseparable
114640,114647,inseparable
114640,114648,inseparable
114640,114649,inseparable
114640,114650,inseparable
114640,114651,inseparable
114640,114652,inseparable
114640,114653,inseparable
114640,114654,inseparable
114640,114655,inseparable
114640,114656,inseparable
114640,114657,inseparable
114640,114658,inseparable
114640,114659,inseparable
114640,114660,inseparable
114640,114661,inseparable
114640,114662,inseparable
114640,114663,inseparable
114640,114664,inseparable
114640,114665,inseparable
114640,114666,inseparable
114640,114667,inseparable
114640,114668,inseparable
114640,114669,inseparable
114640,114670,inseparable
114640,114671,inseparable
114640,114672,inseparable
114640,114673,inseparable
114640,114674,inseparable
114640,114675,inseparable
114640,114676,inseparable
114640,114677,inseparable
114640,114678,inseparable
114640,114679,inseparable
114640,114680,inseparable
114640,114681,inseparable
114640,114682,inseparable
114640,114683,inseparable
114640,114684,inseparable
114640,114685,inseparable
114640,114686,inseparable
114640,114687,inseparable
114640,114688,inseparable
114640,114689,inseparable
114640,114690,inseparable
114640,114691,inseparable
114640,114692,inseparable
114640,114693,inseparable
114640,114694,inseparable
114640,114695,inseparable
114640,114696,inseparable
114640,114697,inseparable
114640,114698,inseparable
114640,114699,inseparable
114640,114700,inseparable
114640,114701,inseparable
114640,114702,inseparable
114640,114703,inseparable
114640,114704,inseparable
114640,114705,inseparable
114640,114706,inseparable
114640,114707,inseparable
114640,114708,inseparable
114640,114709,inseparable
114640,114710,inseparable
114640,114711,inseparable
114640,114712,inseparable
114640,114713,inseparable
114640,114714,inseparable
114640,114715,inseparable
114640,114716,inseparable
114640,114717,inseparable
114640,114718,inseparable
114640,114719,inseparable
114640,114720,inseparable
114640,114721,inseparable
114640,114722,inseparable
114640,114723,inseparable
114640,114724,inseparable
114640,114725,inseparable
114640,114726,inseparable
114640,114727,inseparable
114640,114728,inseparable
114640,114729,inseparable
114640,114730,inseparable
114640,114731,inseparable
114640,114732,inseparable
114640,114733,inseparable
114640,114734,inseparable
114640,114735,inseparable
114640,114736,inseparable
114640,114737,inseparable
114640,114738,inseparable
114640,114739,inseparable
114640,114740,inseparable
114640,114741,inseparable
114640,114742,inseparable
114640,114743,inseparable
114640,114744,inseparable
114640,114745,inseparable
114640,114746,inseparable
114640,114747,inseparable
114640,114748,inseparable
114640,114749,inseparable
114640,114750,inseparable
114751,114752,inseparable
114751,114753,inseparable
114751,114754,inseparable
114751,114755,inseparable
114751,114756,inseparable
114751,114757,inseparable
114751,114758,inseparable
114751,114759,inseparable
114751,114760,inseparable
114751,114761,inseparable
114751,114762,inseparable
114751,114763,inseparable
114751,114764,inseparable
114751,114765,inseparable
114751,114766,inseparable
114751,114767,inseparable
114751,114768,inseparable
114751,114769,inseparable
114751,114770,inseparable
114751,114771,inseparable
114751,114772,inseparable
114751,114773,inseparable
114751,114774,inseparable
114751,114775,inseparable
114751,114776,inseparable
114751,114777,inseparable
114751,114778,inseparable
114751,114779,inseparable
114751,114780,inseparable
114751,114781,inseparable
114751,114782,inseparable
114751,114783,inseparable
114751,114784,inseparable
114751,114785,inseparable
114751,114786,inseparable
114751,114787,inseparable
114751,114788,inseparable
114751,114789,inseparable
114751,114790,inseparable
114751,114791,inseparable
114751,114792,inseparable
114751,114793,inseparable
114751,114794,inseparable
114751,114795,inseparable
114751,114796,inseparable
114751,114797,inseparable
114751,114798,inseparable
114751,114799,inseparable
114751,114800,inseparable
114751,114801,inseparable
114751,114802,inseparable
114751,114803,inseparable
114751,114804,inseparable
114751,114805,inseparable
114751,114806,inseparable
114751,114807,inseparable
114751,114808,inseparable
114751,114809,inseparable
114751,114810,inseparable
114751,114811,inseparable
114751,114812,inseparable
114751,114813,inseparable
114751,114814,inseparable
114751,114815,inseparable
114751,114816,inseparable
114751,114817,inseparable
114751,114818,inseparable
114751,114819,inseparable
114751,114820,inseparable
114751,114821,inseparable
114751,114822,inseparable
114751,114823,inseparable
114751,114824,inseparable
114751,114825,inseparable
114751,114826,inseparable
114751,114827,inseparable
114751,114828,inseparable
114751,114829,inseparable
114751,114830,inseparable
114751,114831,inseparable
114751,114832,inseparable
114751,114833,inseparable
114751,114834,inseparable
114751,114835,inseparable
114751,114836,inseparable
114751,114837,inseparable
114751,114838,inseparable
114751,114839,inseparable
114751,114840,inseparable
114751,114841,inseparable
114751,114842,inseparable
114751,114843,inseparable
114751,114844,inseparable
114751,114845,inseparable
114751,114846,inseparable
114751,114847,inseparable
114751,114848,inseparable
114751,114849,inseparable
114751,114850,inseparable
114751,114851,inseparable
114751,114852,inseparable
114751,114853,inseparable
114751,114854,inseparable
114855,114856,inseparable
114855,114857,inseparable
114855,114858,inseparable
114855,114859,inseparable
114855,114860,inseparable
114855,114861,inseparable
114855,114862,inseparable
114855,114863,inseparable
114855,114864,inseparable
114855,114865,inseparable
114855,114866,inseparable
114855,114867,inseparable
114855,114868,inseparable
114855,114869,inseparable
114855,114870,inseparable
114855,114871,inseparable
114855,114872,inseparable
114855,114873,inseparable
114855,114874,inseparable
114855,114875,inseparable
114855,114876,inseparable
114855,114877,inseparable
114855,114878,inseparable
114855,114879,inseparable
114855,114880,inseparable
114855,114881,inseparable
114855,114882,inseparable
114855,114883,inseparable
114884,114885,inseparable
114884,114886,inseparable
114884,114887,inseparable
114884,114888,inseparable
114884,114889,inseparable
114884,114890,inseparable
114884,114891,inseparable
114884,114892,inseparable
114884,114893,inseparable
114884,114894,inseparable
114884,114895,inseparable
114884,114896,inseparable
114884,114897,inseparable
114898,114899,inseparable
114898,114900,inseparable
114898,114901,inseparable
114898,114902,inseparable
114898,114903,inseparable
114898,114904,inseparable
114898,114905,inseparable
114898,114906,inseparable
114898,114907,inseparable
114898,114908,inseparable
114898,114909,inseparable
114898,114910,inseparable
114898,114911,inseparable
114898,114912,inseparable
114898,114913,inseparable
114898,114914,inseparable
114898,114915,inseparable
114898,114916,inseparable
114898,114917,inseparable
114898,114918,inseparable
114898,114919,inseparable
114898,114920,inseparable
114898,114921,inseparable
114898,114922,inseparable
114898,114923,inseparable
114898,114924,inseparable
114898,114925,inseparable
114898,114926,inseparable
114898,114927,inseparable
114898,114928,inseparable
114898,114929,inseparable
114898,114930,inseparable
114898,114931,inseparable
114898,114932,inseparable
114898,114933,inseparable
114898,114934,inseparable
114898,114935,inseparable
114898,114936,inseparable
114898,114937,inseparable
114898,114938,inseparable
114898,114939,inseparable
114898,114940,inseparable
114898,114941,inseparable
114898,114942,inseparable
114898,114943,inseparable
114898,114944,inseparable
114898,114945,inseparable
114898,114946,inseparable
114898,114947,inseparable
114898,114948,inseparable
114898,114949,inseparable
114898,114950,inseparable
114898,114951,inseparable
114898,114952,inseparable
114898,114953,inseparable
114898,114954,inseparable
114898,114955,inseparable
114898,114956,inseparable
114898,114957,inseparable
114898,114958,inseparable
114898,114959,inseparable
114898,114960,inseparable
114898,114961,inseparable
114898,114962,inseparable
114898,114963,inseparable
114898,114964,inseparable
114898,114965,inseparable
114898,114966,inseparable
114898,114967,inseparable
114898,114968,inseparable
114898,114969,inseparable
114898,114970,inseparable
114898,114971,inseparable
114898,114972,inseparable
114898,114973,inseparable
114898,114974,inseparable
114898,114975,inseparable
114898,114976,inseparable
114898,114977,inseparable
114898,114978,inseparable
114898,114979,inseparable
114898,114980,inseparable
114898,114981,inseparable
114898,114982,inseparable
114898,114983,inseparable
114898,114984,inseparable
114898,114985,inseparable
114898,114986,inseparable
114898,114987,inseparable
114898,114988,inseparable
114898,114989,inseparable
114898,114990,inseparable
114898,114991,inseparable
114898,114992,inseparable
114898,114993,inseparable
114898,114994,inseparable
114898,114995,inseparable
114898,114996,inseparable
114898,114997,inseparable
114898,114998,inseparable
114898,114999,inseparable
114898,115000,inseparable
114898,115001,inseparable
114898,115002,inseparable
114898,115003,inseparable
114898,115004,inseparable
114898,115005,inseparable
114898,115006,inseparable
114898,115007,inseparable
114898,115008,inseparable
114898,115009,inseparable
114898,115010,inseparable
114898,115011,inseparable
114898,115012,inseparable
114898,115013,inseparable
114898,115014,inseparable
114898,115015,inseparable
114898,115016,inseparable
114898,115017,inseparable
114898,115018,inseparable
114898,115019,inseparable
114898,115020,inseparable
114898,115021,inseparable
114898,115022,inseparable
114898,115023,inseparable
114898,115024,inseparable
114898,115025,inseparable
114898,115026,inseparable
114898,115027,inseparable
114898,115028,inseparable
114898,115029,inseparable
114898,115030,inseparable
114898,115031,inseparable
114898,115032,inseparable
114898,115033,inseparable
114898,115034,inseparable
114898,115035,inseparable
114898,115036,inseparable
114898,115037,inseparable
114898,115038,inseparable
114898,115039,inseparable
114898,115040,inseparable
114898,115041,inseparable
114898,115042,inseparable
114898,115043,inseparable
114898,115044,inseparable
114898,115045,inseparable
114898,115046,inseparable
114898,115047,inseparable
114898,115048,inseparable
114898,115049,inseparable
114898,115050,inseparable
114898,115051,inseparable
114898,115052,inseparable
114898,115053,inseparable
114898,115054,inseparable
114898,115055,inseparable
114898,115056,inseparable
114898,115057,inseparable
114898,115058,inseparable
114898,115059,inseparable
114898,115060,inseparable
114898,115061,inseparable
114898,115062,inseparable
114898,115063,inseparable
114898,115064,inseparable
114898,115065,inseparable
114898,115066,inseparable
114898,115067,inseparable
114898,115068,inseparable
114898,115069,inseparable
114898,115070,inseparable
114898,115071,inseparable
114898,115072,inseparable
114898,115073,inseparable
114898,115074,inseparable
114898,115075,inseparable
114898,115076,inseparable
115077,115078,inseparable
115077,115079,inseparable
115077,115080,inseparable
115077,115081,inseparable
115077,115082,inseparable
115077,115083,inseparable
115077,115084,inseparable
115077,115085,inseparable
115077,115086,inseparable
115077,115087,inseparable
115077,115088,inseparable
115077,115089,inseparable
115077,115090,inseparable
115077,115091,inseparable
115077,115092,inseparable
115077,115093,inseparable
115077,115094,inseparable
115077,115095,inseparable
115077,115096,inseparable
115077,115097,inseparable
115077,115098,inseparable
115077,115099,inseparable
115077,115100,inseparable
115077,115101,inseparable
115077,115102,inseparable
115077,115103,inseparable
115077,115104,inseparable
115077,115105,inseparable
115077,115106,inseparable
115077,115107,inseparable
115077,115108,inseparable
115077,115109,inseparable
115077,115110,inseparable
115077,115111,inseparable
115077,115112,inseparable
115077,115113,inseparable
115077,115114,inseparable
115077,115115,inseparable
115077,115116,inseparable
115077,115117,inseparable
115077,115118,inseparable
115077,115119,inseparable
115077,115120,inseparable
115077,115121,inseparable
115077,115122,inseparable
115077,115123,inseparable
115077,115124,inseparable
115077,115125,inseparable
115077,115126,inseparable
115077,115127,inseparable
115077,115128,inseparable
115077,115129,inseparable
115077,115130,inseparable
115077,115131,inseparable
115077,115132,inseparable
115077,115133,inseparable
115077,115134,inseparable
115077,115135,inseparable
115077,115136,inseparable
115077,115137,inseparable
115077,115138,inseparable
115077,115139,inseparable
115077,115140,inseparable
115077,115141,inseparable
115077,115142,inseparable
115077,115143,inseparable
115077,115144,inseparable
115077,115145,inseparable
115077,115146,inseparable
115077,115147,inseparable
115077,115148,inseparable
115077,115149,inseparable
115077,115150,inseparable
115077,115151,inseparable
115077,115152,inseparable
115077,115153,inseparable
115077,115154,inseparable
115077,115155,inseparable
115077,115156,inseparable
115077,115157,inseparable
115077,115158,inseparable
115077,115159,inseparable
115077,115160,inseparable
115077,115161,inseparable
115077,115162,inseparable
115077,115163,inseparable
115077,115164,inseparable
115077,115165,inseparable
115077,115166,inseparable
115077,115167,inseparable
115077,115168,inseparable
115077,115169,inseparable
115077,115170,inseparable
115077,115171,inseparable
115077,115172,inseparable
115077,115173,inseparable
115077,115174,inseparable
115077,115175,inseparable
115077,115176,inseparable
115077,115177,inseparable
115077,115178,inseparable
115077,115179,inseparable
115077,115180,inseparable
115077,115181,inseparable
115077,115182,inseparable
115077,115183,inseparable
115077,115184,inseparable
115077,115185,inseparable
115077,115186,inseparable
115077,115187,inseparable
115077,115188,inseparable
115077,115189,inseparable
115077,115190,inseparable
115077,115191,inseparable
115077,115192,inseparable
115077,115193,inseparable
115077,115194,inseparable
115077,115195,inseparable
115077,115196,inseparable
115077,115197,inseparable
115077,115198,inseparable
115077,115199,inseparable
115077,115200,inseparable
115077,115201,inseparable
115077,115202,inseparable
115077,115203,inseparable
115077,115204,inseparable
115077,115205,inseparable
115077,115206,inseparable
115077,115207,inseparable
115077,115208,inseparable
115077,115209,inseparable
115077,115210,inseparable
115077,115211,inseparable
115077,115212,inseparable
115077,115213,inseparable
115077,115214,inseparable
115077,115215,inseparable
115077,115216,inseparable
115077,115217,inseparable
115077,115218,inseparable
115077,115219,inseparable
115077,115220,inseparable
115077,115221,inseparable
115077,115222,inseparable
115077,115223,inseparable
115077,115224,inseparable
115077,115225,inseparable
115077,115226,inseparable
115077,115227,inseparable
115077,115228,inseparable
115077,115229,inseparable
115077,115230,inseparable
115077,115231,inseparable
115077,115232,inseparable
115077,115233,inseparable
115077,115234,inseparable
115077,115235,inseparable
115077,115236,inseparable
115077,115237,inseparable
115077,115238,inseparable
115077,115239,inseparable
115077,115240,inseparable
115077,115241,inseparable
115077,115242,inseparable
115077,115243,inseparable
115077,115244,inseparable
115077,115245,inseparable
115077,115246,inseparable
115077,115247,inseparable
115077,115248,inseparable
115077,115249,inseparable
115077,115250,inseparable
115077,115251,inseparable
115077,115252,inseparable
115077,115253,inseparable
115077,115254,inseparable
115077,115255,inseparable
115077,115256,inseparable
115077,115257,inseparable
115444,115445,inseparable
115446,115447,inseparable
115448,115449,inseparable
115451,115452,inseparable
115453,115454,inseparable
115455,115456,inseparable
115466,115467,inseparable
115471,115472,inseparable
115473,115474,inseparable
115475,115476,inseparable
115478,115479,inseparable
115521,120720,separable
115521,120721,separable
115521,120722,separable
115521,120723,separable
115521,120724,separable
115521,120725,separable
115521,120726,separable
115521,120727,separable
115521,120746,separable
115521,120777,separable
115562,120728,separable
115562,120729,separable
115562,120730,separable
115562,120731,separable
115562,120732,separable
115562,120733,separable
115562,120734,separable
115562,120735,separable
115562,120736,separable
115562,120737,separable
115562,120738,separable
115562,120739,separable
115562,120740,separable
115562,120741,separable
115562,120743,separable
115601,120747,separable
115601,120748,separable
115601,120749,separable
115601,120750,separable
115601,120751,separable
115914,115915,inseparable
115914,115916,inseparable
115914,115917,inseparable
115914,115918,inseparable
115914,115919,inseparable
115914,115920,inseparable
115914,115921,inseparable
115914,115922,inseparable
115914,115923,inseparable
115914,115924,inseparable
115914,115925,inseparable
115914,115926,inseparable
115914,115927,inseparable
115914,115928,inseparable
115914,115929,inseparable
115914,115930,inseparable
115914,115931,inseparable
115914,115932,inseparable
115914,115933,inseparable
115914,115934,inseparable
115914,115935,inseparable
115914,115936,inseparable
115914,115937,inseparable
115914,115938,inseparable
115914,115939,inseparable
115914,115940,inseparable
115914,115941,inseparable
115914,115942,inseparable
115914,115943,inseparable
115914,115944,inseparable
115914,115945,inseparable
115914,115946,inseparable
115914,115947,inseparable
115914,115948,inseparable
115914,115949,inseparable
115914,115950,inseparable
115914,115951,inseparable
115914,115952,inseparable
115914,115953,inseparable
115914,115954,inseparable
116336,120752,separable
116336,120753,separable
116336,120754,separable
116336,120755,separable
116336,120756,separable
116336,120757,separable
116336,120758,separable
116336,120759,separable
116336,120760,separable
116336,120761,separable
116452,120762,separable
116452,120763,separable
116452,120764,separable
116452,120765,separable
116452,120766,separable
116452,120767,separable
116452,120768,separable
116452,120769,separable
116452,120770,separable
116452,120771,separable
116452,120772,separable
116452,120773,separable
116452,120774,separable
116452,120775,separable
116452,120776,separable
116485,116486,inseparable
116588,116589,inseparable
116588,116590,inseparable
116588,116591,inseparable
116588,116592,inseparable
116588,116593,inseparable
116588,116594,inseparable
116588,116595,inseparable
116588,116596,inseparable
116709,116710,inseparable
116712,116713,inseparable
116769,116770,inseparable
116769,116771,inseparable
116769,116772,inseparable
116807,157761,separable
116807,157762,separable
116807,157763,separable
116807,157764,separable
116807,157765,separable
116807,157766,separable
116807,157767,separable
116807,157768,separable
116843,156765,separable
117115,117116,inseparable
117115,117117,inseparable
117115,117118,inseparable
117115,117119,inseparable
117115,117120,inseparable
117115,117121,inseparable
117115,117122,inseparable
117115,117123,inseparable
117115,117124,inseparable
117115,117125,inseparable
117115,117126,inseparable
117115,117127,inseparable
117115,117128,inseparable
117115,117129,inseparable
117115,117130,inseparable
117115,117131,inseparable
117115,117132,inseparable
117115,117133,inseparable
117115,117134,inseparable
117115,117135,inseparable
117115,117136,inseparable
117115,117137,inseparable
117139,117140,inseparable
117139,117141,inseparable
117139,117142,inseparable
117139,117143,inseparable
117139,117144,inseparable
117139,117145,inseparable
117139,117146,inseparable
117237,133985,separable
117237,133986,separable
117237,133987,separable
117237,133988,separable
117237,133989,separable
117237,133990,separable
117237,133991,separable
117237,133992,separable
117237,133993,separable
117237,133997,separable
117237,133998,separable
117237,133999,separable
117237,134000,separable
117237,134001,separable
117237,134002,separable
117237,134003,separable
117237,134004,separable
117237,134005,separable
117237,134006,separable
117237,134007,separable
117237,134008,separable
117237,134009,separable
117237,134010,separable
117237,134011,separable
117249,126500,separable
117249,126501,separable
117249,126502,separable
117249,126503,separable
117249,126504,separable
117249,126505,separable
117249,126506,separable
117249,126507,separable
117365,117366,inseparable
117365,117367,inseparable
117365,117368,inseparable
117365,117369,inseparable
117365,117370,inseparable
117365,117371,inseparable
117365,117372,inseparable
117365,117373,inseparable
117365,117374,inseparable
117365,117375,inseparable
117365,117376,inseparable
117365,117377,inseparable
117365,117378,inseparable
117365,117379,inseparable
117365,117380,inseparable
117365,117381,inseparable
117365,117382,inseparable
117365,117383,inseparable
117365,117384,inseparable
117365,117385,inseparable
117365,117386,inseparable
117365,117387,inseparable
117443,124062,separable
117443,124064,separable
117443,124066,separable
117443,124068,separable
117443,124070,separable
117443,124072,separable
117443,124074,separable
117443,124076,separable
117443,124078,separable
117443,124080,separable
117624,117625,inseparable
117627,117628,inseparable
117629,117630,inseparable
117631,117632,inseparable
117633,117634,inseparable
117635,117636,inseparable
117637,117638,inseparable
117639,117640,inseparable
117641,117642,inseparable
117644,117645,inseparable
117646,117647,inseparable
117680,206658,separable
117680,206659,separable
117680,206660,separable
117680,206661,separable
117680,206662,separable
117680,206663,separable
117751,117752,inseparable
117765,206679,separable
117765,206680,separable
117765,206681,separable
117765,206682,separable
117789,117790,inseparable
117791,117792,inseparable
117791,117793,inseparable
117791,117794,inseparable
117791,117795,inseparable
117791,117796,inseparable
117791,117797,inseparable
117808,117809,inseparable
117810,117811,inseparable
118734,144443,inseparable
118859,118860,inseparable
118960,112174,separable
118960,118952,separable
118960,118953,separable
118960,118954,separable
118960,118955,separable
118960,118956,separable
118960,118957,separable
118960,118958,separable
118960,118959,separable
119061,117439,separable
119061,119054,separable
119061,119055,separable
119061,119056,separable
119061,119057,separable
119061,119058,separable
119061,119059,separable
119061,119060,separable
119071,119072,inseparable
119075,119076,inseparable
119075,119077,inseparable
119075,119078,inseparable
119075,119079,inseparable
119075,119080,inseparable
119075,119081,inseparable
119156,119157,inseparable
119156,119158,inseparable
119156,119159,inseparable
119156,119160,inseparable
119156,119161,inseparable
119156,119162,inseparable
119156,119163,inseparable
119156,119164,inseparable
119156,119165,inseparable
119156,119166,inseparable
119156,119167,inseparable
119156,119168,inseparable
119156,119169,inseparable
119156,119170,inseparable
119156,119171,inseparable
119156,119172,inseparable
119156,119173,inseparable
119156,119174,inseparable
119156,119175,inseparable
119156,119176,inseparable
119156,119177,inseparable
119190,119191,inseparable
119197,123466,separable
119197,123467,separable
119197,123468,separable
119197,123469,separable
119197,123470,separable
119197,123471,separable
119197,123472,separable
119635,136204,separable
119635,136205,separable
119635,136206,separable
119635,136207,separable
119635,136208,separable
119635,136209,separable
119635,136210,separable
119635,136211,separable
119635,136212,separable
119635,136213,separable
119635,136214,separable
119635,136215,separable
119635,136216,separable
119635,136217,separable
119635,136218,separable
119635,136219,separable
119635,136220,separable
120453,120454,separable
120500,120501,inseparable
120500,120502,inseparable
120500,120503,inseparable
120500,120504,inseparable
120500,120505,inseparable
120500,120506,inseparable
120500,120507,inseparable
120500,120508,inseparable
120500,120509,inseparable
120500,120510,inseparable
120511,159192,separable
120622,120623,inseparable
120633,120634,inseparable
120834,124156,separable
120834,124158,separable
120834,124159,separable
120834,124160,separable
120834,124161,separable
120834,124162,separable
120834,124163,separable
121073,121074,separable
121073,121075,separable
121073,121076,separable
121073,121077,separable
121073,121078,separable
121073,121079,separable
121140,121141,inseparable
121140,121142,inseparable
121206,121207,inseparable
121208,121209,inseparable
121210,121211,inseparable
121212,121213,inseparable
121215,121216,inseparable
121215,121217,inseparable
121215,121218,inseparable
121215,121219,inseparable
121220,121221,inseparable
121220,121222,inseparable
121220,121223,inseparable
121220,121224,inseparable
121220,121225,inseparable
121220,121226,inseparable
121227,121228,inseparable
121227,121229,inseparable
121227,121230,inseparable
121227,121231,inseparable
121232,121233,inseparable
121232,121234,inseparable
121232,121235,inseparable
121232,121236,inseparable
121232,121237,inseparable
121232,121238,inseparable
121232,121239,inseparable
121232,121240,inseparable
121241,121242,inseparable
121241,121243,inseparable
121241,121244,inseparable
121260,121261,inseparable
121260,121262,inseparable
121260,121263,inseparable
121260,121264,inseparable
121260,121265,inseparable
121260,121266,inseparable
121260,121267,inseparable
121260,121268,inseparable
121260,121269,inseparable
121260,121270,inseparable
121260,121271,inseparable
121260,121272,inseparable
121260,121273,inseparable
121260,121274,inseparable
121260,121275,inseparable
121260,121276,inseparable
121260,121277,inseparable
121260,121278,inseparable
121410,157487,separable
121410,157488,separable
121410,157489,separable
121410,157490,separable
121410,157491,separable
121410,157492,separable
121410,157493,separable
121410,157494,separable
121410,157495,separable
121410,157496,separable
121410,157497,separable
121410,157498,separable
121410,157499,separable
121410,157500,separable
121410,157501,separable
121410,157502,separable
121410,157503,separable
121410,157504,separable
121410,157505,separable
121410,157506,separable
121410,157507,separable
121410,157508,separable
121410,157509,separable
121410,157510,separable
121410,157511,separable
121410,157512,separable
121410,157513,separable
121410,157514,separable
121410,157515,separable
121410,157516,separable
121410,157517,separable
121410,157518,separable
121678,121671,separable
121678,121672,separable
121678,121673,separable
121678,121674,separable
121678,121675,separable
121678,121676,separable
121678,121677,separable
121697,121698,inseparable
121697,121699,inseparable
121697,121700,inseparable
121697,121701,inseparable
121697,121702,inseparable
121697,121703,inseparable
121697,121704,inseparable
121697,121705,inseparable
121697,121706,inseparable
121697,121707,inseparable
121697,121708,inseparable
121697,121709,inseparable
121697,121710,inseparable
121697,121711,inseparable
121697,121712,inseparable
121697,121713,inseparable
121697,121714,inseparable
121697,121715,inseparable
121697,121716,inseparable
121697,121717,inseparable
121697,121718,inseparable
121697,121719,inseparable
121697,121720,inseparable
121949,144449,inseparable
121964,121965,inseparable
121966,144450,inseparable
121967,144451,inseparable
121968,121969,inseparable
122029,144453,inseparable
122047,144454,inseparable
122048,144455,inseparable
122049,144456,inseparable
122066,144457,inseparable
122095,144458,inseparable
122097,144459,inseparable
122158,144460,inseparable
122166,144461,inseparable
122211,144463,inseparable
122345,144465,inseparable
122364,144466,inseparable
122371,144467,inseparable
122383,144468,inseparable
122385,144469,inseparable
122404,144470,inseparable
122406,144471,inseparable
122408,144472,inseparable
122409,144473,inseparable
122417,144475,inseparable
122424,144476,inseparable
122476,144478,inseparable
122477,144479,inseparable
122485,144480,inseparable
122491,144481,inseparable
122519,144482,inseparable
122524,144484,inseparable
122532,144485,inseparable
122543,144486,inseparable
122551,144487,inseparable
122578,144488,inseparable
122595,144489,inseparable
122611,144490,inseparable
122613,144491,inseparable
122628,144492,inseparable
122631,144493,inseparable
122636,144494,inseparable
122660,144495,inseparable
122705,144496,inseparable
122733,144497,inseparable
122767,144498,inseparable
122773,144499,inseparable
122774,144500,inseparable
122809,144501,inseparable
122826,144502,inseparable
122844,144503,inseparable
122845,144504,inseparable
122848,144505,inseparable
122867,144506,inseparable
122868,144508,inseparable
122886,144509,inseparable
122902,144510,inseparable
122913,144511,inseparable
122916,144512,inseparable
122926,144513,inseparable
122932,144514,inseparable
122968,144515,inseparable
122970,144516,inseparable
122971,144517,inseparable
122988,144518,inseparable
122989,144519,inseparable
122991,144520,inseparable
123019,123020,inseparable
123019,228827,inseparable
123113,123742,separable
123113,123743,separable
123113,123744,separable
123113,123745,separable
123113,123746,separable
123113,123747,separable
123113,123748,separable
123113,123749,separable
123113,123750,separable
123134,123757,separable
123134,123758,separable
123134,123759,separable
123134,123760,separable
123134,123761,separable
123134,123762,separable
123134,123763,separable
123134,123764,separable
123150,124436,separable
123150,124438,separable
123150,124439,separable
123150,124440,separable
123150,124441,separable
123150,124442,separable
123151,124430,separable
123151,124431,separable
123151,124432,separable
123151,124433,separable
123151,124434,separable
123151,124435,separable
123152,124414,separable
123152,124415,separable
123152,124416,separable
123152,124417,separable
123152,124418,separable
123152,124419,separable
123178,124460,separable
123178,124461,separable
123178,124462,separable
123178,124463,separable
123178,124464,separable
123178,124465,separable
123179,124455,separable
123179,124456,separable
123179,124457,separable
123179,124458,separable
123242,123243,inseparable
123245,123246,inseparable
123247,123248,inseparable
123249,123250,inseparable
123252,123253,inseparable
123254,123255,inseparable
123341,227831,inseparable
123341,227832,inseparable
123341,227833,inseparable
123341,227834,inseparable
123341,227835,inseparable
123342,228087,inseparable
123342,228088,inseparable
123342,228089,inseparable
123342,228090,inseparable
123342,228091,inseparable
123342,228092,inseparable
123342,228093,inseparable
123342,228094,inseparable
123342,228095,inseparable
123342,228096,inseparable
123342,228097,inseparable
123342,228098,inseparable
123342,228099,inseparable
123342,228100,inseparable
123342,228101,inseparable
123342,228102,inseparable
123342,228103,inseparable
123342,228104,inseparable
123342,228105,inseparable
123342,228106,inseparable
123342,228107,inseparable
123342,228108,inseparable
123342,228109,inseparable
123342,228110,inseparable
123342,228111,inseparable
123342,228112,inseparable
123342,228113,inseparable
123342,228114,inseparable
123342,228115,inseparable
123342,228116,inseparable
123342,228117,inseparable
123342,228118,inseparable
123342,228119,inseparable
123342,228120,inseparable
123342,228121,inseparable
123342,228122,inseparable
123342,228123,inseparable
123342,228124,inseparable
123342,228125,inseparable
123342,228126,inseparable
123342,228127,inseparable
123342,228128,inseparable
123342,228129,inseparable
123342,228130,inseparable
123342,228131,inseparable
123342,228132,inseparable
123342,228133,inseparable
123342,228134,inseparable
123342,228135,inseparable
123342,228136,inseparable
123342,228137,inseparable
123343,227757,inseparable
123343,227758,inseparable
123343,227759,inseparable
123343,227760,inseparable
123343,227761,inseparable
123343,227762,inseparable
123343,227763,inseparable
123343,227764,inseparable
123343,227765,inseparable
123343,227766,inseparable
123343,227767,inseparable
123343,227768,inseparable
123343,227769,inseparable
123343,227770,inseparable
123343,227771,inseparable
123343,227772,inseparable
123343,227773,inseparable
123343,227774,inseparable
123343,227775,inseparable
123343,227776,inseparable
123343,227777,inseparable
123343,227778,inseparable
123343,227779,inseparable
123343,227780,inseparable
123343,227781,inseparable
123343,227782,inseparable
123343,227783,inseparable
123343,227784,inseparable
123343,227785,inseparable
123343,227786,inseparable
123343,227787,inseparable
123343,227788,inseparable
123343,227789,inseparable
123343,227790,inseparable
123343,227791,inseparable
123343,227792,inseparable
123343,227793,inseparable
123343,227794,inseparable
123343,227795,inseparable
123343,227796,inseparable
123343,227797,inseparable
123343,227798,inseparable
123343,227799,inseparable
123343,227800,inseparable
123343,227801,inseparable
123343,227802,inseparable
123343,227803,inseparable
123343,227804,inseparable
123343,227805,inseparable
123343,227806,inseparable
123375,123376,inseparable
123545,123546,inseparable
123549,158139,inseparable
123549,158140,inseparable
123549,158141,inseparable
123549,158142,inseparable
123549,158143,inseparable
123549,158144,inseparable
123549,158145,inseparable
123549,158146,inseparable
123552,123553,inseparable
123552,123554,inseparable
123552,123555,inseparable
123552,123556,inseparable
123552,123557,inseparable
123552,123558,inseparable
123552,123559,inseparable
123552,123560,inseparable
123552,123561,inseparable
123552,123562,inseparable
123552,123563,inseparable
123552,123564,inseparable
123552,123565,inseparable
123552,123566,inseparable
123552,123567,inseparable
123552,123568,inseparable
123552,123569,inseparable
123552,123570,inseparable
123552,123571,inseparable
123552,123572,inseparable
123552,123573,inseparable
123552,123574,inseparable
123552,123575,inseparable
123552,123576,inseparable
123552,123577,inseparable
123552,123578,inseparable
123552,123579,inseparable
123552,123580,inseparable
123552,123581,inseparable
123552,123582,inseparable
123552,123583,inseparable
123552,123584,inseparable
123552,123585,inseparable
123724,123548,separable
123724,123720,separable
123724,123721,separable
123724,123722,separable
123724,123723,separable
123724,123725,separable
123724,123726,separable
123724,123727,separable
123724,123728,separable
123724,123729,separable
123724,123730,separable
123724,123731,separable
123724,123732,separable
123724,123733,separable
123724,123734,separable
123724,123735,separable
123724,123736,separable
123724,123737,separable
123724,123738,separable
123724,123739,separable
123724,123740,separable
123724,123741,separable
123724,128357,separable
123767,115813,separable
123767,115816,separable
123767,115817,separable
123767,115818,separable
123767,115821,separable
123767,115823,separable
123767,115824,separable
124062,124063,inseparable
124064,124065,inseparable
124066,124067,inseparable
124068,124069,inseparable
124070,124071,inseparable
124072,124073,inseparable
124074,124075,inseparable
124076,124077,inseparable
124078,124079,inseparable
124080,124081,inseparable
124179,123135,separable
124179,124172,separable
124179,124173,separable
124179,124174,separable
124179,124175,separable
124179,124176,separable
124179,124177,separable
124179,124178,separable
124377,123187,separable
124377,124370,separable
124377,124371,separable
124377,124372,separable
124377,124373,separable
124377,124374,separable
124377,124375,separable
124377,124376,separable
124424,123149,separable
124424,124425,separable
124424,124426,separable
124424,124427,separable
124424,124428,separable
124424,124429,separable
124451,119439,separable
124451,119440,separable
124451,119441,separable
124451,119442,separable
124618,124619,inseparable
124620,124621,inseparable
124767,125659,separable
124767,125660,separable
124767,125661,separable
124767,125662,separable
124767,125663,separable
124767,125664,separable
124767,125665,separable
124767,125666,separable
124767,125667,separable
124767,125668,separable
124767,125669,separable
124767,125670,separable
124767,125671,separable
124767,125672,separable
124767,125673,separable
124767,125674,separable
124767,125675,separable
124767,125676,separable
124767,125677,separable
124767,125678,separable
124767,125679,separable
124767,125680,separable
124767,125681,separable
124767,125682,separable
124767,125683,separable
124767,125684,separable
124767,125685,separable
124767,125686,separable
124767,125687,separable
124767,125688,separable
124792,123153,separable
124792,124581,separable
124792,124582,separable
124792,124583,separable
124792,124584,separable
124792,124585,separable
124792,124586,separable
124792,124587,separable
124792,124588,separable
124792,124589,separable
124792,124590,separable
124792,124591,separable
124792,124594,separable
124792,124595,separable
124792,124596,separable
124829,123121,separable
124829,124815,separable
124829,124818,separable
124829,124825,separable
124829,124826,separable
124829,124828,separable
124900,208890,inseparable
124904,125602,separable
124904,125603,separable
124904,125606,separable
124904,125607,separable
124904,125608,separable
124904,125609,separable
124904,125610,separable
124904,125612,separable
124904,125614,separable
124904,125652,separable
124937,123127,separable
124937,124927,separable
124937,124928,separable
124937,124929,separable
124937,124930,separable
124937,124931,separable
124937,124932,separable
124937,124933,separable
124937,124934,separable
124937,124935,separable
124937,124936,separable
124955,124956,inseparable
125203,159564,inseparable
125203,159565,inseparable
125203,159566,inseparable
125203,159567,inseparable
125203,159568,inseparable
125203,159569,inseparable
125203,159570,inseparable
125203,159571,inseparable
125250,215725,separable
125330,125331,separable
125330,128058,separable
125360,125361,inseparable
125360,125362,inseparable
125360,125363,inseparable
125360,125364,inseparable
125360,125365,inseparable
125360,125366,inseparable
125360,125367,inseparable
125360,125368,inseparable
125360,125369,inseparable
125360,125370,inseparable
125360,125371,inseparable
125360,125372,inseparable
125360,125373,inseparable
125360,125374,inseparable
125360,125375,inseparable
125360,125376,inseparable
125360,125377,inseparable
125360,125378,inseparable
125360,125379,inseparable
125530,125782,separable
125530,125783,separable
125530,125784,separable
125530,125785,separable
125530,125786,separable
125530,125788,separable
125534,126487,separable
125534,126488,separable
125534,126489,separable
125534,126490,separable
125534,126491,separable
125534,126492,separable
125534,126496,separable
125534,126497,separable
125534,126498,separable
125534,126499,separable
125534,126543,separable
125534,126544,separable
125534,126545,separable
125534,126546,separable
125534,126548,separable
125534,126549,separable
125534,126550,separable
125534,126551,separable
125534,127869,separable
125651,126567,separable
125651,126568,separable
125651,126569,separable
125651,126570,separable
125651,126571,separable
125651,126572,separable
125651,126573,separable
125651,126574,separable
125651,126575,separable
125651,126576,separable
125651,126577,separable
125651,126578,separable
125651,126579,separable
125651,126580,separable
125651,126854,separable
125733,125734,inseparable
126000,125312,separable
126000,125994,separable
126000,125995,separable
126000,125996,separable
126000,125997,separable
126000,125998,separable
126484,121464,separable
126484,126454,separable
126484,126455,separable
126484,126456,separable
126484,126457,separable
126484,126458,separable
126484,126459,separable
126484,126460,separable
126484,126461,separable
126484,126462,separable
126484,126463,separable
126484,126464,separable
126484,126465,separable
126484,126466,separable
126484,126467,separable
126484,126468,separable
126484,126469,separable
126484,126470,separable
126484,126471,separable
126484,126472,separable
126484,126473,separable
126484,126474,separable
126484,126475,separable
126484,126476,separable
126484,126477,separable
126484,126478,separable
126484,126479,separable
126586,117314,separable
126586,126055,separable
126586,126056,separable
126586,126057,separable
126586,126064,separable
126586,126065,separable
126586,126066,separable
126586,126068,separable
126586,126069,separable
126586,126070,separable
126807,126808,inseparable
126809,126810,inseparable
126811,126812,inseparable
126813,126814,inseparable
126816,126815,inseparable
126817,126818,inseparable
126819,126820,inseparable
126821,126822,inseparable
126823,126824,inseparable
126825,126826,inseparable
126827,126828,inseparable
126829,126830,inseparable
126831,126832,inseparable
126833,126834,inseparable
126835,126836,inseparable
126837,126838,inseparable
126839,126840,inseparable
126841,126842,inseparable
126843,126844,inseparable
126911,126912,inseparable
126957,138605,separable
126957,138606,separable
126957,138607,separable
127037,127038,inseparable
127137,127673,separable
127137,127675,separable
127137,127676,separable
127137,127677,separable
127137,127678,separable
127137,127679,separable
127137,127680,separable
127137,127681,separable
127137,127682,separable
127137,127683,separable
127137,127684,separable
127137,127685,separable
127137,127759,separable
127137,127836,separable
127329,128241,separable
127329,128242,separable
127329,128243,separable
127329,128251,separable
127329,128256,separable
127357,127358,inseparable
127460,125746,separable
127460,127451,separable
127460,127452,separable
127460,127453,separable
127460,127454,separable
127460,127455,separable
127460,127456,separable
127460,127457,separable
127460,127458,separable
127460,127459,separable
127461,125745,separable
127461,127434,separable
127461,127435,separable
127461,127436,separable
127461,127437,separable
127461,127438,separable
127461,127439,separable
127461,127440,separable
127461,127441,separable
127461,127442,separable
127461,127443,separable
127461,127444,separable
127461,127445,separable
127461,127446,separable
127461,127447,separable
127461,127448,separable
127461,127449,separable
127461,127450,separable
127487,127975,separable
127487,127976,separable
127487,127977,separable
127487,127978,separable
127487,127979,separable
127487,127980,separable
127487,127981,separable
127487,127982,separable
127487,127983,separable
127487,127984,separable
127487,127986,separable
127487,127987,separable
127487,127988,separable
127487,127989,separable
127487,127990,separable
127487,127991,separable
127487,127992,separable
127487,127993,separable
127487,127994,separable
127487,127995,separable
127487,127996,separable
127487,127997,separable
127487,127998,separable
127487,127999,separable
127487,128001,separable
127487,128002,separable
127487,128003,separable
127487,128005,separable
127487,128009,separable
127487,128010,separable
127487,128011,separable
127487,128012,separable
127487,128013,separable
127487,128014,separable
127487,128015,separable
127487,128016,separable
127487,128017,separable
127487,128018,separable
127487,128019,separable
127487,128020,separable
127487,128021,separable
127487,128022,separable
127487,128023,separable
127487,128024,separable
127487,128025,separable
127487,128026,separable
127487,128027,separable
127487,128028,separable
127487,128029,separable
127487,128030,separable
127487,128031,separable
127487,128032,separable
127487,128033,separable
127487,128034,separable
127487,128035,separable
127487,128036,separable
127487,128037,separable
127487,128038,separable
127487,128039,separable
127487,128040,separable
127487,128041,separable
127487,128042,separable
127487,128043,separable
127487,128044,separable
127487,128045,separable
127487,128046,separable
127487,128047,separable
127487,128048,separable
127487,128049,separable
127487,128050,separable
127487,128051,separable
127533,127534,inseparable
127533,127535,inseparable
127533,127536,inseparable
127533,127537,inseparable
127533,127538,inseparable
127533,127539,inseparable
127533,127540,inseparable
127533,127541,inseparable
127533,127542,inseparable
127533,127543,inseparable
127533,127544,inseparable
127533,127545,inseparable
127533,127546,inseparable
127533,127547,inseparable
127533,127548,inseparable
127533,127549,inseparable
127533,127550,inseparable
127533,127551,inseparable
127533,127552,inseparable
127557,127558,inseparable
127560,220139,inseparable
127560,220140,inseparable
127560,220141,inseparable
127560,220142,inseparable
127560,220143,inseparable
127560,220144,inseparable
127560,220145,inseparable
127560,220146,inseparable
127560,220147,inseparable
127560,220148,inseparable
127560,220149,inseparable
127560,220150,inseparable
127560,220151,inseparable
127560,220152,inseparable
127560,220153,inseparable
127560,220154,inseparable
127765,127766,inseparable
127801,159918,inseparable
128373,128374,inseparable
128373,128375,inseparable
128373,128376,inseparable
128373,128377,inseparable
128373,128378,inseparable
128373,128379,inseparable
128373,128380,inseparable
128496,128497,inseparable
128525,227462,separable
128525,227463,separable
128525,227464,separable
128525,227465,separable
128525,227466,separable
128525,227467,separable
128525,227468,separable
128525,227469,separable
128525,227470,separable
128525,227471,separable
128525,227472,separable
128525,227473,separable
128538,133750,separable
128538,133752,separable
128538,133756,separable
128538,133757,separable
128538,133758,separable
128540,133741,separable
128540,133742,separable
128540,133743,separable
128540,133744,separable
128540,133745,separable
128540,133746,separable
128543,133877,separable
128543,133878,separable
128543,133879,separable
128543,133880,separable
128543,133881,separable
128562,133859,separable
128562,133860,separable
128562,133861,separable
128562,133862,separable
128562,133863,separable
128565,133938,separable
128565,133939,separable
128565,133940,separable
128565,133941,separable
128565,133942,separable
128574,128575,inseparable
128582,128583,inseparable
128584,128585,inseparable
128586,128587,inseparable
128588,128589,inseparable
128590,128591,inseparable
128730,144462,inseparable
128938,129464,separable
128938,129465,separable
128938,129466,separable
128938,129467,separable
128938,129468,separable
128938,129469,separable
128939,129875,separable
128939,129876,separable
128939,129877,separable
128939,129878,separable
128939,129879,separable
128939,129880,separable
128939,129881,separable
128939,129882,separable
128939,129883,separable
128939,129884,separable
128982,129845,separable
128982,129846,separable
128982,129847,separable
128982,129848,separable
128982,129849,separable
128982,129850,separable
128982,129851,separable
128982,129852,separable
128982,129853,separable
128982,129854,separable
128982,129855,separable
128982,129856,separable
129009,129010,inseparable
129011,129012,inseparable
129013,129014,inseparable
129021,129022,inseparable
129030,129031,inseparable
129032,129033,inseparable
129035,129036,inseparable
129055,129056,inseparable
129057,129058,inseparable
129059,129060,inseparable
129061,129062,inseparable
129322,144477,inseparable
129343,144474,inseparable
129443,129444,inseparable
129463,128988,separable
129463,129372,separable
129463,129373,separable
129463,129374,separable
129463,129375,separable
129463,129376,separable
129463,129377,separable
129463,129451,separable
129516,135396,separable
129516,135397,separable
129516,135398,separable
129516,135399,separable
129516,135400,separable
129516,135401,separable
129516,135402,separable
129516,135403,separable
129516,135404,separable
129516,135405,separable
129516,135406,separable
129516,135407,separable
129808,129809,inseparable
129810,129811,inseparable
129813,129814,inseparable
129816,129817,inseparable
129818,129819,inseparable
129820,129821,inseparable
129923,129924,inseparable
129926,207136,inseparable
129926,207137,inseparable
129926,207138,inseparable
129926,207139,inseparable
129926,207140,inseparable
129926,207141,inseparable
129926,207142,inseparable
129926,207143,inseparable
129926,207144,inseparable
129926,207145,inseparable
129926,207146,inseparable
129926,207147,inseparable
129926,207148,inseparable
129926,207149,inseparable
129926,207150,inseparable
129926,207151,inseparable
129926,207152,inseparable
129926,207153,inseparable
129926,207154,inseparable
129926,207155,inseparable
129926,207156,inseparable
129926,207157,inseparable
129926,207158,inseparable
129926,207159,inseparable
129926,207160,inseparable
129926,207161,inseparable
129926,207162,inseparable
129926,207163,inseparable
129926,207164,inseparable
129926,207165,inseparable
129926,207166,inseparable
129926,207167,inseparable
129926,207168,inseparable
129926,207169,inseparable
129926,207170,inseparable
129926,207171,inseparable
129926,207172,inseparable
129926,207173,inseparable
129926,207174,inseparable
129926,207175,inseparable
129926,207176,inseparable
129926,207177,inseparable
129926,207178,inseparable
129926,207179,inseparable
129926,207180,inseparable
129926,207181,inseparable
129926,207182,inseparable
129926,207183,inseparable
129926,207184,inseparable
129926,207185,inseparable
129926,207186,inseparable
129926,207187,inseparable
129926,207188,inseparable
129926,207189,inseparable
129926,207190,inseparable
129926,207191,inseparable
129926,207192,inseparable
129926,207193,inseparable
129926,207194,inseparable
129926,207195,inseparable
129926,207196,inseparable
129926,207197,inseparable
129926,207198,inseparable
129926,207199,inseparable
129926,207200,inseparable
129926,207201,inseparable
129926,207202,inseparable
129926,207203,inseparable
129926,207204,inseparable
129926,207205,inseparable
129926,207206,inseparable
129926,207207,inseparable
129926,207208,inseparable
129926,207209,inseparable
129926,207352,inseparable
129926,207353,inseparable
129926,207354,inseparable
129926,207355,inseparable
129926,207356,inseparable
129926,207357,inseparable
129926,207358,inseparable
129926,207359,inseparable
129926,207360,inseparable
129926,207361,inseparable
129926,207362,inseparable
129926,207363,inseparable
129926,207364,inseparable
129926,207365,inseparable
129926,207366,inseparable
129926,207367,inseparable
129926,207368,inseparable
129926,207369,inseparable
129926,207370,inseparable
129926,207371,inseparable
129926,207372,inseparable
129926,207373,inseparable
129926,207374,inseparable
129926,207375,inseparable
129926,207376,inseparable
129926,207377,inseparable
129926,207378,inseparable
129926,207379,inseparable
129926,207380,inseparable
129926,207381,inseparable
129926,207382,inseparable
129926,207383,inseparable
129926,207384,inseparable
129926,207385,inseparable
129926,207386,inseparable
129926,207387,inseparable
129926,207388,inseparable
129926,207389,inseparable
129926,207390,inseparable
129926,207391,inseparable
129926,207392,inseparable
129926,207393,inseparable
129926,207394,inseparable
129926,207395,inseparable
129926,207396,inseparable
129926,207397,inseparable
129926,207398,inseparable
129926,207399,inseparable
129926,207400,inseparable
129926,207401,inseparable
129926,207402,inseparable
129926,207403,inseparable
129926,207404,inseparable
129926,207405,inseparable
129926,207406,inseparable
129926,207407,inseparable
129926,207408,inseparable
129926,207409,inseparable
129926,207410,inseparable
129926,207411,inseparable
129926,207412,inseparable
129926,207413,inseparable
129926,207414,inseparable
129926,207415,inseparable
129926,207416,inseparable
129926,207417,inseparable
129926,207418,inseparable
129926,207419,inseparable
129926,207420,inseparable
129926,207421,inseparable
129926,207422,inseparable
129926,207423,inseparable
129926,207424,inseparable
129926,207425,inseparable
129926,207426,inseparable
129926,207427,inseparable
129926,207428,inseparable
129926,207429,inseparable
129926,207430,inseparable
129926,207431,inseparable
129926,207432,inseparable
129926,207433,inseparable
129926,207434,inseparable
129926,207435,inseparable
129926,207436,inseparable
129926,207437,inseparable
129926,207438,inseparable
129926,207439,inseparable
129926,207440,inseparable
129926,207441,inseparable
129926,207442,inseparable
129926,207443,inseparable
129926,207444,inseparable
129926,207445,inseparable
129926,207446,inseparable
129926,207447,inseparable
129926,207448,inseparable
129926,207449,inseparable
129926,207450,inseparable
129926,207451,inseparable
129926,207452,inseparable
129926,207453,inseparable
129926,207454,inseparable
129926,207455,inseparable
129926,207456,inseparable
129926,207457,inseparable
129926,207458,inseparable
129926,207459,inseparable
129926,207460,inseparable
129926,207461,inseparable
129926,207462,inseparable
129926,207463,inseparable
129926,207464,inseparable
129926,207465,inseparable
129926,207466,inseparable
129926,207467,inseparable
129926,207468,inseparable
129926,207469,inseparable
129926,207470,inseparable
129926,207471,inseparable
129926,207472,inseparable
129926,207473,inseparable
129926,207474,inseparable
129926,207475,inseparable
129926,207476,inseparable
129926,207477,inseparable
129926,207478,inseparable
129926,207479,inseparable
129926,207480,inseparable
129926,207481,inseparable
129926,207482,inseparable
129926,207483,inseparable
129926,207484,inseparable
129926,207485,inseparable
129926,207486,inseparable
129926,207487,inseparable
129926,207488,inseparable
129926,207489,inseparable
129926,207490,inseparable
129926,207491,inseparable
130147,130148,inseparable
130149,130150,inseparable
130153,130154,inseparable
130157,130158,inseparable
130160,130161,inseparable
130163,130164,inseparable
130270,222935,inseparable
130270,222936,inseparable
130270,222937,inseparable
130270,222938,inseparable
130270,222939,inseparable
130270,222940,inseparable
130270,222941,inseparable
130270,222942,inseparable
130270,222943,inseparable
130270,222944,inseparable
130270,222945,inseparable
130270,222946,inseparable
130270,222947,inseparable
130270,222948,inseparable
130270,222949,inseparable
130270,222950,inseparable
130270,222951,inseparable
130270,222952,inseparable
130270,222953,inseparable
130270,222954,inseparable
130270,222955,inseparable
130270,222956,inseparable
130270,222957,inseparable
130270,222958,inseparable
130270,222959,inseparable
130270,222960,inseparable
130270,222961,inseparable
130270,222962,inseparable
130270,222963,inseparable
130270,222964,inseparable
130270,222965,inseparable
130270,222966,inseparable
130270,222967,inseparable
130270,222968,inseparable
130270,222969,inseparable
130270,222970,inseparable
130270,222971,inseparable
130270,222972,inseparable
130270,222973,inseparable
130270,222974,inseparable
130270,222975,inseparable
130270,222976,inseparable
130270,222977,inseparable
130270,222978,inseparable
130270,222979,inseparable
130270,222980,inseparable
130270,222981,inseparable
130428,144464,inseparable
130728,43820,separable
130749,1289,separable
130750,43780,separable
130750,150138,separable
130750,150139,separable
130750,150140,separable
130844,130845,inseparable
130850,130851,inseparable
130878,130879,inseparable
130885,137121,separable
130885,137122,separable
130885,137123,separable
130885,137124,separable
130885,137125,separable
130885,137126,separable
130885,137127,separable
130885,137128,separable
130885,137129,separable
130885,137130,separable
130885,137131,separable
130885,137132,separable
130885,137134,separable
130885,137135,separable
130885,137136,separable
130885,137137,separable
130959,130960,inseparable
130962,130963,inseparable
130985,130986,inseparable
130985,130987,inseparable
130985,130988,inseparable
130985,130989,inseparable
130985,130990,inseparable
130985,130991,inseparable
130985,130992,inseparable
130985,130993,inseparable
130985,130994,inseparable
130985,130995,inseparable
130985,130996,inseparable
130985,130997,inseparable
130998,130999,inseparable
130998,131000,inseparable
130998,131001,inseparable
131015,131016,inseparable
131089,131090,inseparable
131091,131092,inseparable
131140,131141,inseparable
131147,133882,separable
131147,133883,separable
131147,133884,separable
131147,133885,separable
131147,133886,separable
131147,133887,separable
131147,133888,separable
131147,133889,separable
131147,133890,separable
131147,133891,separable
131147,133892,separable
131147,133893,separable
131147,133894,separable
131147,133895,separable
131147,133896,separable
131147,133897,separable
131147,133898,separable
131147,133899,separable
131147,133900,separable
131147,133901,separable
131147,133902,separable
131147,133903,separable
131147,133904,separable
131275,131276,inseparable
131277,131278,inseparable
131279,131280,inseparable
131298,129812,separable
131344,132334,separable
131344,132335,separable
131344,132336,separable
131344,132337,separable
131344,132338,separable
131344,132339,separable
131344,132340,separable
131344,132341,separable
131344,132342,separable
131344,132343,separable
131344,132344,separable
131344,132345,separable
131344,132346,separable
131344,132347,separable
131344,132348,separable
131344,132349,separable
131344,132350,separable
131344,132351,separable
131344,132352,separable
131344,132353,separable
131344,132354,separable
131344,132355,separable
131344,132356,separable
131344,132357,separable
131344,132358,separable
131344,132359,separable
131344,132360,separable
131344,132361,separable
131362,144452,inseparable
131364,131365,inseparable
131364,131366,inseparable
131364,131367,inseparable
131364,131368,inseparable
131364,131369,inseparable
131364,131370,inseparable
131364,131371,inseparable
131364,131372,inseparable
131364,131373,inseparable
131364,131374,inseparable
131364,131375,inseparable
131364,131376,inseparable
131364,131377,inseparable
131364,131378,inseparable
131364,131379,inseparable
131364,131380,inseparable
131364,131381,inseparable
131364,131382,inseparable
131384,219613,inseparable
131384,219614,inseparable
131384,219615,inseparable
131384,219616,inseparable
131384,219617,inseparable
131384,219618,inseparable
131384,219619,inseparable
131384,219620,inseparable
131384,219621,inseparable
131384,219622,inseparable
131384,219623,inseparable
131384,219624,inseparable
131384,219625,inseparable
131384,219626,inseparable
131384,219627,inseparable
131384,219628,inseparable
131384,219629,inseparable
131384,219630,inseparable
131384,219631,inseparable
131384,219632,inseparable
131384,219633,inseparable
131384,219634,inseparable
131384,219635,inseparable
131384,219636,inseparable
131384,219637,inseparable
131384,219638,inseparable
131384,219639,inseparable
131384,219640,inseparable
131384,219641,inseparable
131384,219642,inseparable
131384,219643,inseparable
131384,219644,inseparable
131384,219645,inseparable
131384,219646,inseparable
131384,219647,inseparable
131384,219648,inseparable
131384,219649,inseparable
131384,219650,inseparable
131384,219651,inseparable
131384,219652,inseparable
131384,219653,inseparable
131384,219654,inseparable
131384,219655,inseparable
131384,219656,inseparable
131384,219657,inseparable
131384,219658,inseparable
131384,219659,inseparable
131384,219660,inseparable
131384,219661,inseparable
131384,219662,inseparable
131384,219663,inseparable
131384,219664,inseparable
131384,219665,inseparable
131384,219666,inseparable
131384,219667,inseparable
131384,219668,inseparable
131384,219669,inseparable
131384,219670,inseparable
131442,131443,inseparable
131442,131444,inseparable
131442,131445,inseparable
131442,131446,inseparable
131495,131496,separable
131495,131497,separable
131495,131498,separable
131513,131514,inseparable
131538,133454,separable
131538,133455,separable
131538,133456,separable
131538,133457,separable
131538,133458,separable
131538,133459,separable
131538,133460,separable
131538,133461,separable
131538,133462,separable
131538,133463,separable
131538,133464,separable
131538,133465,separable
131538,133466,separable
131538,133467,separable
131538,133468,separable
131538,133469,separable
131538,133470,separable
131538,133471,separable
131538,133472,separable
131538,133473,separable
131768,132988,separable
131768,132989,separable
131768,132990,separable
131768,132991,separable
131768,132992,separable
131768,132993,separable
131768,132994,separable
131768,132995,separable
131768,132996,separable
131768,132997,separable
131768,132998,separable
131768,132999,separable
131768,133000,separable
131768,133001,separable
131768,133002,separable
131768,133003,separable
131768,133004,separable
131768,133005,separable
131768,133006,separable
131768,133007,separable
131768,133008,separable
131768,133009,separable
131768,133010,separable
131768,133011,separable
131768,133012,separable
131768,133013,separable
131768,133014,separable
131768,133015,separable
131768,133016,separable
131768,133017,separable
131768,133018,separable
131768,133019,separable
131768,133020,separable
131768,133021,separable
131845,132312,separable
131845,132313,separable
131845,132314,separable
131845,132315,separable
131845,132316,separable
131845,132317,separable
131845,132318,separable
131845,132319,separable
131875,131876,inseparable
132010,132011,inseparable
132532,209296,inseparable
132538,132539,inseparable
132586,132587,separable
132586,132588,separable
132586,132589,separable
132586,132590,separable
132586,132591,separable
132586,132592,separable
132586,132593,separable
132586,132594,separable
132586,132595,separable
132586,219073,separable
132676,219524,inseparable
132690,219525,inseparable
132714,219533,inseparable
132823,144410,inseparable
132946,198553,inseparable
132946,198555,inseparable
132946,198556,inseparable
132946,198557,inseparable
132946,198558,inseparable
132946,198559,inseparable
132946,198560,inseparable
132946,198561,inseparable
132946,198562,inseparable
132946,198563,inseparable
132946,198564,inseparable
132946,198565,inseparable
132946,198566,inseparable
132946,198567,inseparable
132946,198568,inseparable
132946,198569,inseparable
132946,198570,inseparable
132946,198571,inseparable
132946,198572,inseparable
132946,198573,inseparable
132946,198574,inseparable
132946,198575,inseparable
132946,198576,inseparable
132946,198577,inseparable
132946,198578,inseparable
132981,134226,separable
132981,134228,separable
132981,134229,separable
132981,134230,separable
133026,133027,inseparable
133028,133029,inseparable
133054,133055,inseparable
133112,138916,separable
133112,138959,separable
133112,138960,separable
133112,138961,separable
133112,138962,separable
133112,138963,separable
133112,138964,separable
133112,138965,separable
133112,138966,separable
133112,138967,separable
133112,138968,separable
133511,119698,separable
133587,144532,inseparable
133596,144531,inseparable
133605,144534,inseparable
133606,144536,inseparable
133608,144537,inseparable
133609,144541,inseparable
133612,144522,inseparable
133615,144521,inseparable
133617,144524,inseparable
133618,144525,inseparable
133619,144544,inseparable
133621,144542,inseparable
133623,144533,inseparable
133625,144526,inseparable
133627,149596,inseparable
133628,144543,inseparable
133631,144528,inseparable
133632,144523,inseparable
133633,144548,inseparable
133648,144529,inseparable
133650,144527,inseparable
133651,144539,inseparable
133653,144547,inseparable
133657,144546,inseparable
133673,144530,inseparable
133678,133679,separable
133678,133680,separable
133678,133681,separable
133678,133682,separable
133678,133683,separable
133708,144545,inseparable
133728,133729,inseparable
133752,133753,inseparable
133759,128570,separable
133759,132308,separable
133759,132309,separable
133759,132310,separable
133869,133864,separable
133869,133865,separable
133869,133866,separable
133869,133867,separable
133869,133868,separable
133912,133913,inseparable
133974,133975,inseparable
134063,134064,inseparable
134123,133354,separable
134123,134124,separable
134123,134126,separable
134123,134127,separable
134123,134128,separable
134123,134129,separable
134123,134130,separable
134123,134131,separable
134123,134132,separable
134123,134133,separable
134123,134134,separable
134123,134135,separable
134123,134136,separable
134123,134137,separable
134123,134138,separable
134123,134139,separable
134123,134140,separable
134123,134141,separable
134123,134142,separable
134123,134143,separable
134123,134144,separable
134123,134145,separable
134123,134146,separable
134123,134147,separable
134155,134411,separable
134155,134412,separable
134155,134413,separable
134155,134414,separable
134155,134415,separable
134155,134416,separable
134155,134417,separable
134155,134418,separable
134155,134419,separable
134155,134420,separable
134155,134421,separable
134155,134422,separable
134155,134423,separable
134202,138917,separable
134202,138918,separable
134209,135445,separable
134209,135446,separable
134209,135447,separable
134209,135448,separable
134209,135449,separable
134209,135450,separable
134209,135451,separable
134209,135452,separable
134209,135453,separable
134209,135454,separable
134210,144535,inseparable
134272,134273,inseparable
134284,134285,inseparable
134335,134336,inseparable
134395,134396,inseparable
134397,134398,inseparable
134399,134400,inseparable
134401,134402,inseparable
134403,134404,inseparable
134405,133912,separable
134405,134395,separable
134405,134397,separable
134405,134399,separable
134405,134401,separable
135408,125899,separable
135408,134810,separable
135408,135409,separable
135408,135410,separable
135408,135411,separable
135408,135412,separable
135413,135414,inseparable
135456,111636,separable
135456,158700,separable
135456,158701,separable
135456,158702,separable
135456,158703,separable
135456,158704,separable
135456,158705,separable
135456,158706,separable
135456,158707,separable
135456,158708,separable
135456,158709,separable
135456,158710,separable
135456,158711,separable
135456,158712,separable
135456,158713,separable
135456,158714,separable
135456,158715,separable
135456,158716,separable
135456,158717,separable
135456,158718,separable
135456,158719,separable
135456,158720,separable
135456,158721,separable
135456,158722,separable
135640,135641,inseparable
135656,139138,separable
135656,139139,separable
135656,139140,separable
135656,139141,separable
135656,139142,separable
135656,139143,separable
135987,135988,inseparable
136153,136154,inseparable
136298,225669,separable
136298,225670,separable
136298,225671,separable
136298,225672,separable
136298,225673,separable
136298,225674,separable
136298,225675,separable
136298,225676,separable
136298,225677,separable
136298,225678,separable
136298,225679,separable
136298,225680,separable
136298,225681,separable
136298,225682,separable
136298,225683,separable
136298,225684,separable
136298,225685,separable
136298,225686,separable
136298,225687,separable
136298,225688,separable
136298,225689,separable
136298,225690,separable
136298,225691,separable
136298,225692,separable
136298,225693,separable
136298,225694,separable
136298,225695,separable
136298,225696,separable
136298,225697,separable
136298,225698,separable
136298,225699,separable
136298,225700,separable
136298,225701,separable
136298,225702,separable
136298,225703,separable
136298,225704,separable
136298,225705,separable
136298,225706,separable
136298,225707,separable
136298,225708,separable
136298,225709,separable
136298,225710,separable
136298,225711,separable
136298,225712,separable
136298,225713,separable
136298,225714,separable
136298,225715,separable
136298,225716,separable
136298,225717,separable
136298,225718,separable
136298,225719,separable
136298,225720,separable
136298,225721,separable
136298,225722,separable
136298,225723,separable
136298,225724,separable
136298,225725,separable
136298,225726,separable
136298,225727,separable
136298,225728,separable
136298,225729,separable
136298,225730,separable
136298,225731,separable
136298,225732,separable
136298,225733,separable
136298,225734,separable
136298,225735,separable
136298,225736,separable
136298,225737,separable
136298,225738,separable
136298,225739,separable
136298,225740,separable
136298,225741,separable
136298,225742,separable
136298,225743,separable
136298,225744,separable
136298,225745,separable
136298,225746,separable
136298,225747,separable
136298,225748,separable
136298,225749,separable
136298,225750,separable
136298,225751,separable
136298,225752,separable
136298,225753,separable
136298,225754,separable
136298,225755,separable
136298,225756,separable
136298,225757,separable
136298,225758,separable
136298,225759,separable
136298,225760,separable
136298,225761,separable
136298,225762,separable
136298,225763,separable
136298,225764,separable
136298,225765,separable
136298,225766,separable
136298,225767,separable
136298,225768,separable
136298,225769,separable
136298,225770,separable
136298,225771,separable
136298,225772,separable
136298,225773,separable
136298,225774,separable
136298,225775,separable
136298,225776,separable
136298,225777,separable
136298,225778,separable
136298,225779,separable
136298,225780,separable
136298,225781,separable
136298,225782,separable
136298,225783,separable
136298,225784,separable
136298,225785,separable
136298,225786,separable
136298,225787,separable
136298,225788,separable
136626,152432,separable
136722,138541,separable
136722,138542,separable
136722,138543,separable
136722,138544,separable
136722,138545,separable
136722,138546,separable
136722,138547,separable
136722,138548,separable
136722,138549,separable
136723,138828,separable
136723,138829,separable
136723,138830,separable
136723,138831,separable
136723,138832,separable
136723,138833,separable
136724,138834,separable
136724,138835,separable
136724,138836,separable
136724,138837,separable
136724,138838,separable
136724,138844,separable
136724,138845,separable
136725,138839,separable
136725,138840,separable
136725,138853,separable
136725,138854,separable
136725,138855,separable
136725,138856,separable
136725,138857,separable
136725,138858,separable
136725,138859,separable
136725,138860,separable
136725,138861,separable
136725,138862,separable
136725,138863,separable
136725,138864,separable
136725,138865,separable
136725,138866,separable
136725,138867,separable
136725,138868,separable
136725,138869,separable
136725,138870,separable
136725,138871,separable
136725,138872,separable
136725,138873,separable
136725,138874,separable
136725,138875,separable
136725,138876,separable
136726,138686,separable
136726,138687,separable
136726,138688,separable
136726,138689,separable
136726,138690,separable
136726,138691,separable
136726,138692,separable
136962,137515,separable
136962,137516,separable
136962,137517,separable
137057,138673,separable
137133,133817,separable
137133,133818,separable
137133,133819,separable
137133,133820,separable
137133,133821,separable
137133,133822,separable
137133,133823,separable
137133,133824,separable
137184,64981,separable
137186,138601,separable
137186,138602,separable
137186,138603,separable
137186,138604,separable
137186,138608,separable
137186,138609,separable
137186,138610,separable
137186,138611,separable
137186,138612,separable
137186,138614,separable
137186,138617,separable
137186,138618,separable
137186,138619,separable
137186,138620,separable
137186,138621,separable
137186,138622,separable
137186,138623,separable
137186,138624,separable
137186,138625,separable
137186,138626,separable
137186,138627,separable
137186,138628,separable
137186,138629,separable
137186,138630,separable
137186,138639,separable
137386,136783,separable
137386,137309,separable
137386,137310,separable
137386,137311,separable
137386,137312,separable
137386,137313,separable
137386,137314,separable
137386,137315,separable
137386,137316,separable
137896,138931,separable
137896,138932,separable
137896,138933,separable
137897,138934,separable
137897,138935,separable
137897,138936,separable
137897,138937,separable
137897,138938,separable
137897,138939,separable
137923,138816,separable
138323,152352,inseparable
138344,160557,inseparable
138563,138564,inseparable
138585,138586,inseparable
138587,138588,inseparable
138593,139687,separable
138593,139688,separable
138593,139689,separable
138593,139690,separable
138593,139691,separable
138593,139692,separable
138647,138648,inseparable
138659,138660,inseparable
138661,138662,separable
138661,138663,separable
138661,138664,separable
138661,138665,separable
138661,138666,separable
138670,137056,separable
138702,136727,separable
138702,138694,separable
138702,138695,separable
138702,138696,separable
138702,138697,separable
138702,138698,separable
138702,138699,separable
138702,138700,separable
138702,138701,separable
138776,139616,separable
138778,152673,separable
138778,152674,separable
138778,152675,separable
138778,152676,separable
138778,152677,separable
138778,152678,separable
138778,152679,separable
138778,152680,separable
138778,152681,separable
138778,152682,separable
138786,142971,inseparable
138906,136323,separable
138906,136324,separable
138906,136325,separable
138906,136326,separable
138906,136327,separable
138906,136328,separable
138906,136329,separable
138906,136330,separable
138906,136331,separable
139087,140036,separable
139087,140038,separable
139087,140040,separable
139087,140042,separable
139087,140044,separable
139087,140046,separable
139087,140231,separable
139087,140233,separable
139087,140235,separable
139087,140237,separable
139087,140239,separable
139087,140241,separable
139087,140243,separable
139087,140245,separable
139087,140247,separable
139087,140249,separable
139087,140251,separable
139087,140253,separable
139087,140255,separable
139087,140257,separable
139087,154563,inseparable
139096,159751,inseparable
139099,159752,inseparable
139104,139105,inseparable
139133,144646,inseparable
139215,144648,inseparable
139265,139266,inseparable
139284,144647,inseparable
139290,159867,inseparable
139301,139302,inseparable
139317,159865,inseparable
139327,144649,inseparable
139337,159866,inseparable
139392,139393,inseparable
139416,139417,separable
139416,139418,separable
139416,139419,separable
139416,139420,separable
139546,143115,separable
139546,143116,separable
139546,143117,separable
139546,143118,separable
139546,143119,separable
139546,143120,separable
139546,143121,separable
139546,143122,separable
139546,143123,separable
139549,139773,separable
139549,139774,separable
139549,139775,separable
139549,139776,separable
139549,139777,separable
139549,139778,separable
139549,139779,separable
139549,139780,separable
139549,139781,separable
139549,139782,separable
139549,139783,separable
139549,139785,separable
139549,139786,separable
139549,139787,separable
139549,139788,separable
139549,139789,separable
139549,139790,separable
139549,139791,separable
139549,139792,separable
139549,139793,separable
139549,139794,separable
139549,139795,separable
139549,139796,separable
139549,139797,separable
139549,139799,separable
139549,139800,separable
139549,139801,separable
139549,139805,separable
139549,139810,separable
139549,139811,separable
139549,139812,separable
139549,139813,separable
139549,139814,separable
139549,139820,separable
139549,139821,separable
139549,139822,separable
139549,139823,separable
139549,139825,separable
139549,139826,separable
139549,139827,separable
139549,139829,separable
139549,139830,separable
139549,139831,separable
139549,139832,separable
139549,139833,separable
139549,139834,separable
139549,139835,separable
139549,139836,separable
139549,139837,separable
139549,139838,separable
139549,139839,separable
139549,139840,separable
139608,137114,separable
139608,139599,separable
139608,139600,separable
139608,139601,separable
139608,139602,separable
139608,139603,separable
139608,139604,separable
139608,139605,separable
139608,139606,separable
139608,139607,separable
139684,230967,separable
139684,230968,separable
139684,230969,separable
139684,230970,separable
139684,230971,separable
139703,143499,inseparable
139704,143500,inseparable
139705,143501,inseparable
139706,143502,inseparable
139707,143503,inseparable
139708,143504,inseparable
139709,143505,inseparable
139710,143506,inseparable
139894,154252,separable
139894,154253,separable
139894,154254,separable
139894,154255,separable
139894,154256,separable
139894,154257,separable
139894,154258,separable
139894,154259,separable
139894,154260,separable
139894,154261,separable
139894,154262,separable
139894,154263,separable
139894,154264,separable
139894,154265,separable
139894,154266,separable
139894,154267,separable
139894,154268,separable
139894,154269,separable
139894,154270,separable
139894,154271,separable
139894,154272,separable
139894,154273,separable
139894,154274,separable
139894,154275,separable
139898,149529,inseparable
139924,139925,separable
139948,159840,separable
139948,159841,separable
139948,159842,separable
139948,159843,separable
139948,159844,separable
139948,159845,separable
139948,159846,separable
139948,159847,separable
139948,159848,separable
139948,159849,separable
139948,159850,separable
139948,159851,separable
139948,159852,separable
139948,159853,separable
139948,159854,separable
139948,159855,separable
139948,159856,separable
139948,159857,separable
139948,159858,separable
139948,159859,separable
139948,159860,separable
139948,159861,separable
139948,159862,separable
139948,159863,separable
139948,159864,separable
139950,142071,separable
139950,142072,separable
139950,142073,separable
139950,142074,separable
139950,142075,separable
139950,142076,separable
139950,142077,separable
139950,142092,separable
139990,138914,separable
139990,139955,separable
139990,139956,separable
139990,139957,separable
139990,139958,separable
139990,139959,separable
139990,139960,separable
139990,139961,separable
139990,139962,separable
139990,139963,separable
139990,139964,separable
139990,139965,separable
139990,139966,separable
139990,139967,separable
139990,139968,separable
139990,139969,separable
139990,139970,separable
139990,139971,separable
139990,139972,separable
139990,139973,separable
139990,139974,separable
139990,139975,separable
139990,139976,separable
139990,139977,separable
139990,139978,separable
139990,139979,separable
139990,139980,separable
139990,139981,separable
139990,139982,separable
139990,139983,separable
139990,139984,separable
139990,139985,separable
139990,139986,separable
139990,139987,separable
139990,139988,separable
139990,139989,separable
140003,214217,separable
140003,214221,separable
140003,214222,separable
140003,214223,separable
140003,214224,separable
140003,214226,separable
140003,214229,separable
140003,214233,separable
140003,214236,separable
140003,214239,separable
140003,214242,separable
140003,221076,separable
140003,221078,separable
140003,221080,separable
140003,221083,separable
140036,140232,inseparable
140038,140236,inseparable
140040,140240,inseparable
140042,140244,inseparable
140044,140248,inseparable
140046,140254,inseparable
140077,143507,inseparable
140078,8691,separable
140078,8692,separable
140078,8693,separable
140078,8694,separable
140078,8695,separable
140078,8696,separable
140079,138712,separable
140079,139851,separable
140079,139852,separable
140079,139853,separable
140079,139854,separable
140079,139855,separable
140079,139856,separable
140079,139857,separable
140079,139858,separable
140079,139859,separable
140079,139860,separable
140079,139861,separable
140079,139862,separable
140079,139863,separable
140079,139864,separable
140079,139865,separable
140079,139866,separable
140079,139867,separable
140079,139868,separable
140079,139869,separable
140079,139870,separable
140079,139871,separable
140079,139872,separable
140079,139873,separable
140079,139874,separable
140079,139875,separable
140079,139876,separable
140079,139877,separable
140079,139878,separable
140079,139879,separable
140079,139880,separable
140079,139881,separable
140079,140075,separable
140105,143508,inseparable
140107,143510,inseparable
140231,140035,inseparable
140233,140234,inseparable
140235,140037,inseparable
140237,140238,inseparable
140239,140039,inseparable
140241,140242,inseparable
140243,140041,inseparable
140245,140246,inseparable
140247,140043,inseparable
140249,140250,inseparable
140251,140252,inseparable
140253,140045,inseparable
140255,140256,inseparable
140325,210751,separable
140325,210752,separable
140325,210753,separable
140325,210754,separable
140325,210755,separable
140325,210756,separable
140325,210757,separable
140325,210758,separable
140325,210759,separable
140325,210760,separable
140325,210761,separable
140325,210762,separable
140325,210763,separable
140325,210764,separable
140328,141426,separable
140586,220545,inseparable
140586,220546,inseparable
140586,220547,inseparable
140586,220548,inseparable
140586,220549,inseparable
140586,220550,inseparable
140586,220551,inseparable
140586,220552,inseparable
140586,220553,inseparable
140586,220554,inseparable
140586,220555,inseparable
140586,220556,inseparable
140586,220557,inseparable
140586,220558,inseparable
140586,220559,inseparable
140586,220560,inseparable
140625,91873,separable
140625,91874,separable
140625,91875,separable
140625,91876,separable
140625,91877,separable
140625,91878,separable
140625,91879,separable
140625,91880,separable
140625,91881,separable
140625,91882,separable
140625,91883,separable
140625,91884,separable
140625,91885,separable
140625,91886,separable
140625,91887,separable
140625,91888,separable
140740,144309,inseparable
140741,144314,inseparable
140742,144316,inseparable
140743,144317,inseparable
140744,144319,inseparable
140745,144320,inseparable
140746,144321,inseparable
140747,144322,inseparable
140748,144323,inseparable
140749,144324,inseparable
140750,144325,inseparable
140751,144326,inseparable
140752,144327,inseparable
140753,144328,inseparable
140754,144329,inseparable
140755,144330,inseparable
140756,144331,inseparable
140757,144332,inseparable
140758,144333,inseparable
140759,144334,inseparable
140760,144335,inseparable
141006,149564,inseparable
141014,143509,inseparable
141215,142348,separable
141215,142349,separable
141215,142350,separable
141215,142351,separable
141215,142352,separable
141215,142353,separable
141215,142354,separable
141215,142355,separable
141215,142356,separable
141215,142357,separable
141215,142358,separable
141215,142359,separable
141215,142360,separable
141215,142361,separable
141215,142362,separable
141215,142363,separable
141472,225521,inseparable
141472,225522,inseparable
141472,225523,inseparable
141472,225524,inseparable
141472,225525,inseparable
141472,225526,inseparable
141472,225527,inseparable
141472,225528,inseparable
141472,225529,inseparable
141472,225530,inseparable
141472,225531,inseparable
141472,225532,inseparable
141579,120702,separable
141579,120703,separable
141580,120700,separable
141580,120701,separable
141587,150933,separable
141587,150934,separable
141591,120784,separable
141591,120785,separable
141597,141595,separable
141597,141596,separable
141597,144748,separable
141598,120714,separable
141598,120715,separable
141599,120708,separable
141599,120709,separable
141600,120706,separable
141600,120707,separable
141601,120704,separable
141601,120705,separable
141602,120712,separable
141602,120713,separable
141603,120710,separable
141603,120711,separable
141607,120691,separable
141607,120692,separable
141612,120716,separable
141612,120717,separable
141845,216276,inseparable
142020,144639,separable
142020,144640,separable
142020,144641,separable
142020,144642,separable
142020,144643,separable
142020,144644,separable
142020,144645,separable
142079,150308,separable
142079,150309,separable
142079,150314,separable
142079,150315,separable
142079,150316,separable
142079,150317,separable
142079,150318,separable
142079,150319,separable
142079,150320,separable
142079,150321,separable
142079,150322,separable
142079,150323,separable
142534,163730,inseparable
142535,163738,inseparable
142536,163739,inseparable
142537,210086,inseparable
142573,208255,inseparable
142851,210087,inseparable
142854,210459,inseparable
142946,149642,inseparable
142950,152259,separable
142950,152260,separable
142950,152261,separable
142950,152262,separable
142950,152263,separable
142950,152264,separable
142950,152265,separable
142950,152266,separable
142950,152267,separable
142950,152268,separable
142950,152269,separable
142961,150974,inseparable
142961,150975,inseparable
142961,150976,inseparable
142961,150977,inseparable
142961,150978,inseparable
142961,150979,inseparable
142961,150980,inseparable
142961,150981,inseparable
142961,150982,inseparable
142961,150983,inseparable
142961,150984,inseparable
142961,150985,inseparable
142961,150986,inseparable
142961,150987,inseparable
142961,150988,inseparable
142961,150989,inseparable
142961,150990,inseparable
142961,150991,inseparable
142961,150992,inseparable
142961,150993,inseparable
142961,150994,inseparable
142961,150995,inseparable
142961,150996,inseparable
142961,150997,inseparable
142961,150998,inseparable
142961,150999,inseparable
142961,151000,inseparable
142961,151001,inseparable
142961,151002,inseparable
142961,151003,inseparable
142961,151004,inseparable
142961,151005,inseparable
142961,151006,inseparable
142961,151007,inseparable
142961,151008,inseparable
142961,151009,inseparable
142961,151010,inseparable
142961,151011,inseparable
142961,151012,inseparable
142961,151013,inseparable
142961,151014,inseparable
142961,151015,inseparable
142961,151016,inseparable
142961,151017,inseparable
142961,151018,inseparable
142961,151019,inseparable
142961,151020,inseparable
142961,151021,inseparable
143124,143125,inseparable
143258,143265,separable
143258,143266,separable
143258,143267,separable
143258,143268,separable
143258,143478,separable
143258,143479,separable
143258,143480,separable
143258,143481,separable
143258,143482,separable
143258,143483,separable
143305,143306,separable
143305,143307,separable
143305,143308,separable
143305,143309,separable
143305,143310,separable
143305,143311,separable
143305,143312,separable
143305,143313,separable
143305,143314,separable
143316,143317,separable
143316,143318,separable
143316,143319,separable
143316,143320,separable
143316,143321,separable
143316,143322,separable
143316,143323,separable
143316,143324,separable
143316,143325,separable
143316,143326,separable
143316,143327,separable
143316,143328,separable
143316,143329,separable
143316,143330,separable
143316,143331,separable
143316,143332,separable
143316,143333,separable
143316,143334,separable
143316,143335,separable
143316,143336,separable
143316,150850,separable
143430,155883,separable
143430,155884,separable
143430,155885,separable
143430,155886,separable
143430,155887,separable
143430,155888,separable
143430,155889,separable
143430,155890,separable
143430,155891,separable
143430,155892,separable
143430,155893,separable
143430,155894,separable
143430,155895,separable
143430,155896,separable
143430,155897,separable
143430,155898,separable
143450,143451,separable
143450,143452,separable
143450,143453,separable
143450,143454,separable
143450,143455,separable
143450,143456,separable
143450,143457,separable
143450,143458,separable
143450,143459,separable
143450,143460,separable
143639,151229,inseparable
143653,151236,inseparable
143654,151237,inseparable
143660,151227,inseparable
143664,151228,inseparable
143682,151239,inseparable
143700,151240,inseparable
143702,151241,inseparable
143710,151242,inseparable
143712,150306,inseparable
143760,151232,inseparable
143762,152253,inseparable
143762,152254,inseparable
143762,152255,inseparable
143762,152256,inseparable
143763,151233,inseparable
143774,152130,inseparable
143783,151230,inseparable
143792,151231,inseparable
143798,151234,inseparable
143802,151226,inseparable
143808,151235,inseparable
143842,151202,inseparable
143848,151238,inseparable
143927,144856,inseparable
143929,144857,inseparable
143930,150078,separable
143930,150079,separable
143930,150080,separable
143930,150081,separable
143930,150082,separable
143930,150083,separable
143930,150084,separable
143930,150085,separable
143930,150086,separable
143930,150087,separable
143930,150088,separable
143930,150089,separable
143930,150090,separable
143930,150091,separable
144237,144231,separable
144237,144232,separable
144237,144233,separable
144237,144234,separable
144237,144235,separable
144237,144236,separable
144237,144238,separable
144237,144239,separable
144582,150353,inseparable
144602,152358,separable
144602,152359,separable
144602,152360,separable
144602,152361,separable
144606,152368,separable
144606,152369,separable
144606,152370,separable
144606,152371,separable
144606,152372,separable
144606,152373,separable
144613,152362,separable
144613,152363,separable
144613,152364,separable
144613,152365,separable
144613,152366,separable
144613,152367,separable
144855,150368,inseparable
144935,144934,separable
144935,144936,separable
144935,144937,separable
144935,144938,separable
144935,144939,separable
144935,144940,separable
144935,144941,separable
144935,144942,separable
144935,144943,separable
144935,144944,separable
144946,144945,separable
144946,144947,separable
144946,144948,separable
144946,144949,separable
144946,144950,separable
144946,144951,separable
144946,144952,separable
144946,144953,separable
145142,145143,separable
145142,146821,separable
145142,146822,separable
145142,146823,separable
145142,146919,separable
145142,148976,separable
145142,151154,separable
145223,145222,separable
145223,145224,separable
145223,145225,separable
145223,145226,separable
145223,145227,separable
145223,145228,separable
145223,145229,separable
145223,145230,separable
145223,145231,separable
145223,145232,separable
145223,145233,separable
145223,145234,separable
145223,150805,separable
145288,152145,separable
145288,152146,separable
145288,152147,separable
145288,152148,separable
145288,152149,separable
145288,152150,separable
145288,152151,separable
145288,152152,separable
145288,152153,separable
145288,152154,separable
145288,152155,separable
145288,152156,separable
146354,146701,separable
146354,146702,separable
146354,146703,separable
146354,146704,separable
146354,146705,separable
146354,146706,separable
146354,146707,separable
146407,146408,separable
146407,146409,separable
146407,146410,separable
146407,146411,separable
146407,146412,separable
146407,146413,separable
146407,146414,separable
146407,146415,separable
146407,146416,separable
146407,146417,separable
146407,146418,separable
146407,146419,separable
146407,146420,separable
146507,152559,separable
146507,152560,separable
146507,152561,separable
146507,152562,separable
146507,152563,separable
146507,152564,separable
146507,152565,separable
146507,152566,separable
146507,152567,separable
146507,152568,separable
146507,152569,separable
146507,152570,separable
146507,152571,separable
146507,152572,separable
146507,152573,separable
146507,152574,separable
146507,152575,separable
146507,152576,separable
146507,152577,separable
146507,152578,separable
146507,152579,separable
146507,152580,separable
146507,152581,separable
146507,152582,separable
146507,152583,separable
146507,152584,separable
146507,152585,separable
146507,152586,separable
146507,152587,separable
146507,152588,separable
146507,152589,separable
146507,152590,separable
146507,152591,separable
146507,152592,separable
146507,152593,separable
146507,152594,separable
146507,152595,separable
146507,152596,separable
146507,152597,separable
146507,152598,separable
146550,146564,separable
146550,146565,separable
146550,146566,separable
146550,146567,separable
146550,146568,separable
146550,146569,separable
146550,146570,separable
146550,146571,separable
146561,146558,separable
146561,146559,separable
146561,146560,separable
146561,146685,separable
146561,146686,separable
146561,146687,separable
146561,146688,separable
146561,146689,separable
146561,146690,separable
146561,146691,separable
146561,146692,separable
146561,146693,separable
146561,146694,separable
146561,146695,separable
146561,146696,separable
146561,146697,separable
146563,147242,separable
146563,147243,separable
146563,147244,separable
146563,147245,separable
146563,147246,separable
146563,147247,separable
146563,147248,separable
146563,147249,separable
146563,147250,separable
146563,147251,separable
146563,147252,separable
146563,147253,separable
146563,147254,separable
146563,147255,separable
146563,147256,separable
146603,147655,separable
146603,147656,separable
146603,147657,separable
146603,147658,separable
146603,147659,separable
146603,147660,separable
146603,147661,separable
146603,147662,separable
146603,147663,separable
146603,147664,separable
146603,147665,separable
146603,147666,separable
146603,147667,separable
146603,147668,separable
146603,147669,separable
146603,147670,separable
146603,147671,separable
146603,147672,separable
146603,147673,separable
146603,147674,separable
146603,147675,separable
146603,147676,separable
146603,147677,separable
146603,147678,separable
146603,147679,separable
146603,147680,separable
146603,147681,separable
146603,147682,separable
146603,147683,separable
146603,147684,separable
146681,146677,separable
146681,146678,separable
146681,146679,separable
146681,146680,separable
146681,146682,separable
146681,146683,separable
146684,155544,separable
146684,155545,separable
146684,155546,separable
146684,155547,separable
146684,155548,separable
146684,155549,separable
146684,155550,separable
146684,155551,separable
146684,155552,separable
146684,155553,separable
146684,155554,separable
146684,155555,separable
146754,144926,separable
146754,144927,separable
146754,144928,separable
146754,144929,separable
146754,144930,separable
146754,144931,separable
147448,147449,separable
147448,147450,separable
147448,150798,separable
148232,150771,inseparable
148591,148592,separable
148591,148593,separable
148591,148594,separable
148591,148595,separable
148591,148596,separable
148591,148597,separable
149627,143511,separable
149627,144412,separable
149627,144413,separable
149627,144414,separable
149627,144415,separable
149627,144416,separable
149627,144417,separable
149627,144418,separable
149627,144419,separable
149627,144420,separable
149627,144421,separable
149627,144422,separable
149627,144423,separable
150369,144585,separable
150369,144586,separable
150369,144587,separable
150369,144588,separable
150369,144589,separable
150369,144590,separable
150369,144591,separable
150369,144592,separable
150369,144593,separable
150369,144594,separable
150369,144595,separable
150369,144596,separable
150369,144597,separable
150377,207122,inseparable
150377,207123,inseparable
150377,207124,inseparable
150377,207125,inseparable
150377,207126,inseparable
150377,207127,inseparable
150377,207128,inseparable
150377,207129,inseparable
150377,207130,inseparable
150377,207131,inseparable
150377,207132,inseparable
150377,207133,inseparable
150377,207134,inseparable
150380,152375,separable
150380,152376,separable
150380,152377,separable
150380,152378,separable
150380,152379,separable
150380,152380,separable
150380,152381,separable
150380,152382,separable
150380,152383,separable
150380,152384,separable
150380,152385,separable
150380,152386,separable
150380,152387,separable
150380,152388,separable
150380,152389,separable
150380,152390,separable
150380,152391,separable
150380,152392,separable
150380,152393,separable
150380,152394,separable
150380,152395,separable
150380,152396,separable
150380,152397,separable
150380,152398,separable
150380,152399,separable
150380,152400,separable
150380,152401,separable
150380,152402,separable
150380,152403,separable
150380,152404,separable
150380,152405,separable
150380,152406,separable
150380,152407,separable
150380,152408,separable
150380,152409,separable
150380,152410,separable
150380,152411,separable
150380,152412,separable
150380,152413,separable
150380,152414,separable
150380,152415,separable
150380,152416,separable
150380,152417,separable
150380,152418,separable
150380,152419,separable
150530,153449,inseparable
150530,153450,inseparable
150530,153451,inseparable
150530,153452,inseparable
150530,153453,inseparable
150530,153454,inseparable
150530,153455,inseparable
150530,153456,inseparable
150538,153411,separable
150538,153412,separable
150538,153413,separable
150538,153414,separable
150538,153415,separable
150564,153527,separable
150564,153528,separable
150564,153529,separable
150564,153530,separable
150564,153531,separable
150564,153532,separable
150564,153533,separable
150591,151158,inseparable
150650,153388,separable
150650,153389,separable
150650,153390,separable
150650,153391,separable
150650,153392,separable
150650,153393,separable
150650,153394,separable
150650,153395,separable
150650,153396,separable
150650,153397,separable
150690,153514,separable
150690,153515,separable
150690,153516,separable
150690,153517,separable
150817,157519,separable
150817,157520,separable
150817,157521,separable
150817,157522,separable
150817,157523,separable
150817,157524,separable
150817,157525,separable
150817,157527,separable
150849,144954,separable
150849,144955,separable
150849,144956,separable
150849,144957,separable
150917,147786,separable
150917,147787,separable
150917,147788,separable
150917,147789,separable
150917,147790,separable
150917,147791,separable
150917,147792,separable
150917,147793,separable
150917,148636,separable
150917,148992,separable
150917,149023,separable
150917,150916,separable
150919,146574,separable
150919,146575,separable
150919,146576,separable
150919,146577,separable
150919,146578,separable
150919,146579,separable
150919,146580,separable
150919,146581,separable
150919,146582,separable
150919,146583,separable
150919,146584,separable
150919,146585,separable
150919,146586,separable
150919,146587,separable
150919,146588,separable
150919,146589,separable
150919,146590,separable
150919,146591,separable
150919,146592,separable
150919,146593,separable
150919,146594,separable
150919,146595,separable
150919,146596,separable
150919,146597,separable
150919,146598,separable
150919,146599,separable
150919,146600,separable
150919,146601,separable
150919,146602,separable
150919,150118,separable
150919,150918,separable
151035,153862,inseparable
151044,163269,inseparable
151044,163270,inseparable
151044,163271,inseparable
151044,163272,inseparable
151044,163273,inseparable
151044,163274,inseparable
151044,163275,inseparable
151044,163276,inseparable
151044,163277,inseparable
151044,163278,inseparable
151044,163279,inseparable
151044,163280,inseparable
151051,153361,inseparable
151356,156187,separable
151356,156188,separable
151356,156189,separable
151356,156190,separable
151356,156191,separable
151356,156192,separable
151356,156193,separable
151356,156194,separable
151356,156195,separable
151356,156196,separable
151356,156197,separable
151356,156198,separable
151356,156199,separable
152247,145615,separable
152247,145616,separable
152247,145617,separable
152247,145618,separable
152247,145619,separable
152247,145620,separable
152247,145621,separable
152247,145622,separable
152247,145623,separable
152247,145624,separable
152247,145625,separable
152247,145626,separable
152247,145627,separable
152247,145628,separable
152247,145629,separable
152271,143235,separable
152271,145470,separable
152271,145471,separable
152271,145472,separable
152271,145473,separable
152271,145474,separable
152271,145475,separable
152271,145476,separable
152271,145477,separable
152271,145478,separable
152271,145479,separable
152271,145480,separable
152271,145481,separable
152271,145482,separable
152271,145483,separable
152271,145484,separable
152496,154127,separable
152496,154128,separable
152496,154129,separable
152496,154130,separable
152496,154131,separable
152496,154132,separable
152496,154133,separable
152496,154134,separable
152496,154135,separable
152496,154136,separable
152496,154137,separable
152496,154138,separable
152496,154139,separable
152496,154140,separable
152496,154141,separable
152496,154142,separable
152496,154143,separable
152496,154144,separable
152496,154145,separable
152496,154146,separable
152496,154147,separable
152694,144905,separable
152694,152686,separable
152694,152687,separable
152694,152688,separable
152694,152689,separable
152694,152690,separable
152694,152691,separable
152694,152692,separable
152694,152693,separable
152908,147685,separable
152908,147686,separable
152908,147687,separable
152908,147688,separable
152908,147689,separable
152908,147690,separable
152908,147691,separable
152908,147692,separable
152908,147693,separable
152908,147694,separable
152908,147695,separable
152908,147696,separable
152908,147697,separable
152908,147698,separable
152908,147699,separable
152908,147700,separable
152908,147701,separable
152908,147702,separable
152908,147703,separable
152908,147704,separable
152908,147705,separable
152908,147706,separable
152908,147707,separable
152908,147708,separable
152908,147709,separable
152908,147710,separable
152908,147711,separable
152908,147712,separable
152908,147713,separable
152908,147714,separable
153112,136777,separable
153112,150703,separable
153112,150704,separable
153112,150705,separable
153112,150706,separable
153112,150707,separable
153112,150708,separable
153112,150709,separable
153112,150710,separable
153112,150711,separable
153112,150712,separable
153112,150713,separable
153112,150714,separable
153112,150715,separable
153112,150716,separable
153113,136776,separable
153113,150717,separable
153113,150718,separable
153113,150719,separable
153113,150720,separable
153113,150721,separable
153113,150722,separable
153113,150723,separable
153113,150724,separable
153113,150725,separable
153113,150726,separable
153113,150727,separable
153113,150728,separable
153113,150729,separable
153113,150730,separable
153114,136775,separable
153114,150731,separable
153114,150732,separable
153114,150733,separable
153114,150734,separable
153114,150735,separable
153114,150736,separable
153114,150737,separable
153114,150738,separable
153114,150739,separable
153114,150740,separable
153114,150741,separable
153114,150742,separable
153114,150743,separable
153114,150744,separable
153139,150480,separable
153139,150481,separable
153139,150482,separable
153139,150483,separable
153139,150484,separable
153139,150485,separable
153139,150486,separable
153139,150487,separable
153139,150488,separable
153139,150489,separable
153139,150490,separable
153139,150491,separable
153139,150492,separable
153139,150493,separable
153139,150494,separable
153139,150495,separable
153362,130266,separable
153362,153363,separable
153362,153364,separable
153593,160788,separable
153593,160789,separable
153593,160790,separable
153593,160791,separable
153593,160792,separable
153593,160793,separable
153593,160794,separable
153593,160795,separable
153593,160796,separable
153593,160797,separable
153646,225620,inseparable
153646,225621,inseparable
153646,225622,inseparable
153646,225623,inseparable
153646,225624,inseparable
153646,225625,inseparable
153646,225626,inseparable
153646,225627,inseparable
153646,225628,inseparable
153646,225629,inseparable
153646,225630,inseparable
153646,225631,inseparable
153821,163185,inseparable
153920,160842,inseparable
153974,157166,separable
153974,157167,separable
153974,157168,separable
153974,157169,separable
153974,157170,separable
153974,157171,separable
153974,157172,separable
153974,157173,separable
153974,157174,separable
154047,228028,inseparable
154047,228029,inseparable
154047,228030,inseparable
154047,228031,inseparable
154047,228032,inseparable
154047,228033,inseparable
154047,228034,inseparable
154047,228036,inseparable
154047,228037,inseparable
154047,228038,inseparable
154047,228039,inseparable
154047,228040,inseparable
154047,228041,inseparable
154050,162371,separable
154050,162372,separable
154050,162373,separable
154050,162374,separable
154050,162375,separable
154050,162376,separable
154107,159882,inseparable
154107,159883,inseparable
154107,159884,inseparable
154107,159885,inseparable
154107,159886,inseparable
154107,159887,inseparable
154107,159888,inseparable
154107,159889,inseparable
154107,159890,inseparable
154107,159891,inseparable
154107,159892,inseparable
154107,159893,inseparable
154231,227712,inseparable
154231,227713,inseparable
154231,227714,inseparable
154231,227715,inseparable
154231,227716,inseparable
154231,227717,inseparable
154231,227718,inseparable
154231,227719,inseparable
154231,227720,inseparable
154231,227721,inseparable
154231,227722,inseparable
154231,227723,inseparable
154231,227724,inseparable
154231,227725,inseparable
154231,227726,inseparable
154231,227727,inseparable
154231,227728,inseparable
154231,227729,inseparable
154231,227730,inseparable
154231,227937,inseparable
154251,160975,inseparable
154251,160976,inseparable
154251,160977,inseparable
154251,160978,inseparable
154251,160979,inseparable
154251,160980,inseparable
154251,160981,inseparable
154251,160982,inseparable
154251,160983,inseparable
154251,160984,inseparable
154251,160985,inseparable
154251,160986,inseparable
154251,160987,inseparable
154251,160988,inseparable
154251,160989,inseparable
154251,160990,inseparable
154251,160991,inseparable
154251,160992,inseparable
154251,160993,inseparable
154251,160994,inseparable
154251,160995,inseparable
154251,160996,inseparable
154251,160997,inseparable
154251,160998,inseparable
154251,160999,inseparable
154251,161000,inseparable
154251,161001,inseparable
154251,161002,inseparable
154251,161003,inseparable
154251,161004,inseparable
154251,161005,inseparable
154251,161006,inseparable
154251,161007,inseparable
154251,161008,inseparable
154251,161009,inseparable
154251,161010,inseparable
154251,161011,inseparable
154251,161012,inseparable
154251,161013,inseparable
154251,161014,inseparable
154251,161015,inseparable
154251,161016,inseparable
154251,161017,inseparable
154251,161018,inseparable
154251,161019,inseparable
154251,161020,inseparable
154251,161021,inseparable
154251,161022,inseparable
154251,161023,inseparable
154277,160803,inseparable
154277,160804,inseparable
154277,160805,inseparable
154277,160806,inseparable
154277,160807,inseparable
154277,160808,inseparable
154277,160809,inseparable
154277,160810,inseparable
154277,160811,inseparable
154277,160812,inseparable
154277,160813,inseparable
154277,160971,inseparable
154278,162377,separable
154278,162378,separable
154278,162379,separable
154278,162380,separable
154278,162381,separable
154278,162382,separable
154279,162383,separable
154279,162384,separable
154279,162385,separable
154279,162386,separable
154279,162387,separable
154294,162883,separable
154294,162884,separable
154294,162885,separable
154294,162886,separable
154294,162887,separable
154294,162888,separable
154294,162889,separable
154294,162890,separable
154294,162891,separable
154295,162266,separable
154295,162267,separable
154295,162268,separable
154295,162269,separable
154295,162270,separable
154295,162271,separable
154295,162272,separable
154295,162273,separable
154295,162274,separable
154295,162275,separable
154517,159486,inseparable
154827,158060,inseparable
154910,157836,separable
154910,157837,separable
154911,156764,inseparable
155397,155476,separable
155397,155477,separable
155397,155478,separable
155397,155479,separable
155397,155480,separable
155397,155481,separable
155397,155482,separable
155397,155483,separable
155397,155484,separable
155397,155485,separable
155397,155486,separable
155397,155487,separable
155397,155488,separable
155397,155489,separable
155397,155490,separable
155397,155491,separable
155397,155492,separable
155397,155493,separable
155397,155494,separable
155397,155495,separable
155397,155496,separable
155397,155497,separable
155397,155498,separable
155397,155499,separable
155397,155500,separable
155397,155501,separable
155397,155502,separable
155397,155503,separable
155397,155504,separable
155397,155505,separable
155397,155506,separable
155397,155507,separable
155397,155508,separable
155397,155509,separable
155397,155510,separable
155397,155511,separable
155397,155512,separable
155397,155513,separable
155397,155514,separable
155397,155515,separable
155397,155516,separable
155397,155517,separable
155397,155518,separable
155397,155519,separable
155397,155520,separable
155397,155521,separable
155397,155556,separable
155430,158541,inseparable
155430,158542,inseparable
155430,158543,inseparable
155430,158544,inseparable
155430,158545,inseparable
155430,158546,inseparable
155430,158547,inseparable
155430,158548,inseparable
155430,158549,inseparable
155430,158550,inseparable
155430,158551,inseparable
155430,158552,inseparable
155430,158553,inseparable
155430,158554,inseparable
155430,158555,inseparable
155430,158556,inseparable
155430,158557,inseparable
155430,158558,inseparable
155430,158559,inseparable
155430,158560,inseparable
155430,158561,inseparable
155430,158562,inseparable
155430,158563,inseparable
155430,158564,inseparable
155430,158565,inseparable
155430,158566,inseparable
155430,158567,inseparable
155430,158568,inseparable
155430,158569,inseparable
156150,159164,inseparable
156150,159165,inseparable
156150,159166,inseparable
156188,156200,inseparable
156189,156201,inseparable
156190,156202,inseparable
156191,156203,inseparable
156192,156204,inseparable
156193,156205,inseparable
156194,156206,inseparable
156195,156207,inseparable
156195,156208,inseparable
156197,156209,inseparable
156199,156210,inseparable
156199,156211,inseparable
156199,156212,inseparable
156426,221015,inseparable
156455,164224,separable
156455,164225,separable
156455,164226,separable
156455,164227,separable
156584,158379,separable
156584,158380,separable
156584,158381,separable
156584,158382,separable
156584,158383,separable
156584,158384,separable
156584,158385,separable
156584,158386,separable
156584,158387,separable
156584,158388,separable
156584,158389,separable
156584,158390,separable
156584,158391,separable
156584,158392,separable
156584,158393,separable
156584,158394,separable
156584,158395,separable
156584,158396,separable
156584,158397,separable
156584,158398,separable
156584,158399,separable
156584,158400,separable
156584,158401,separable
157082,157129,separable
157082,157130,separable
157373,157374,separable
157373,157375,separable
157761,157775,inseparable
157768,157776,inseparable
157772,160558,inseparable
158114,159825,separable
158114,159826,separable
158114,159827,separable
158114,159828,separable
158114,159829,separable
158114,159830,separable
158114,159831,separable
158114,159832,separable
158114,159833,separable
158114,159834,separable
158114,159835,separable
158134,161932,separable
158134,161933,separable
158352,159584,separable
158352,159585,separable
158352,159586,separable
158352,159587,separable
158352,159588,separable
158352,159589,separable
158352,159590,separable
158352,159591,separable
158352,159592,separable
158352,159593,separable
158352,159594,separable
158352,159595,separable
158352,159596,separable
158352,159597,separable
158352,159598,separable
158352,159599,separable
158352,159600,separable
158352,159601,separable
158352,159602,separable
158352,159603,separable
158352,159604,separable
158352,159605,separable
158352,159606,separable
158352,159607,separable
158352,159608,separable
158501,160779,inseparable
158515,209776,inseparable
158515,209777,inseparable
158515,209778,inseparable
158515,209779,inseparable
158515,209780,inseparable
158515,209781,inseparable
158515,209782,inseparable
158515,209783,inseparable
158515,209784,inseparable
158515,209785,inseparable
158515,209786,inseparable
158515,209787,inseparable
158515,209788,inseparable
158515,209789,inseparable
158515,209790,inseparable
158515,209791,inseparable
158515,209792,inseparable
158515,209793,inseparable
158515,209794,inseparable
158515,209795,inseparable
158515,209796,inseparable
158515,209797,inseparable
158515,209798,inseparable
158515,209799,inseparable
158515,209800,inseparable
158515,209801,inseparable
158515,209802,inseparable
158515,209803,inseparable
158515,209804,inseparable
158515,209805,inseparable
158515,209806,inseparable
158515,209807,inseparable
158515,209808,inseparable
158515,209809,inseparable
158515,209810,inseparable
158515,209811,inseparable
158515,209812,inseparable
158515,209813,inseparable
158515,209814,inseparable
158515,209815,inseparable
158515,209816,inseparable
158515,209817,inseparable
158515,209818,inseparable
158515,209819,inseparable
158515,209820,inseparable
158515,209821,inseparable
158515,209822,inseparable
158515,209823,inseparable
158515,209824,inseparable
158515,209825,inseparable
158515,209826,inseparable
158515,209827,inseparable
158515,209828,inseparable
158515,209829,inseparable
158515,209830,inseparable
158515,209831,inseparable
158515,209832,inseparable
158515,209833,inseparable
158528,159917,inseparable
158611,161725,inseparable
158614,161726,inseparable
159075,205584,inseparable
159075,205585,inseparable
159075,205586,inseparable
159075,205587,inseparable
159075,205588,inseparable
159075,205589,inseparable
159075,205590,inseparable
159075,205591,inseparable
159075,205592,inseparable
159075,205593,inseparable
159075,205594,inseparable
159075,205595,inseparable
159075,205596,inseparable
159075,205597,inseparable
159075,205598,inseparable
159405,167940,inseparable
159409,167941,inseparable
159411,219429,inseparable
159411,219430,inseparable
159413,219431,inseparable
159413,219432,inseparable
159414,219433,inseparable
159417,167942,inseparable
159418,167943,inseparable
159424,167944,inseparable
159425,167945,inseparable
159429,167946,inseparable
159435,219440,inseparable
159438,219436,inseparable
159438,219437,inseparable
159442,219434,inseparable
159442,219435,inseparable
159444,219438,inseparable
159444,219439,inseparable
159673,165316,inseparable
159675,159676,separable
159675,159677,separable
159675,159678,separable
159675,159679,separable
159675,159680,separable
159675,159681,separable
159675,159682,separable
159675,159683,separable
159675,159684,separable
159675,206657,separable
160593,163860,separable
160593,163861,separable
160593,163862,separable
160593,163863,separable
160593,163864,separable
160593,163865,separable
160593,163866,separable
160593,163867,separable
160593,163868,separable
160593,163869,separable
160593,163870,separable
160593,163871,separable
160852,162048,inseparable
160853,162049,inseparable
160855,162050,inseparable
160856,162051,inseparable
160857,162052,inseparable
160858,162053,inseparable
160859,162054,inseparable
160861,162056,inseparable
160862,162057,inseparable
160863,162058,inseparable
160864,162059,inseparable
160973,163496,separable
160973,163497,separable
161688,161764,separable
162258,167203,separable
162258,167204,separable
162260,163850,inseparable
162306,165315,inseparable
162307,162867,inseparable
162863,219575,inseparable
162863,219576,inseparable
162978,163027,separable
162978,163034,separable
162978,163035,separable
162978,163036,separable
162978,163037,separable
162978,163038,separable
162978,163039,separable
162978,163040,separable
162978,163041,separable
162978,163042,separable
162978,163043,separable
162978,163044,separable
162978,163045,separable
162978,163046,separable
162978,163047,separable
162978,163051,separable
162978,163055,separable
162978,163057,separable
162978,163058,separable
162978,163065,separable
163094,163785,inseparable
163094,163786,inseparable
163094,163787,inseparable
163094,163788,inseparable
163094,163789,inseparable
163094,163790,inseparable
163094,163791,inseparable
163094,163792,inseparable
163094,163793,inseparable
163094,163794,inseparable
163094,163795,inseparable
163094,163796,inseparable
163094,163797,inseparable
163094,163798,inseparable
163094,163799,inseparable
163094,163800,inseparable
163094,163801,inseparable
163094,163802,inseparable
163094,163803,inseparable
163094,163804,inseparable
163094,163805,inseparable
163094,163806,inseparable
163094,163807,inseparable
163094,163808,inseparable
163094,163809,inseparable
163094,163810,inseparable
163094,163811,inseparable
163094,163812,inseparable
163094,163813,inseparable
163094,163814,inseparable
163094,163815,inseparable
163094,163816,inseparable
163094,163817,inseparable
163094,163818,inseparable
163094,163819,inseparable
163094,163820,inseparable
163094,163821,inseparable
163094,163822,inseparable
163094,163823,inseparable
163094,163824,inseparable
163094,163825,inseparable
163094,163826,inseparable
163094,163827,inseparable
163094,163828,inseparable
163094,163829,inseparable
163094,163830,inseparable
163094,163831,inseparable
163094,163832,inseparable
163094,163833,inseparable
163094,163834,inseparable
163094,163835,inseparable
163094,163836,inseparable
163094,163837,inseparable
163094,163838,inseparable
163094,163839,inseparable
163094,163840,inseparable
163094,163841,inseparable
163094,163842,inseparable
163094,163843,inseparable
163094,163844,inseparable
163094,163845,inseparable
163094,163846,inseparable
163094,163847,inseparable
163094,163848,inseparable
163094,163849,inseparable
163304,164700,separable
163304,164701,separable
163311,206702,inseparable
163311,206703,inseparable
163311,206704,inseparable
163311,206705,inseparable
163311,206706,inseparable
163311,206707,inseparable
163311,206708,inseparable
163311,206709,inseparable
163311,206710,inseparable
163311,206711,inseparable
163311,206712,inseparable
163311,206713,inseparable
163311,206714,inseparable
163311,206715,inseparable
163311,206716,inseparable
163311,206717,inseparable
163311,206718,inseparable
163311,206719,inseparable
163311,206720,inseparable
163311,206721,inseparable
163311,206722,inseparable
163311,206723,inseparable
163311,206724,inseparable
163313,163547,inseparable
163313,163572,inseparable
163313,163573,inseparable
163313,163574,inseparable
163313,163575,inseparable
163313,163576,inseparable
163313,163577,inseparable
163313,163578,inseparable
163313,163579,inseparable
163313,163580,inseparable
163313,163581,inseparable
163313,163582,inseparable
163313,163583,inseparable
163313,163584,inseparable
163313,163585,inseparable
163313,163586,inseparable
163313,163587,inseparable
163313,163588,inseparable
163313,163589,inseparable
163313,163590,inseparable
163313,163591,inseparable
163313,163592,inseparable
163313,163593,inseparable
163313,163594,inseparable
163315,163597,inseparable
163315,163598,inseparable
163315,163599,inseparable
163315,163600,inseparable
163315,163601,inseparable
163315,163602,inseparable
163315,163603,inseparable
163315,163604,inseparable
163315,163605,inseparable
163315,163606,inseparable
163315,163607,inseparable
163315,163608,inseparable
163315,163609,inseparable
163315,163610,inseparable
163315,163611,inseparable
163315,163612,inseparable
163315,163613,inseparable
163315,163614,inseparable
163315,163615,inseparable
163315,163616,inseparable
163315,163617,inseparable
163315,163618,inseparable
163315,163619,inseparable
163315,163620,inseparable
163315,163621,inseparable
163315,163622,inseparable
163315,163623,inseparable
163315,163624,inseparable
163315,163625,inseparable
163315,163626,inseparable
163315,163627,inseparable
163315,163628,inseparable
163315,163629,inseparable
163315,163630,inseparable
163315,163631,inseparable
163315,163632,inseparable
163315,163633,inseparable
163315,163634,inseparable
163315,163635,inseparable
163315,163636,inseparable
163315,163637,inseparable
163315,163638,inseparable
163315,163639,inseparable
163315,163640,inseparable
163315,163641,inseparable
163315,163642,inseparable
163315,163643,inseparable
163315,163644,inseparable
163315,163645,inseparable
163315,163646,inseparable
163315,163647,inseparable
163315,163648,inseparable
163315,163649,inseparable
163315,163650,inseparable
163315,163651,inseparable
163315,163652,inseparable
163315,163653,inseparable
163315,163654,inseparable
163315,163655,inseparable
163315,163656,inseparable
163315,163657,inseparable
163315,163658,inseparable
163315,163659,inseparable
163315,163660,inseparable
163315,163661,inseparable
163315,163662,inseparable
163315,163663,inseparable
163315,163664,inseparable
163315,163665,inseparable
163315,163666,inseparable
163315,163667,inseparable
163315,163668,inseparable
163315,163669,inseparable
163315,163670,inseparable
163315,163671,inseparable
163315,163672,inseparable
163315,163673,inseparable
163315,163674,inseparable
163315,163675,inseparable
163315,163676,inseparable
163315,163677,inseparable
163315,163678,inseparable
163315,163679,inseparable
163315,163680,inseparable
163315,163681,inseparable
163315,163682,inseparable
163315,163683,inseparable
163315,163684,inseparable
163315,163685,inseparable
163315,163686,inseparable
163315,163687,inseparable
163315,163688,inseparable
163315,163689,inseparable
163315,163690,inseparable
163315,163691,inseparable
163315,163692,inseparable
163315,163693,inseparable
163315,163694,inseparable
163315,163695,inseparable
163315,163696,inseparable
163315,163697,inseparable
163315,163698,inseparable
163315,163699,inseparable
163315,163700,inseparable
163315,163701,inseparable
163315,163702,inseparable
163315,163703,inseparable
163315,163704,inseparable
163315,163705,inseparable
163315,163706,inseparable
163315,163707,inseparable
163315,163708,inseparable
163315,163709,inseparable
163315,163710,inseparable
163315,163711,inseparable
163315,163712,inseparable
163315,163713,inseparable
163315,163714,inseparable
163315,163715,inseparable
163315,163716,inseparable
163315,163717,inseparable
163315,163718,inseparable
163315,163719,inseparable
163315,163720,inseparable
163315,163721,inseparable
163315,163722,inseparable
163315,163723,inseparable
163315,163724,inseparable
163316,163877,inseparable
163316,164846,inseparable
163316,164847,inseparable
163316,164848,inseparable
163316,164849,inseparable
163316,164850,inseparable
163316,164851,inseparable
163316,164852,inseparable
163316,164853,inseparable
163316,164854,inseparable
163316,164855,inseparable
163316,164856,inseparable
163316,164857,inseparable
163316,164858,inseparable
163316,164859,inseparable
163316,164860,inseparable
163316,164861,inseparable
163316,164862,inseparable
163325,166039,inseparable
163354,204062,separable
163354,204063,separable
163354,204064,separable
163354,204065,separable
163354,204066,separable
163354,204067,separable
163354,204068,separable
163354,204069,separable
163354,204070,separable
163354,204071,separable
163354,204072,separable
163354,204073,separable
163354,204074,separable
163354,204075,separable
163354,204076,separable
163361,164698,inseparable
163596,161495,separable
163596,161506,separable
163596,161507,separable
163596,161508,separable
163596,161509,separable
163596,161510,separable
163596,161511,separable
163596,161512,separable
163596,161513,separable
163596,161514,separable
163596,161515,separable
163596,161516,separable
163596,161517,separable
163596,161518,separable
163596,161519,separable
163596,161520,separable
163596,161521,separable
163596,161522,separable
163596,161523,separable
163596,161524,separable
163596,161525,separable
163596,161526,separable
163596,161527,separable
163596,161528,separable
163596,161529,separable
163596,161530,separable
163596,161531,separable
163596,161532,separable
163596,161533,separable
163596,161534,separable
163596,161535,separable
163596,161536,separable
163596,161537,separable
163596,161538,separable
163596,161539,separable
163596,161540,separable
163596,161541,separable
163596,161542,separable
163596,161543,separable
163596,161544,separable
163596,161545,separable
163596,161546,separable
163596,161547,separable
163596,161548,separable
163596,161549,separable
163596,161550,separable
163596,161551,separable
163596,161552,separable
163596,161553,separable
163596,161554,separable
163596,161555,separable
163596,161556,separable
163596,161557,separable
163596,161558,separable
163596,161559,separable
163596,161560,separable
163596,161561,separable
163596,161562,separable
163596,161563,separable
163596,161564,separable
163596,161565,separable
163596,161566,separable
163596,161567,separable
163596,161568,separable
163596,161569,separable
163596,161570,separable
163596,161571,separable
163596,161572,separable
163596,161573,separable
163596,161574,separable
163596,161575,separable
163596,161576,separable
163596,161577,separable
163596,161578,separable
163596,161579,separable
163762,167223,separable
163762,167225,separable
163762,167226,separable
163762,167227,separable
163762,167228,separable
163762,167229,separable
163762,167230,separable
163762,167231,separable
163762,167232,separable
163762,167233,separable
163762,167234,separable
163762,167235,separable
163762,167236,separable
163762,167237,separable
163762,167238,separable
163762,167239,separable
163762,167240,separable
163762,167241,separable
163762,167242,separable
163762,167243,separable
163762,167244,separable
163762,167245,separable
163762,167246,separable
163762,167247,separable
163762,167248,separable
163762,167249,separable
163762,167250,separable
163762,167251,separable
163762,167252,separable
163762,167253,separable
163762,167254,separable
163762,167255,separable
163762,167256,separable
163762,167257,separable
163762,167258,separable
163762,167259,separable
163762,167260,separable
163762,167261,separable
163762,167262,separable
163762,167263,separable
163762,167264,separable
163762,167265,separable
163762,167266,separable
163762,167267,separable
163762,167268,separable
163762,167269,separable
163762,167270,separable
163762,167271,separable
163762,167272,separable
163762,167273,separable
163766,165302,separable
163766,165303,separable
163766,165304,separable
163766,165305,separable
163766,165306,separable
163766,165307,separable
163766,165308,separable
163766,165309,separable
163766,165310,separable
163766,165311,separable
163766,165312,separable
163766,165313,separable
163766,165314,separable
163783,164741,inseparable
164004,200634,separable
164004,200635,separable
164004,200636,separable
164004,200637,separable
164004,200638,separable
164004,200639,separable
164004,200640,separable
164004,200641,separable
164004,200642,separable
164004,200643,separable
164004,200644,separable
164004,200645,separable
164004,200646,separable
164004,200647,separable
164004,200648,separable
164004,200649,separable
164004,200650,separable
164004,200651,separable
164004,200652,separable
164004,200653,separable
164004,200654,separable
164004,200655,separable
164033,167293,separable
164033,167294,separable
164033,167295,separable
164033,167296,separable
164033,167297,separable
164033,167298,separable
164034,227807,inseparable
164034,227808,inseparable
164034,227809,inseparable
164034,227810,inseparable
164034,227811,inseparable
164034,227812,inseparable
164034,227813,inseparable
164034,227814,inseparable
164034,227815,inseparable
164034,227816,inseparable
164034,227817,inseparable
164034,227818,inseparable
164034,227819,inseparable
164034,227820,inseparable
164034,227821,inseparable
164034,227822,inseparable
164034,227823,inseparable
164034,227824,inseparable
164034,227825,inseparable
164034,227826,inseparable
164034,227827,inseparable
164034,227828,inseparable
164034,227829,inseparable
164034,227830,inseparable
164037,165071,inseparable
164183,210054,separable
164183,210055,separable
164183,210056,separable
164183,210057,separable
164183,210058,separable
164183,210059,separable
164183,210060,separable
164184,210061,separable
164184,210062,separable
164184,210063,separable
164184,210064,separable
164184,210065,separable
164184,210066,separable
164184,210067,separable
164238,165973,inseparable
164343,156483,separable
164343,156644,separable
164353,167426,inseparable
164735,104322,separable
164735,104323,separable
164736,112218,separable
164736,116283,separable
164736,116284,separable
164737,121488,separable
164737,125317,separable
164737,125318,separable
164738,116406,separable
164738,116407,separable
164738,116408,separable
164738,116409,separable
164739,121485,separable
164739,125323,separable
164739,125324,separable
164739,125325,separable
164740,98640,separable
164740,110069,separable
164740,110070,separable
164740,110071,separable
164740,110072,separable
164740,110073,separable
164779,166358,separable
164779,166359,separable
164779,166360,separable
164779,166361,separable
164779,166362,separable
164779,166363,separable
164781,166346,separable
164781,166347,separable
164781,166348,separable
164781,166349,separable
164781,166350,separable
164781,166351,separable
164781,166352,separable
164781,166353,separable
164864,129857,separable
164864,131055,separable
164864,131056,separable
164864,131057,separable
164865,121474,separable
164865,125320,separable
164865,125321,separable
164865,125322,separable
164869,121481,separable
164869,125319,separable
165268,200725,inseparable
165268,206687,inseparable
165268,206688,inseparable
165268,206689,inseparable
165268,206690,inseparable
165268,206691,inseparable
165268,206692,inseparable
165268,206693,inseparable
165268,206694,inseparable
165268,206695,inseparable
165268,206696,inseparable
165268,206697,inseparable
165268,206698,inseparable
165361,165380,inseparable
165362,165381,inseparable
165363,165382,inseparable
165364,165383,inseparable
165365,165384,inseparable
165366,165385,inseparable
165367,165386,inseparable
165368,165387,inseparable
165369,165388,inseparable
165370,165389,inseparable
165371,165390,inseparable
165372,165391,inseparable
165373,165392,inseparable
165374,165393,inseparable
165375,165394,inseparable
165376,165395,inseparable
165377,165396,inseparable
165378,165397,inseparable
165379,165398,inseparable
165731,217919,separable
165731,217920,separable
165731,217921,separable
165731,217922,separable
165731,217923,separable
165731,217924,separable
165731,217925,separable
165731,217926,separable
165731,217927,separable
165823,168940,separable
165823,168941,separable
165823,168942,separable
165823,168943,separable
165823,168944,separable
165823,168945,separable
165823,168946,separable
165823,168947,separable
165833,216539,separable
165833,216540,separable
165833,216541,separable
165833,216542,separable
165833,216543,separable
165833,216544,separable
165833,216545,separable
165833,216546,separable
165833,216547,separable
165833,216548,separable
165833,216549,separable
165833,216550,separable
165833,216551,separable
165833,216552,separable
165833,216553,separable
165833,216554,separable
165833,216555,separable
165833,216556,separable
165833,216557,separable
165833,216558,separable
165833,216559,separable
165836,205904,inseparable
165836,205905,inseparable
165836,205906,inseparable
165837,216717,inseparable
165837,216718,inseparable
165837,216719,inseparable
165837,216720,inseparable
165932,205604,separable
165932,205605,separable
165932,205606,separable
165932,205607,separable
165932,205608,separable
165932,205609,separable
165932,205610,separable
165932,205611,separable
165932,205612,separable
165932,205613,separable
165932,205614,separable
165932,205615,separable
165932,205616,separable
165932,205617,separable
165932,205618,separable
165932,205619,separable
165932,205620,separable
165932,205621,separable
165932,205622,separable
165932,205623,separable
165932,205624,separable
165932,205625,separable
165932,205626,separable
165932,205627,separable
165932,205628,separable
165932,205629,separable
165932,205630,separable
166012,220796,separable
166012,220797,separable
166012,220798,separable
166012,220799,separable
166034,168735,inseparable
166152,161779,separable
166152,166137,separable
166152,166138,separable
166152,166139,separable
166152,166140,separable
166295,206077,inseparable
166295,206078,inseparable
166295,206079,inseparable
166295,206080,inseparable
166295,206081,inseparable
166295,206082,inseparable
166295,206083,inseparable
166295,206084,inseparable
166295,206085,inseparable
166295,206086,inseparable
166295,206087,inseparable
166295,206088,inseparable
166295,206089,inseparable
166295,206090,inseparable
166296,206091,inseparable
166296,206092,inseparable
166296,206093,inseparable
166296,206094,inseparable
166298,206338,inseparable
166298,206339,inseparable
166298,206340,inseparable
166298,206341,inseparable
166298,206342,inseparable
166298,206343,inseparable
166298,206344,inseparable
166298,206345,inseparable
166298,206346,inseparable
166298,206347,inseparable
166298,206348,inseparable
166298,206349,inseparable
166298,206350,inseparable
166298,206351,inseparable
166298,206352,inseparable
166298,206353,inseparable
166298,206354,inseparable
166298,206355,inseparable
166298,206356,inseparable
166298,206357,inseparable
166298,206358,inseparable
166298,206359,inseparable
166298,206360,inseparable
166298,206361,inseparable
166298,206362,inseparable
166298,206363,inseparable
166298,206364,inseparable
166298,206365,inseparable
166298,206366,inseparable
166298,206367,inseparable
166298,206368,inseparable
166298,206369,inseparable
166298,206370,inseparable
166298,206371,inseparable
166298,206372,inseparable
166298,206373,inseparable
166298,206374,inseparable
166298,206375,inseparable
166298,206376,inseparable
166298,206377,inseparable
166298,206378,inseparable
166298,206379,inseparable
166298,206380,inseparable
166298,206381,inseparable
166298,206382,inseparable
166298,206383,inseparable
166298,206384,inseparable
166298,206385,inseparable
166298,206386,inseparable
166298,206387,inseparable
166298,206388,inseparable
166298,206389,inseparable
166298,206390,inseparable
166298,206391,inseparable
166298,206392,inseparable
166298,206393,inseparable
166298,206394,inseparable
166298,206395,inseparable
166298,206396,inseparable
166298,206397,inseparable
166298,206398,inseparable
166298,206399,inseparable
166298,206400,inseparable
166331,204936,inseparable
166332,205926,inseparable
166332,205927,inseparable
166332,205928,inseparable
166332,205929,inseparable
166332,205930,inseparable
166332,205931,inseparable
166332,205932,inseparable
166332,205933,inseparable
166332,205934,inseparable
166332,205935,inseparable
166332,205936,inseparable
166332,205937,inseparable
166332,205938,inseparable
166332,205939,inseparable
166332,205940,inseparable
166332,205941,inseparable
166332,205942,inseparable
166332,205943,inseparable
166332,205944,inseparable
166332,205945,inseparable
166332,205946,inseparable
166332,205947,inseparable
166332,205948,inseparable
166332,205949,inseparable
166332,205950,inseparable
166332,205951,inseparable
166332,205952,inseparable
166332,205953,inseparable
166332,205954,inseparable
166332,205955,inseparable
166332,205956,inseparable
166332,205957,inseparable
166332,205958,inseparable
166332,205959,inseparable
166332,205960,inseparable
166332,205961,inseparable
166332,205962,inseparable
166332,205963,inseparable
166332,205964,inseparable
166332,205965,inseparable
166332,205966,inseparable
166332,205967,inseparable
166332,205968,inseparable
166332,205969,inseparable
166332,205970,inseparable
166332,205971,inseparable
166332,205972,inseparable
166332,205973,inseparable
166332,205974,inseparable
166332,205975,inseparable
166332,205976,inseparable
166332,205978,inseparable
166332,205979,inseparable
166332,205980,inseparable
166332,205981,inseparable
166332,205982,inseparable
166332,205983,inseparable
166332,205984,inseparable
166332,205985,inseparable
166332,205986,inseparable
166332,205987,inseparable
166332,205988,inseparable
166332,205989,inseparable
166332,205990,inseparable
166332,205991,inseparable
166332,205992,inseparable
166332,205993,inseparable
166332,205994,inseparable
166332,205995,inseparable
166332,205996,inseparable
166332,205997,inseparable
166332,205998,inseparable
166332,205999,inseparable
166332,206000,inseparable
166332,206001,inseparable
166332,206002,inseparable
166332,206003,inseparable
166332,206004,inseparable
166332,206005,inseparable
166332,206006,inseparable
166332,206007,inseparable
166332,206008,inseparable
166332,206009,inseparable
166332,206010,inseparable
166332,206011,inseparable
166332,206012,inseparable
166332,206013,inseparable
166332,206014,inseparable
166332,206015,inseparable
166332,206016,inseparable
166332,206017,inseparable
166332,206018,inseparable
166332,206019,inseparable
166332,206020,inseparable
166332,206021,inseparable
166332,206022,inseparable
166332,206023,inseparable
166332,206024,inseparable
166332,206025,inseparable
166332,206026,inseparable
166332,206027,inseparable
166332,206028,inseparable
166332,206029,inseparable
166332,206030,inseparable
166332,206031,inseparable
166332,206032,inseparable
166332,206034,inseparable
166333,205806,inseparable
166333,205807,inseparable
166333,205808,inseparable
166333,205809,inseparable
166333,205810,inseparable
166333,205811,inseparable
166333,205812,inseparable
166333,205813,inseparable
166333,205814,inseparable
166333,205815,inseparable
166333,205816,inseparable
166333,205817,inseparable
166333,205818,inseparable
166333,205819,inseparable
166333,205820,inseparable
166333,205821,inseparable
166333,205822,inseparable
166333,205823,inseparable
166333,205824,inseparable
166333,205825,inseparable
166333,205826,inseparable
166333,205827,inseparable
166333,205828,inseparable
166333,205829,inseparable
166333,205830,inseparable
166333,205831,inseparable
166333,205832,inseparable
166333,205833,inseparable
166333,205834,inseparable
166333,205835,inseparable
166333,205836,inseparable
166333,205837,inseparable
166333,205838,inseparable
166333,205839,inseparable
166333,205840,inseparable
166333,205841,inseparable
166333,205842,inseparable
166333,205843,inseparable
166333,205844,inseparable
166333,205845,inseparable
166333,205846,inseparable
166333,205847,inseparable
166333,205848,inseparable
166333,205849,inseparable
166333,205850,inseparable
166333,205851,inseparable
166333,205852,inseparable
166333,205853,inseparable
166333,205854,inseparable
166333,205855,inseparable
166333,205856,inseparable
166333,205857,inseparable
166333,205858,inseparable
166333,205859,inseparable
166333,205860,inseparable
166333,205861,inseparable
166333,205862,inseparable
166333,205863,inseparable
166333,205864,inseparable
166333,205865,inseparable
166333,205866,inseparable
166333,205867,inseparable
166333,205868,inseparable
166333,205869,inseparable
166333,205870,inseparable
166333,205871,inseparable
166333,205872,inseparable
166333,205873,inseparable
166333,205874,inseparable
166333,205875,inseparable
166345,204938,separable
166345,204939,separable
166345,204940,separable
166345,204941,separable
166345,204942,separable
166371,211476,inseparable
167460,164115,separable
167460,164161,separable
167460,164162,separable
167460,164163,separable
167460,164164,separable
167460,164165,separable
167460,164180,separable
167461,164119,separable
167461,164149,separable
167461,164150,separable
167461,164151,separable
167461,164152,separable
167461,164153,separable
167461,164154,separable
167461,164155,separable
167461,164156,separable
167461,164157,separable
167462,164131,separable
167462,167456,separable
167463,164132,separable
167463,167457,separable
167463,167458,separable
167464,164133,separable
167464,167459,separable
167465,164135,separable
167465,164354,separable
167465,164355,separable
167466,164136,separable
167466,164356,separable
167467,164141,separable
167467,164357,separable
167467,164358,separable
167467,164359,separable
167468,164142,separable
167468,164360,separable
167468,164361,separable
168701,205391,separable
168701,205392,separable
168701,205393,separable
168701,205394,separable
168701,205395,separable
168701,205396,separable
168701,205397,separable
168701,205398,separable
168701,205399,separable
168701,205400,separable
168701,205401,separable
168701,205402,separable
168885,207041,separable
168885,207043,separable
168885,207044,separable
168885,207045,separable
168885,207046,separable
168885,207047,separable
168885,207048,separable
168885,207049,separable
168885,207050,separable
168885,207051,separable
168885,207052,separable
168885,207053,separable
168885,207054,separable
168885,207055,separable
168885,207056,separable
168885,207057,separable
168885,207058,separable
168885,207059,separable
168885,207060,separable
168885,207061,separable
168885,207062,separable
168885,207063,separable
168885,207064,separable
169091,203012,separable
169091,203013,separable
169130,204168,separable
169130,204169,separable
169130,204170,separable
169130,204171,separable
169130,204172,separable
169130,204173,separable
169130,204174,separable
169130,204175,separable
169130,204176,separable
169130,204177,separable
169131,204748,separable
169131,204749,separable
169131,204750,separable
169131,204751,separable
169131,204752,separable
169131,204753,separable
169131,204754,separable
169131,204755,separable
169131,204756,separable
169131,204757,separable
169173,205086,inseparable
169233,68041,separable
169233,68042,separable
169244,207945,separable
169244,207946,separable
169244,207947,separable
169244,207948,separable
169244,207949,separable
169244,207950,separable
169244,207951,separable
169244,207952,separable
169244,207953,separable
169244,207954,separable
169256,553,separable
169256,554,separable
169451,206649,inseparable
169462,206683,inseparable
169463,212344,inseparable
169479,206665,inseparable
171641,217132,separable
171641,217133,separable
172747,209304,separable
172747,209305,separable
172747,209306,separable
173039,212110,separable
173039,212111,separable
173039,212112,separable
173040,216721,separable
173040,227651,separable
173183,217585,inseparable
173183,217587,inseparable
173183,217588,inseparable
173183,217589,inseparable
173183,217590,inseparable
173183,217591,inseparable
173183,217592,inseparable
173183,217593,inseparable
173183,217594,inseparable
173183,217595,inseparable
173183,217596,inseparable
173183,217597,inseparable
173183,217598,inseparable
173183,217599,inseparable
173183,217600,inseparable
173183,217601,inseparable
173183,217602,inseparable
173183,217603,inseparable
173183,217604,inseparable
173183,217605,inseparable
173183,217606,inseparable
173183,217607,inseparable
173183,217608,inseparable
173183,217609,inseparable
173183,217610,inseparable
173183,217611,inseparable
173183,217612,inseparable
173183,217613,inseparable
173183,217614,inseparable
173183,217615,inseparable
173183,217616,inseparable
173183,217617,inseparable
173183,217618,inseparable
173183,217619,inseparable
173183,217620,inseparable
173183,217621,inseparable
173183,217622,inseparable
173183,217623,inseparable
173183,217624,inseparable
173183,217625,inseparable
173183,217626,inseparable
173183,217627,inseparable
173183,217628,inseparable
173183,217629,inseparable
173183,217630,inseparable
173183,217631,inseparable
173554,211358,inseparable
173688,170322,separable
173688,170326,separable
173688,170327,separable
173688,170328,separable
173688,170329,separable
173688,170331,separable
173688,170351,separable
173688,170352,separable
173719,171744,separable
173719,211388,separable
173719,211389,separable
173719,211390,separable
173719,211391,separable
173719,211392,separable
173719,211393,separable
173719,211394,separable
173719,211395,separable
173719,211396,separable
174153,212626,inseparable
174963,215818,inseparable
176196,215734,inseparable
176285,215842,inseparable
176307,215951,inseparable
176341,215942,inseparable
176344,215823,inseparable
176371,215845,inseparable
176379,215807,inseparable
176381,215893,inseparable
176385,215940,inseparable
176406,176743,separable
176411,215840,inseparable
176418,216497,inseparable
176463,215817,inseparable
176473,215834,inseparable
176483,215826,inseparable
176492,215919,inseparable
176522,215952,inseparable
176526,215815,inseparable
176547,215838,inseparable
176560,215945,inseparable
176580,215936,inseparable
176585,215896,inseparable
176609,215816,inseparable
176623,215844,inseparable
176626,215862,inseparable
176644,215892,inseparable
176654,215937,inseparable
176659,215836,inseparable
176662,215813,inseparable
176670,215946,inseparable
176681,215824,inseparable
176687,215943,inseparable
176694,215927,inseparable
176699,215851,inseparable
176715,215932,inseparable
176722,215811,inseparable
176733,215829,inseparable
176742,215821,inseparable
176772,215860,inseparable
176855,215929,inseparable
176861,215841,inseparable
176924,215928,inseparable
176973,215808,inseparable
176986,215931,inseparable
177006,215865,inseparable
177011,215812,inseparable
177044,215849,inseparable
177055,215847,inseparable
177097,215915,inseparable
177114,215819,inseparable
177136,215938,inseparable
177151,215923,inseparable
177157,215916,inseparable
177252,215809,inseparable
177259,222060,separable
177260,215895,inseparable
177263,215858,inseparable
177264,215889,inseparable
177268,215933,inseparable
177269,215949,inseparable
177386,215848,inseparable
177393,215843,inseparable
177458,215947,inseparable
177464,215857,inseparable
177466,215806,inseparable
177467,215941,inseparable
177474,215944,inseparable
177481,215922,inseparable
177482,215935,inseparable
177483,215925,inseparable
177484,215950,inseparable
177486,215934,inseparable
177568,215831,inseparable
177570,215918,inseparable
177572,215827,inseparable
177588,215859,inseparable
177589,215948,inseparable
177601,215853,inseparable
177610,215926,inseparable
177701,215833,inseparable
177748,215854,inseparable
177755,215939,inseparable
177756,215891,inseparable
177757,215887,inseparable
177829,215888,inseparable
177916,215846,inseparable
177941,215850,inseparable
177957,215864,inseparable
177959,215861,inseparable
177997,215920,inseparable
178001,215894,inseparable
178126,226427,separable
178126,226428,inseparable
178140,215921,inseparable
178146,215924,inseparable
178177,215839,inseparable
178193,215822,inseparable
178203,215825,inseparable
178213,215830,inseparable
178215,215832,inseparable
178226,215837,inseparable
178243,215863,inseparable
178252,215930,inseparable
178451,215855,inseparable
178507,215852,inseparable
178585,215856,inseparable
178887,215828,inseparable
178931,215835,inseparable
178952,215810,inseparable
178970,215890,inseparable
178982,215820,inseparable
179300,210121,inseparable
179300,210123,inseparable
179300,210124,inseparable
179300,210125,inseparable
179300,210126,inseparable
179300,210127,inseparable
179300,210128,inseparable
179300,210129,inseparable
179300,210136,inseparable
179354,183273,separable
179354,183274,separable
179354,183275,separable
179354,183276,separable
179354,183277,separable
179354,183278,separable
180021,206650,inseparable
180047,206525,inseparable
180508,206642,inseparable
180524,213192,inseparable
180525,213188,inseparable
180526,213189,inseparable
180921,206586,inseparable
180938,206527,inseparable
181030,206609,inseparable
181055,206523,inseparable
181107,213003,inseparable
181110,213026,inseparable
181146,206519,inseparable
181241,213866,inseparable
181241,213867,inseparable
181241,213868,inseparable
181241,213869,inseparable
181241,213870,inseparable
181241,213871,inseparable
181241,213872,inseparable
181241,213873,inseparable
181241,213874,inseparable
181241,213875,inseparable
181241,213876,inseparable
181241,213877,inseparable
181241,213878,inseparable
181241,213879,inseparable
181241,213880,inseparable
181893,209454,inseparable
182224,206664,inseparable
182227,206668,inseparable
182229,206670,inseparable
182235,206518,inseparable
182613,206685,inseparable
182673,209590,inseparable
184115,206551,inseparable
184171,206553,inseparable
184266,214923,inseparable
184266,214924,inseparable
184285,209285,inseparable
184289,206640,inseparable
184294,209286,inseparable
184300,206639,inseparable
184302,206509,inseparable
184310,206533,inseparable
184330,206543,inseparable
184350,206614,inseparable
184390,206513,inseparable
184665,169998,separable
184665,169999,separable
184665,183249,separable
184665,183296,separable
184665,183298,separable
184665,183299,separable
184665,183300,separable
184665,183641,separable
184665,183642,separable
184665,184201,separable
184824,206526,inseparable
184827,206522,inseparable
184829,206508,inseparable
184830,206504,inseparable
184841,206517,inseparable
184842,206516,inseparable
184950,212707,inseparable
184950,212708,inseparable
184950,212709,inseparable
184950,212710,inseparable
184950,212711,inseparable
184950,212712,inseparable
184950,212713,inseparable
184950,212714,inseparable
184950,212715,inseparable
184950,212716,inseparable
184950,212717,inseparable
184950,212718,inseparable
184950,212719,inseparable
184950,212720,inseparable
184950,212721,inseparable
184950,212722,inseparable
184950,212723,inseparable
184950,212724,inseparable
184950,212725,inseparable
184950,212726,inseparable
184950,212727,inseparable
184950,212728,inseparable
184950,212729,inseparable
184950,212730,inseparable
184950,212731,inseparable
184950,212732,inseparable
184950,212733,inseparable
184950,212734,inseparable
184950,212735,inseparable
184950,212736,inseparable
184950,212737,inseparable
184950,212738,inseparable
184950,212739,inseparable
184950,212740,inseparable
184950,212741,inseparable
184950,212742,inseparable
184950,212743,inseparable
184950,212744,inseparable
184950,212745,inseparable
184950,212746,inseparable
184950,212747,inseparable
193840,216780,separable
193840,216781,separable
193840,216782,separable
193840,216783,separable
193840,216784,separable
193840,216785,separable
193840,216786,separable
193840,216787,separable
193840,216788,separable
193840,216789,separable
193840,216790,separable
193840,216791,separable
193840,216792,separable
193897,217327,separable
193897,217328,separable
193897,217329,separable
193897,217330,separable
193897,217331,separable
193897,217332,separable
193897,217333,separable
193897,217334,separable
193897,217335,separable
193897,217336,separable
193897,217337,separable
193897,217338,separable
193897,217339,separable
193897,217340,separable
193897,217341,separable
193897,217342,separable
193897,217343,separable
193897,217344,separable
193897,217345,separable
193897,217346,separable
193897,217347,separable
193897,217348,separable
193897,217349,separable
193897,217350,separable
193897,217351,separable
193897,217352,separable
193897,217353,separable
193897,217354,separable
193897,217355,separable
193897,217356,separable
193897,217357,separable
193897,217358,separable
193897,217359,separable
193897,217360,separable
193897,217361,separable
193897,217362,separable
193897,217363,separable
193897,217364,separable
193897,217365,separable
193897,217366,separable
193897,217367,separable
193897,217368,separable
193897,217369,separable
193897,217370,separable
193897,217371,separable
193897,217372,separable
193897,217373,separable
193897,217374,separable
193897,217375,separable
193897,217376,separable
194307,205876,separable
194307,205877,separable
194307,205878,separable
194307,205879,separable
194307,205880,separable
194307,205881,separable
194307,205882,separable
194307,205883,separable
194307,205884,separable
194307,205885,separable
194307,205886,separable
194451,180666,separable
194569,206511,inseparable
194572,206499,inseparable
194585,206514,inseparable
194709,213864,inseparable
194711,209287,inseparable
195375,215814,inseparable
195454,232202,inseparable
195750,209080,inseparable
196206,206726,inseparable
196335,206495,inseparable
197139,216795,inseparable
197293,212837,inseparable
197293,212838,inseparable
197293,212839,inseparable
197293,212840,inseparable
197293,212841,inseparable
197293,212842,inseparable
197293,212843,inseparable
197293,212844,inseparable
197293,212845,inseparable
197293,212846,inseparable
197293,212847,inseparable
197293,212848,inseparable
197307,212699,inseparable
197326,213036,separable
197326,213037,separable
197353,206582,inseparable
197456,206524,inseparable
197652,212052,separable
197652,212053,separable
197652,212054,separable
197652,212055,separable
197652,212056,separable
197652,212057,separable
197652,212058,separable
197652,212059,separable
197652,212060,separable
197652,212061,separable
197652,212062,separable
197652,212063,separable
197674,170458,separable
197674,171419,separable
197674,171421,separable
197674,171422,separable
197674,171424,separable
197674,171425,separable
197674,171427,separable
197674,171428,separable
197674,171429,separable
197674,171430,separable
197674,171431,separable
197674,171434,separable
197674,171435,separable
197674,171437,separable
197674,171438,separable
197674,171441,separable
197674,171442,separable
197674,171444,separable
197674,171445,separable
197674,171447,separable
197674,171448,separable
197674,171451,separable
197674,171452,separable
197674,171454,separable
197674,171455,separable
197674,171458,separable
197674,171459,separable
197674,171461,separable
197674,171462,separable
197674,171465,separable
197674,171466,separable
197674,171468,separable
197674,171469,separable
197674,171471,separable
197674,171472,separable
197674,171474,separable
197674,171475,separable
197674,171477,separable
197674,171478,separable
197674,171480,separable
197674,171481,separable
197674,171483,separable
197674,171484,separable
197674,171487,separable
197674,171488,separable
197674,171490,separable
197674,171491,separable
197716,206587,inseparable
198128,206588,inseparable
198149,206506,inseparable
198235,206686,inseparable
198388,205085,inseparable
198420,205138,inseparable
198420,205139,inseparable
198420,205140,inseparable
198420,205141,inseparable
198422,207006,inseparable
198422,207007,inseparable
198422,207008,inseparable
198422,207009,inseparable
198422,207010,inseparable
198422,207011,inseparable
198422,207012,inseparable
198422,207013,inseparable
198422,207014,inseparable
198422,207015,inseparable
198422,207016,inseparable
198422,207017,inseparable
198422,207018,inseparable
198422,207019,inseparable
198422,207020,inseparable
198422,207021,inseparable
198422,207022,inseparable
198586,205074,separable
198586,205075,separable
198586,205076,separable
198586,205077,separable
198586,205078,separable
198586,205079,separable
198586,205080,separable
198586,205081,separable
199110,205087,inseparable
199380,209457,separable
199380,209458,separable
199380,209459,separable
199380,209460,separable
199380,209461,separable
199380,209462,separable
199380,209463,separable
199380,209464,separable
199380,209465,separable
199380,209466,separable
199797,221289,separable
199797,221290,separable
199797,221291,separable
199797,221292,separable
199797,221293,separable
199797,221294,separable
199797,221295,separable
199797,221296,separable
199797,221297,separable
199797,221298,separable
199830,221717,separable
199830,221718,separable
199830,221719,separable
199830,221720,separable
199830,221721,separable
199830,221722,separable
199830,221723,separable
199830,221724,separable
199830,221725,separable
199830,221726,separable
199830,221727,separable
199830,221728,separable
199830,221729,separable
199830,221730,separable
199830,221731,separable
199830,221732,separable
199830,221733,separable
199830,221734,separable
199830,221735,separable
199830,221736,separable
199830,221737,separable
199830,221738,separable
199830,221739,separable
199830,221740,separable
199830,221741,separable
199987,209549,inseparable
199987,209550,inseparable
199987,209551,inseparable
199987,209552,inseparable
199987,209553,inseparable
199987,209554,inseparable
199987,209555,inseparable
199987,209556,inseparable
199987,209557,inseparable
199987,209558,inseparable
199987,209559,inseparable
199987,209560,inseparable
199987,209561,inseparable
199987,209562,inseparable
199987,209563,inseparable
199987,209564,inseparable
199987,209565,inseparable
199987,209566,inseparable
199987,209567,inseparable
199987,209568,inseparable
199987,209569,inseparable
199987,209570,inseparable
199987,209571,inseparable
199987,209572,inseparable
199987,209573,inseparable
199987,209574,inseparable
199987,209575,inseparable
199987,209576,inseparable
199987,209577,inseparable
199987,209578,inseparable
199987,209579,inseparable
199987,209580,inseparable
200200,221466,inseparable
200200,221467,inseparable
200200,221468,inseparable
200200,221469,inseparable
200200,221470,inseparable
200405,205781,separable
200405,205782,separable
200405,205783,separable
200405,205784,separable
200405,205785,separable
200405,205786,separable
200405,205787,separable
200405,205788,separable
200405,205789,separable
200405,205790,separable
200405,205791,separable
200405,205792,separable
200405,205793,separable
200405,205794,separable
200405,205795,separable
200405,205796,separable
200405,205797,separable
200405,205798,separable
200405,205799,separable
200405,205800,separable
200405,205801,separable
200565,205088,inseparable
200671,198976,separable
200671,198977,separable
200671,198978,separable
200671,198979,separable
200671,198980,separable
200671,198981,separable
200671,198982,separable
200671,198983,separable
200671,198984,separable
200671,198985,separable
200671,198986,separable
200671,198987,separable
200671,198988,separable
200671,198989,separable
200671,198990,separable
200671,198991,separable
200671,198992,separable
200671,198993,separable
200671,198994,separable
200671,198995,separable
200671,198996,separable
200671,198997,separable
200671,198998,separable
200671,198999,separable
200671,199000,separable
200671,199001,separable
200671,199002,separable
200671,199003,separable
200671,199004,separable
200671,199005,separable
200671,199006,separable
200671,199007,separable
200671,199008,separable
200671,199009,separable
200671,199010,separable
200671,199011,separable
200671,199012,separable
200671,199013,separable
200671,199014,separable
200671,199015,separable
200671,199016,separable
200671,199017,separable
200671,199018,separable
200671,199019,separable
200671,199020,separable
200671,199021,separable
200671,199022,separable
200671,199023,separable
200671,199024,separable
200671,199025,separable
200671,199026,separable
200671,199027,separable
200671,199028,separable
200671,199029,separable
200671,199030,separable
200671,199031,separable
200671,199032,separable
200671,199033,separable
200671,199034,separable
200671,199035,separable
200671,199036,separable
200671,199037,separable
200671,199038,separable
200671,199039,separable
200671,199040,separable
200671,199041,separable
200671,199042,separable
200671,199043,separable
200671,199044,separable
200671,199045,separable
200671,199046,separable
200671,199047,separable
200671,199048,separable
200671,199049,separable
200671,199050,separable
200671,199051,separable
200671,199052,separable
200671,199053,separable
200671,199054,separable
200671,199055,separable
200671,199056,separable
200671,199057,separable
200671,199058,separable
200671,199059,separable
200671,199060,separable
200671,199061,separable
200671,199062,separable
200671,199063,separable
200671,199064,separable
200671,199065,separable
200671,199066,separable
200671,199067,separable
200671,199068,separable
200671,199069,separable
200671,199070,separable
200671,199071,separable
200671,199072,separable
200671,199073,separable
200671,199074,separable
200671,199075,separable
200719,206181,separable
200719,206182,separable
200719,206183,separable
200719,206184,separable
200719,206185,separable
200719,206186,separable
200719,206187,separable
200719,206188,separable
200719,206189,separable
200719,206190,separable
200719,206191,separable
200719,206192,separable
200719,206193,separable
200833,208485,inseparable
200833,208486,inseparable
200833,208487,inseparable
200833,208488,inseparable
201094,206856,inseparable
201094,206857,inseparable
201094,206858,inseparable
201094,206859,inseparable
201094,206860,inseparable
201094,206861,inseparable
201094,206862,inseparable
201094,206863,inseparable
201094,206864,inseparable
201094,206865,inseparable
201094,206866,inseparable
201094,206867,inseparable
201094,206868,inseparable
201094,206869,inseparable
201094,206870,inseparable
201094,206871,inseparable
201094,206872,inseparable
201094,206873,inseparable
201094,206874,inseparable
201094,206875,inseparable
201094,206876,inseparable
201094,206877,inseparable
201094,206878,inseparable
201094,206879,inseparable
201094,206880,inseparable
201094,206881,inseparable
201094,206882,inseparable
201094,206883,inseparable
201094,206884,inseparable
201094,206885,inseparable
201094,206886,inseparable
201094,206887,inseparable
201094,206888,inseparable
201094,206889,inseparable
201094,206890,inseparable
201094,206891,inseparable
201094,206892,inseparable
201094,206893,inseparable
201094,206894,inseparable
201094,206895,inseparable
201094,206896,inseparable
201094,206897,inseparable
201094,206898,inseparable
201094,206899,inseparable
201094,206900,inseparable
201094,206901,inseparable
201094,206902,inseparable
201094,206903,inseparable
201094,206904,inseparable
201094,206905,inseparable
201094,206906,inseparable
201094,206907,inseparable
201094,206908,inseparable
201094,206909,inseparable
201094,206910,inseparable
201094,206911,inseparable
201119,220800,separable
201119,220801,separable
201119,220802,separable
201119,220803,separable
201119,220804,separable
201119,220805,separable
201119,220806,separable
201119,220807,separable
201119,220808,separable
201119,220809,separable
201119,220810,separable
201119,220811,separable
201119,220812,separable
201119,220813,separable
201119,220814,separable
201119,220815,separable
201119,220816,separable
201119,220817,separable
201119,220818,separable
201119,220819,separable
201119,220820,separable
201119,220821,separable
201119,220822,separable
201119,220823,separable
201119,220824,separable
201119,220825,separable
201119,220826,separable
201119,220827,separable
201119,220828,separable
201119,220829,separable
201119,220830,separable
201119,220831,separable
201238,221443,separable
201238,221444,separable
201238,221445,separable
201238,221446,separable
201238,221447,separable
201238,221448,separable
201238,221449,separable
201238,221450,separable
201238,221451,separable
201238,221452,separable
201238,221453,separable
201239,221657,separable
201239,221658,separable
201239,221659,separable
201239,221660,separable
201239,221661,separable
201239,221662,separable
201239,221663,separable
201239,221664,separable
201240,221515,separable
201240,221516,separable
201240,221517,separable
201240,221518,separable
201240,221519,separable
201240,221520,separable
201240,221521,separable
201240,221522,separable
201240,221523,separable
201240,221524,separable
202935,221666,separable
202935,221667,separable
202935,221668,separable
202935,221669,separable
202935,221670,separable
202935,221671,separable
202935,221672,separable
202935,221673,separable
202935,221674,separable
202935,221675,separable
202935,221676,separable
202935,221677,separable
202935,221678,separable
202935,221679,separable
202935,221680,separable
202935,221681,separable
202938,209517,separable
202938,209518,separable
202938,209519,separable
202938,209520,separable
202938,209521,separable
202938,209522,separable
202938,209523,separable
202938,209524,separable
202938,209525,separable
202938,209526,separable
202938,209527,separable
202938,209528,separable
202938,209529,separable
203075,206221,separable
203075,206222,separable
203075,206223,separable
203075,206224,separable
203075,206225,separable
203075,206226,separable
203075,206227,separable
203075,206228,separable
203075,206229,separable
203075,206230,separable
203075,206231,separable
203075,206232,separable
203075,206233,separable
203075,206234,separable
203075,206235,separable
203075,206236,separable
203075,206237,separable
203075,206238,separable
203075,206239,separable
203075,206240,separable
203075,206241,separable
203075,206242,separable
203075,206243,separable
203075,206244,separable
203075,206245,separable
204097,206464,separable
204097,206465,separable
204097,206466,separable
204097,206467,separable
204097,206468,separable
204097,206469,separable
204097,206470,separable
204097,206471,separable
204097,206472,separable
204097,206473,separable
204097,206474,separable
204097,206475,separable
204097,206476,separable
204097,206477,separable
204097,206478,separable
204098,206729,separable
204098,206730,separable
204098,206731,separable
204098,206732,separable
204098,206733,separable
204098,206734,separable
204098,206735,separable
204098,206736,separable
204098,206737,separable
204483,204484,inseparable
204483,204485,inseparable
204483,204486,inseparable
204483,204487,inseparable
204483,204488,inseparable
204483,204489,inseparable
204483,204490,inseparable
204483,204491,inseparable
204483,204492,inseparable
204483,204493,inseparable
204483,204494,inseparable
204483,204495,inseparable
204483,204496,inseparable
204483,204497,inseparable
204483,204498,inseparable
204723,208346,inseparable
204735,213051,inseparable
204739,213050,inseparable
204760,204761,inseparable
204760,204762,inseparable
204760,204763,inseparable
204760,204764,inseparable
204760,204765,inseparable
204760,204766,inseparable
204760,204767,inseparable
204760,204768,inseparable
204760,204769,inseparable
204760,204770,inseparable
204760,204771,inseparable
204760,204772,inseparable
204760,204773,inseparable
204760,204774,inseparable
204760,204775,inseparable
204776,204777,inseparable
204776,204778,inseparable
204776,204779,inseparable
204776,204780,inseparable
204776,204781,inseparable
204776,204782,inseparable
204776,204783,inseparable
204776,204784,inseparable
204776,204785,inseparable
204776,204786,inseparable
204776,204787,inseparable
204776,204788,inseparable
204776,204789,inseparable
204776,204790,inseparable
204776,204791,inseparable
204843,207618,separable
204843,207619,separable
204843,207620,separable
204930,207602,inseparable
204932,402,separable
204932,403,separable
204932,404,separable
205204,169260,separable
205204,169261,separable
205204,169262,separable
205204,169263,separable
205204,169264,separable
205204,169265,separable
205204,169266,separable
205204,169267,separable
205204,169268,separable
205204,169269,separable
205204,169270,separable
205204,169271,separable
205204,169272,separable
205204,169273,separable
205204,169274,separable
205204,169275,separable
205204,169276,separable
205204,169277,separable
205204,169278,separable
205204,169279,separable
205204,169280,separable
205204,169281,separable
205204,169282,separable
205204,169283,separable
205204,169284,separable
205204,169285,separable
205204,169286,separable
205204,169287,separable
205204,169288,separable
205204,169289,separable
205204,169290,separable
205204,169291,separable
205250,208489,separable
205250,208490,separable
205250,208491,separable
205250,208492,separable
205250,208493,separable
205250,208494,separable
205250,208495,separable
205250,208496,separable
205250,208497,separable
205250,208498,separable
205250,208499,separable
205250,208500,separable
205250,208501,separable
205250,208502,separable
205250,208503,separable
205250,208504,separable
205250,208505,separable
205250,208506,separable
205250,208507,separable
205250,208508,separable
205250,208509,separable
205250,208510,separable
205250,208511,separable
205250,208512,separable
205250,208513,separable
205250,208514,separable
205250,208515,separable
205250,208516,separable
205250,208517,separable
205369,207601,inseparable
205570,211726,inseparable
205570,211931,inseparable
205570,211932,inseparable
205570,211933,inseparable
205570,211934,inseparable
205570,211935,inseparable
205570,211936,inseparable
205570,211937,inseparable
205570,211938,inseparable
205570,211939,inseparable
205570,211940,inseparable
205570,211941,inseparable
205570,211942,inseparable
205570,211943,inseparable
205570,211944,inseparable
205570,211945,inseparable
205570,211946,inseparable
205570,211947,inseparable
205570,211948,inseparable
205570,211949,inseparable
205570,211950,inseparable
205570,211951,inseparable
205570,211952,inseparable
205570,211953,inseparable
205570,211954,inseparable
205570,211955,inseparable
205570,211956,inseparable
205570,211957,inseparable
205570,211958,inseparable
205570,211959,inseparable
205570,211960,inseparable
205570,211961,inseparable
205570,211962,inseparable
205570,211963,inseparable
205570,211964,inseparable
205570,211965,inseparable
205570,211966,inseparable
205570,211967,inseparable
205570,211968,inseparable
205570,211969,inseparable
205570,211970,inseparable
205570,211971,inseparable
205570,211972,inseparable
205570,211973,inseparable
205570,211974,inseparable
205570,211975,inseparable
205570,211976,inseparable
205570,211977,inseparable
205570,211978,inseparable
205570,211979,inseparable
205570,211980,inseparable
205570,211981,inseparable
205570,211982,inseparable
205570,211983,inseparable
205570,211984,inseparable
205570,211985,inseparable
205570,211986,inseparable
205570,211987,inseparable
205570,211988,inseparable
205570,211989,inseparable
205570,211990,inseparable
205570,211991,inseparable
205570,211992,inseparable
205570,211993,inseparable
205570,211994,inseparable
205570,211995,inseparable
205570,211996,inseparable
205570,211997,inseparable
205570,211998,inseparable
205570,211999,inseparable
205570,212000,inseparable
205570,212001,inseparable
205570,212002,inseparable
205570,212003,inseparable
205570,212004,inseparable
205570,212005,inseparable
205570,212006,inseparable
205570,212007,inseparable
205570,212008,inseparable
205570,212009,inseparable
205646,205650,inseparable
205646,205651,inseparable
205646,205662,inseparable
205646,205663,inseparable
205646,205664,inseparable
205646,205665,inseparable
205646,205666,inseparable
205646,205667,inseparable
205646,205668,inseparable
205646,205669,inseparable
205646,205670,inseparable
205646,205671,inseparable
205646,205672,inseparable
205646,205673,inseparable
205646,205674,inseparable
205646,205675,inseparable
205646,205676,inseparable
205646,205677,inseparable
205646,205678,inseparable
205646,205679,inseparable
205646,205681,inseparable
205646,205683,inseparable
205646,205686,inseparable
205646,205687,inseparable
205646,205689,inseparable
205646,205691,inseparable
205646,205692,inseparable
205646,205694,inseparable
205646,205695,inseparable
205646,205696,inseparable
205647,205697,inseparable
205647,205698,inseparable
205647,205699,inseparable
205647,205700,inseparable
205647,205701,inseparable
205647,205702,inseparable
205647,205703,inseparable
205647,205704,inseparable
205647,205705,inseparable
205647,205706,inseparable
205647,205707,inseparable
205647,205708,inseparable
205647,205709,inseparable
205647,205710,inseparable
205647,205711,inseparable
205647,205712,inseparable
205647,205713,inseparable
205647,205714,inseparable
205647,205715,inseparable
205647,205716,inseparable
205647,205717,inseparable
205647,205718,inseparable
205647,205719,inseparable
205647,205720,inseparable
205647,205721,inseparable
205647,205722,inseparable
205647,205723,inseparable
205647,205724,inseparable
205647,205725,inseparable
205647,205726,inseparable
205647,205727,inseparable
205647,205728,inseparable
205647,205729,inseparable
205647,205730,inseparable
205647,205731,inseparable
205648,205749,inseparable
205648,205750,inseparable
205648,205751,inseparable
205648,205752,inseparable
205648,205753,inseparable
205648,205754,inseparable
205648,205755,inseparable
205648,205756,inseparable
205648,205757,inseparable
205648,205758,inseparable
205648,205759,inseparable
205648,205760,inseparable
205648,205761,inseparable
205648,205762,inseparable
205648,205763,inseparable
205648,205764,inseparable
205648,205765,inseparable
205648,205766,inseparable
205648,205767,inseparable
205648,205768,inseparable
205648,205769,inseparable
205648,205770,inseparable
205648,205771,inseparable
205648,205772,inseparable
205648,205773,inseparable
205648,205774,inseparable
205648,205775,inseparable
205648,205776,inseparable
205648,205777,inseparable
205649,205652,inseparable
205649,205653,inseparable
205649,205654,inseparable
205649,205655,inseparable
205649,205656,inseparable
205649,205657,inseparable
205649,205658,inseparable
205649,205659,inseparable
205649,205660,inseparable
205649,205661,inseparable
205649,205680,inseparable
205649,205682,inseparable
205649,205684,inseparable
205649,205685,inseparable
205649,205688,inseparable
205649,205690,inseparable
205649,205693,inseparable
205649,205732,inseparable
205649,205733,inseparable
205649,205734,inseparable
205649,205735,inseparable
205649,205736,inseparable
205649,205737,inseparable
205649,205738,inseparable
205649,205739,inseparable
205649,205740,inseparable
205649,205741,inseparable
205649,205742,inseparable
205649,205743,inseparable
205649,205744,inseparable
205649,205745,inseparable
205649,205746,inseparable
205649,205747,inseparable
205649,205748,inseparable
206071,41585,separable
206071,41586,separable
206071,41587,separable
206071,41588,separable
206072,167923,separable
206072,198423,separable
206072,198424,separable
206106,206107,inseparable
206106,206108,inseparable
206106,206109,inseparable
206106,206110,inseparable
206106,206111,inseparable
206106,206112,inseparable
206106,206113,inseparable
206106,206114,inseparable
206106,206115,inseparable
206106,206116,inseparable
206106,206117,inseparable
206106,206118,inseparable
206106,206119,inseparable
206106,206120,inseparable
206106,206121,inseparable
206122,2,separable
206122,3,separable
206122,4,separable
206124,891,separable
206124,892,separable
206124,893,separable
206125,37633,separable
206125,37634,separable
206125,37635,separable
206126,6,separable
206126,7,separable
206126,8,separable
206127,29,separable
206127,30,separable
206127,31,separable
206421,208344,inseparable
206451,208322,inseparable
206453,208321,inseparable
206501,211418,separable
206501,211419,separable
206501,211420,separable
206501,211421,separable
206501,211422,separable
206501,211423,separable
206501,211424,separable
206501,211425,separable
206501,211426,separable
206501,211427,separable
206501,211428,separable
206501,211429,separable
206501,211430,separable
206501,211431,separable
206501,211432,separable
206501,211433,separable
206501,211434,separable
206501,211435,separable
206501,211436,separable
206501,211437,separable
206501,211438,separable
206501,211439,separable
206501,211440,separable
206501,211441,separable
206529,204413,separable
206529,204414,separable
206529,204415,separable
206529,204422,separable
206529,204423,separable
206540,210438,inseparable
206548,208232,separable
206548,208233,separable
206548,208234,separable
206548,208235,separable
206583,210416,separable
206583,210448,separable
206583,210449,separable
206583,210450,separable
206583,210451,separable
206583,210452,separable
206583,210453,separable
206583,210454,separable
206583,210455,separable
206583,210456,separable
206583,210457,separable
206583,210458,separable
206584,210417,separable
206584,210460,separable
206584,210461,separable
206584,210462,separable
206584,210463,separable
206584,210464,separable
206584,210465,separable
206584,210466,separable
206584,210467,separable
206584,210468,separable
206584,210469,separable
206584,210470,separable
206585,210418,separable
206585,210474,separable
206585,210475,separable
206585,210476,separable
206585,210477,separable
206585,210478,separable
206585,210479,separable
206585,210480,separable
206585,210481,separable
206585,210482,separable
206585,210483,separable
206585,210484,separable
206644,156726,separable
206644,158089,separable
206644,158090,separable
206644,158091,separable
206816,226476,inseparable
206816,226477,inseparable
206816,226478,inseparable
206816,226479,inseparable
206816,226480,inseparable
206816,226481,inseparable
206816,226482,inseparable
206816,226483,inseparable
206816,226484,inseparable
206816,226485,inseparable
206816,226486,inseparable
206816,226487,inseparable
206816,226488,inseparable
206816,226489,inseparable
206816,226490,inseparable
206816,226491,inseparable
206816,226492,inseparable
206816,226493,inseparable
206816,226494,inseparable
206816,226495,inseparable
206816,226496,inseparable
206816,226497,inseparable
206816,226498,inseparable
206816,226499,inseparable
206816,226500,inseparable
206816,226501,inseparable
206816,226502,inseparable
206816,226503,inseparable
206816,226504,inseparable
206816,226505,inseparable
206816,226506,inseparable
206816,226507,inseparable
206816,226508,inseparable
206816,226509,inseparable
206816,226510,inseparable
206816,226511,inseparable
206816,226512,inseparable
206816,226513,inseparable
206816,226514,inseparable
206816,226515,inseparable
206816,226516,inseparable
206816,226517,inseparable
206816,226518,inseparable
206816,226519,inseparable
206816,226520,inseparable
206816,226521,inseparable
206816,226522,inseparable
206816,226523,inseparable
206816,226524,inseparable
206816,226525,inseparable
206919,172727,separable
206919,206917,separable
206919,206918,separable
207029,208916,separable
207029,208917,separable
207029,208918,separable
207029,208919,separable
207029,208920,separable
207652,208006,inseparable
207652,208007,inseparable
207652,208008,inseparable
207652,208009,inseparable
207652,208010,inseparable
207652,208011,inseparable
207652,208012,inseparable
207652,208013,inseparable
207652,208014,inseparable
207652,208015,inseparable
207652,208016,inseparable
207652,208017,inseparable
207652,208018,inseparable
207652,208019,inseparable
207652,208020,inseparable
207652,208021,inseparable
207652,208022,inseparable
207652,208023,inseparable
207652,208024,inseparable
207652,208025,inseparable
207652,208026,inseparable
207652,208027,inseparable
207652,208028,inseparable
207652,208029,inseparable
207652,208030,inseparable
207652,208031,inseparable
207652,208032,inseparable
207652,208033,inseparable
207652,208034,inseparable
207652,208035,inseparable
207652,208036,inseparable
207652,208037,inseparable
207652,208038,inseparable
207652,208039,inseparable
207652,208040,inseparable
207652,208041,inseparable
207652,208042,inseparable
207652,208043,inseparable
207652,208044,inseparable
207652,208045,inseparable
207652,208046,inseparable
207652,208047,inseparable
207652,208048,inseparable
207652,208049,inseparable
207652,208050,inseparable
207652,208051,inseparable
207652,208052,inseparable
207652,208053,inseparable
207652,208054,inseparable
207652,208055,inseparable
207652,208056,inseparable
207652,208057,inseparable
207652,208058,inseparable
207652,208059,inseparable
207652,208060,inseparable
207652,208061,inseparable
207652,208062,inseparable
207652,208063,inseparable
207652,208064,inseparable
207652,208065,inseparable
207652,208066,inseparable
207652,208067,inseparable
207653,208731,inseparable
207653,208734,inseparable
207653,208735,inseparable
207653,208736,inseparable
207653,208737,inseparable
207653,208738,inseparable
207653,208739,inseparable
207653,208740,inseparable
207653,208741,inseparable
207653,208742,inseparable
207653,208743,inseparable
207653,208744,inseparable
207653,208745,inseparable
207653,208746,inseparable
207653,208747,inseparable
207653,208748,inseparable
207653,208749,inseparable
207653,208750,inseparable
207653,208751,inseparable
207653,208752,inseparable
207653,208753,inseparable
207653,208754,inseparable
207653,208755,inseparable
207653,208756,inseparable
207653,208757,inseparable
207653,208758,inseparable
207653,208759,inseparable
207653,208760,inseparable
207653,208761,inseparable
207653,208762,inseparable
207653,208763,inseparable
207653,208764,inseparable
207653,208765,inseparable
207653,208766,inseparable
207653,208767,inseparable
207653,208768,inseparable
207653,208769,inseparable
207653,208770,inseparable
207653,208771,inseparable
207653,208772,inseparable
207653,208773,inseparable
207653,208774,inseparable
207653,208775,inseparable
207653,208776,inseparable
207653,208777,inseparable
207653,208778,inseparable
207653,208779,inseparable
207653,208780,inseparable
207653,208781,inseparable
207653,208782,inseparable
207653,208783,inseparable
207653,208784,inseparable
207653,208785,inseparable
207653,208786,inseparable
207653,208787,inseparable
207653,208788,inseparable
207653,208789,inseparable
207653,208790,inseparable
207653,208791,inseparable
207653,208792,inseparable
207653,208793,inseparable
207653,208794,inseparable
207653,208795,inseparable
207653,208796,inseparable
207653,208797,inseparable
207653,208798,inseparable
207653,208799,inseparable
207653,208800,inseparable
207653,208801,inseparable
207653,208802,inseparable
207653,208803,inseparable
207653,208804,inseparable
207653,208805,inseparable
207653,208806,inseparable
207653,208807,inseparable
207653,208808,inseparable
207653,208809,inseparable
207653,208810,inseparable
207653,208811,inseparable
207653,208812,inseparable
207653,208813,inseparable
207653,208814,inseparable
207653,208815,inseparable
207653,208816,inseparable
207653,208817,inseparable
207653,208818,inseparable
207653,208819,inseparable
207653,208820,inseparable
207653,208821,inseparable
207653,208822,inseparable
207653,208823,inseparable
207653,208824,inseparable
207653,208825,inseparable
207653,208826,inseparable
207653,208827,inseparable
207653,208828,inseparable
207653,208829,inseparable
207653,208830,inseparable
207653,208831,inseparable
207653,208832,inseparable
207653,208833,inseparable
207653,208834,inseparable
207653,208835,inseparable
207835,208684,inseparable
207839,208683,inseparable
207851,208685,inseparable
207851,208686,inseparable
207851,208687,inseparable
207851,208688,inseparable
207851,208689,inseparable
207851,208690,inseparable
207851,208691,inseparable
207851,208692,inseparable
207851,208693,inseparable
207851,208694,inseparable
207851,208695,inseparable
207851,208696,inseparable
207851,208697,inseparable
207851,208698,inseparable
207851,208699,inseparable
207851,208700,inseparable
207851,208701,inseparable
207851,208702,inseparable
207851,208703,inseparable
207851,208704,inseparable
207851,208705,inseparable
207851,208706,inseparable
207851,208707,inseparable
207851,208708,inseparable
207851,208709,inseparable
207851,208710,inseparable
207851,208711,inseparable
207851,208712,inseparable
207851,208713,inseparable
207851,208714,inseparable
207851,208715,inseparable
207851,208716,inseparable
207851,208717,inseparable
207851,208718,inseparable
207851,208719,inseparable
207851,208720,inseparable
207851,208721,inseparable
207851,208722,inseparable
207851,208723,inseparable
207851,208724,inseparable
207851,208725,inseparable
207851,208726,inseparable
207851,208727,inseparable
207851,208728,inseparable
207851,208729,inseparable
207851,208730,inseparable
207851,208733,inseparable
208194,211536,inseparable
208194,211537,inseparable
208194,211538,inseparable
208194,211539,inseparable
208194,211540,inseparable
208194,211541,inseparable
208194,211542,inseparable
208194,211543,inseparable
208194,211544,inseparable
208194,211545,inseparable
208194,211546,inseparable
208194,211547,inseparable
208194,211548,inseparable
208194,211549,inseparable
208194,211550,inseparable
208194,211551,inseparable
208194,211552,inseparable
208194,211553,inseparable
208194,211554,inseparable
208194,211555,inseparable
208194,211556,inseparable
208194,211557,inseparable
208194,211558,inseparable
208194,211559,inseparable
208194,211560,inseparable
208194,211561,inseparable
208194,211562,inseparable
208194,211563,inseparable
208194,211564,inseparable
208194,211565,inseparable
208194,211566,inseparable
208194,211567,inseparable
208194,211568,inseparable
208194,211569,inseparable
208194,211570,inseparable
208194,211571,inseparable
208194,211572,inseparable
208194,211573,inseparable
208194,211574,inseparable
208194,211575,inseparable
208194,211576,inseparable
208194,211577,inseparable
208194,211578,inseparable
208194,211579,inseparable
208194,211580,inseparable
208194,211581,inseparable
208194,211582,inseparable
208194,211583,inseparable
208194,211584,inseparable
208194,211585,inseparable
208194,211586,inseparable
208194,211587,inseparable
208194,211588,inseparable
208194,211589,inseparable
208195,211590,separable
208195,211591,separable
208195,211592,separable
208195,211593,separable
208195,211594,separable
208195,211595,separable
208195,211596,separable
208195,211597,separable
208195,211598,separable
208195,211599,separable
208195,211600,separable
208195,211601,separable
208195,211602,separable
208195,211603,separable
208195,211604,separable
208195,211605,separable
208195,211606,separable
208195,211607,separable
208195,211608,separable
208195,211609,separable
208195,211610,separable
208195,211611,separable
208195,211612,separable
208195,211613,separable
208195,211614,separable
208195,211615,separable
208195,211616,separable
208195,211617,separable
208195,211618,separable
208195,211619,separable
208195,211620,separable
208195,211621,separable
208195,211622,separable
208195,211623,separable
208195,211624,separable
208195,211625,separable
208195,211626,separable
208195,211627,separable
208204,139740,separable
208204,139741,separable
208204,139742,separable
208204,139743,separable
208204,139744,separable
208211,193854,separable
208211,193870,separable
208211,193871,separable
208211,193872,separable
208211,193873,separable
208211,193874,separable
208211,193875,separable
208211,193876,separable
208211,193877,separable
208211,193878,separable
208211,193879,separable
208211,193880,separable
208211,197294,separable
208212,193881,separable
208212,193882,separable
208212,193883,separable
208212,193884,separable
208212,193886,separable
208212,193887,separable
208212,193888,separable
208212,193889,separable
208212,193893,separable
208212,197295,separable
208212,197296,separable
208219,210420,inseparable
208219,210421,inseparable
208219,210422,inseparable
208219,210423,inseparable
208219,210424,inseparable
208219,210425,inseparable
208219,210426,inseparable
208219,210427,inseparable
208219,210428,inseparable
208219,210429,inseparable
208219,210430,inseparable
208219,210431,inseparable
208219,210432,inseparable
208219,210433,inseparable
208219,210434,inseparable
208219,210435,inseparable
208219,210436,inseparable
208219,210437,inseparable
208219,210446,inseparable
208219,210447,inseparable
208475,210690,inseparable
208475,210691,inseparable
208475,210692,inseparable
208475,210693,inseparable
208475,210694,inseparable
208475,210695,inseparable
208475,210696,inseparable
208475,210697,inseparable
208475,210698,inseparable
208475,210699,inseparable
208475,210700,inseparable
208475,210701,inseparable
208475,210702,inseparable
208475,210703,inseparable
208475,210704,inseparable
208475,210705,inseparable
208475,210706,inseparable
208475,210707,inseparable
208475,210708,inseparable
208475,210709,inseparable
208475,210710,inseparable
208475,210711,inseparable
208475,210712,inseparable
208475,210713,inseparable
208475,210714,inseparable
208475,210715,inseparable
208475,210716,inseparable
208475,210717,inseparable
208475,210718,inseparable
208475,210719,inseparable
208475,210720,inseparable
208475,210721,inseparable
208475,210722,inseparable
208475,210723,inseparable
208475,210724,inseparable
208475,210725,inseparable
208475,210726,inseparable
208475,210727,inseparable
208475,210728,inseparable
208475,210729,inseparable
208475,210730,inseparable
208475,210731,inseparable
208475,210732,inseparable
208475,210733,inseparable
208475,210734,inseparable
208475,210735,inseparable
208475,210736,inseparable
208475,210737,inseparable
208475,210738,inseparable
209436,216820,inseparable
209436,216821,inseparable
209436,216822,inseparable
209436,216823,inseparable
209436,216824,inseparable
209436,216825,inseparable
209436,216826,inseparable
209436,216827,inseparable
209436,216828,inseparable
209436,216829,inseparable
209436,216830,inseparable
209436,216831,inseparable
209436,216832,inseparable
209436,216833,inseparable
209436,216834,inseparable
209436,216835,inseparable
209436,216836,inseparable
209436,216837,inseparable
209436,216838,inseparable
209436,216839,inseparable
209436,216840,inseparable
209436,216841,inseparable
209436,216842,inseparable
209436,216843,inseparable
209436,216844,inseparable
209436,216845,inseparable
209436,216846,inseparable
209436,216847,inseparable
209515,176183,separable
209515,197631,separable
210072,212551,inseparable
210072,212552,inseparable
210072,212553,inseparable
210072,212554,inseparable
210072,212555,inseparable
210072,212556,inseparable
210072,212557,inseparable
210072,212558,inseparable
210149,212064,inseparable
210154,212807,inseparable
210178,216848,inseparable
210178,216849,inseparable
210178,216850,inseparable
210178,216851,inseparable
210178,216852,inseparable
210178,216853,inseparable
210178,216854,inseparable
210178,216855,inseparable
210178,216856,inseparable
210178,216857,inseparable
210178,216858,inseparable
210178,216859,separable
210178,216860,separable
210178,216861,separable
210178,216862,separable
210178,216863,separable
210684,221767,separable
210684,221768,separable
210684,221769,separable
210684,221770,separable
210684,221771,separable
210684,221772,separable
210684,221773,separable
210684,221774,separable
210684,221775,separable
210684,221776,separable
210684,221777,separable
210684,221778,separable
210684,221779,separable
210684,221780,separable
210684,221781,separable
210684,221782,separable
210684,221783,separable
210684,221784,separable
210684,221785,separable
210684,221786,separable
210684,221806,separable
210684,221807,separable
210684,221808,separable
210684,221809,separable
210684,221810,separable
210684,221811,separable
210684,221812,separable
210684,221813,separable
210684,221814,separable
210684,221815,separable
210684,221816,separable
210684,221817,separable
210684,221818,separable
210684,221819,separable
210684,221820,separable
210684,221821,separable
210684,221822,separable
210684,221823,separable
210684,221824,separable
210684,221825,separable
210684,221826,separable
210684,221827,separable
210684,221828,separable
210684,221829,separable
210684,221858,separable
210684,221859,separable
210684,221860,separable
210684,221861,separable
210684,221862,separable
210684,221863,separable
210684,221864,separable
210684,221865,separable
210684,221866,separable
210684,221867,separable
210684,221868,separable
210684,221869,separable
210684,221870,separable
210684,221871,separable
210684,221872,separable
210684,221873,separable
210684,221874,separable
210684,221875,separable
210684,221876,separable
210684,221877,separable
210684,221878,separable
210684,221879,separable
210684,221880,separable
210684,221881,separable
210684,221882,separable
210684,221947,separable
210684,221948,separable
210684,221949,separable
210684,221950,separable
210684,221951,separable
210684,221952,separable
210684,221953,separable
210684,221954,separable
210684,221955,separable
210684,221956,separable
210684,221957,separable
210684,221958,separable
210684,221959,separable
210684,221960,separable
210684,221961,separable
210684,221962,separable
210684,221963,separable
210684,221964,separable
210684,221965,separable
210684,221966,separable
210684,221986,separable
210684,221987,separable
210684,221988,separable
210684,221989,separable
210684,221990,separable
210684,221991,separable
210684,221992,separable
210684,221993,separable
210684,221994,separable
210684,221995,separable
210684,221996,separable
210684,221997,separable
210684,221998,separable
210684,221999,separable
210684,222000,separable
210684,222001,separable
210684,222002,separable
210684,222003,separable
210684,222004,separable
210684,222005,separable
210684,222006,separable
210684,222007,separable
210684,222008,separable
211511,169980,separable
211511,169981,separable
211511,169982,separable
211511,169983,separable
211511,169984,separable
211511,181577,separable
211511,182519,separable
211704,216339,separable
211704,217426,inseparable
211704,217427,inseparable
211704,217428,inseparable
211704,217429,inseparable
211704,217430,inseparable
211704,217431,inseparable
211704,217432,inseparable
211704,217433,inseparable
211704,217434,inseparable
211704,217435,inseparable
211704,217436,inseparable
211704,217437,inseparable
211704,217438,inseparable
211704,217439,inseparable
211704,217440,inseparable
211704,217441,inseparable
211704,217442,inseparable
211704,217443,inseparable
211704,217444,inseparable
211704,217445,inseparable
211704,217446,inseparable
211704,217447,inseparable
211704,217448,inseparable
211704,217449,inseparable
211704,217450,inseparable
211704,217451,inseparable
211704,217452,inseparable
211704,217453,inseparable
211704,217454,inseparable
211704,217455,inseparable
211704,217456,inseparable
211704,217457,inseparable
211704,217458,inseparable
211704,217459,inseparable
211704,217460,inseparable
211704,217461,inseparable
211704,217462,inseparable
211704,217463,inseparable
211704,217464,inseparable
211704,217465,inseparable
211704,217466,inseparable
211704,217467,inseparable
211704,217468,inseparable
211704,217469,inseparable
211704,217470,inseparable
211704,217471,inseparable
211704,217472,inseparable
211704,217473,inseparable
211704,217474,inseparable
211704,217475,inseparable
211704,217476,inseparable
211704,217477,inseparable
211704,217478,inseparable
211704,217479,inseparable
211704,217480,inseparable
211704,217481,inseparable
211704,217482,inseparable
211704,217483,inseparable
211704,217484,inseparable
211704,217485,inseparable
211704,217486,inseparable
211704,217487,inseparable
211704,217488,inseparable
211704,217489,inseparable
211704,217490,inseparable
211704,217491,inseparable
211704,217492,inseparable
211704,217493,inseparable
211704,217494,inseparable
211704,217495,inseparable
211725,172008,separable
211725,211715,separable
211725,211716,separable
211725,211717,separable
211725,211718,separable
211725,211719,separable
211725,211720,separable
211725,211721,separable
211725,211722,separable
211725,211723,separable
211725,211724,separable
212178,217271,inseparable
212178,217272,inseparable
212631,193858,separable
212631,193859,separable
212631,193860,separable
212631,193861,separable
212631,193862,separable
212631,193863,separable
212631,193864,separable
212631,193865,separable
212631,193866,separable
212631,193867,separable
212631,193868,separable
212631,193869,separable
213142,213143,inseparable
213144,213145,inseparable
213528,221616,inseparable
213644,217007,separable
213644,217008,separable
213644,217009,separable
213644,217010,separable
213644,217011,separable
213644,217012,separable
213644,217013,separable
213644,217014,separable
213644,217015,separable
213644,217016,separable
213644,217017,separable
213644,217018,separable
213644,217019,separable
213644,217020,separable
213644,217021,separable
213644,217022,separable
213644,217023,separable
213644,217024,separable
213644,217025,separable
213644,217026,separable
213644,217027,separable
213644,217028,separable
213644,217029,separable
213644,217030,separable
213644,217031,separable
213644,217032,separable
213644,217033,separable
213644,217034,separable
213644,217035,separable
213644,217036,separable
213644,217037,separable
213644,217038,separable
213644,217039,separable
213644,217040,separable
213644,217041,separable
213644,217042,separable
213644,217043,separable
213644,217044,separable
213644,217045,separable
213644,217046,separable
213644,217047,separable
213644,217048,separable
213644,217049,separable
213644,217050,separable
213644,217051,separable
213644,217052,separable
213644,217053,separable
213644,217054,separable
213881,214144,inseparable
213881,214145,inseparable
213881,214146,inseparable
213881,214147,inseparable
213881,214148,inseparable
213881,214149,inseparable
213881,214150,inseparable
213881,214151,inseparable
213881,214152,inseparable
213881,214153,inseparable
213881,214154,inseparable
213881,214155,inseparable
213881,214156,inseparable
213881,214157,inseparable
213881,214158,inseparable
214194,217242,inseparable
214260,217761,inseparable
214350,214351,inseparable
214350,214352,inseparable
214350,214353,inseparable
214350,214354,inseparable
214350,214355,inseparable
214350,214356,inseparable
214350,214357,inseparable
214350,214358,inseparable
214350,214359,inseparable
214350,214360,inseparable
214350,214361,inseparable
214350,214362,inseparable
214350,214363,inseparable
214350,214364,inseparable
214350,214365,inseparable
214375,214376,inseparable
214375,214377,inseparable
214375,214378,inseparable
214375,214379,inseparable
214375,214380,inseparable
214375,214381,inseparable
214375,214382,inseparable
214375,214383,inseparable
214375,214384,inseparable
214375,214385,inseparable
214375,214386,inseparable
214375,214387,inseparable
214375,214388,inseparable
214375,214389,inseparable
214375,214390,inseparable
214391,214392,inseparable
214391,214393,inseparable
214391,214394,inseparable
214391,214395,inseparable
214391,214396,inseparable
214391,214397,inseparable
214391,214398,inseparable
214391,214399,inseparable
214391,214400,inseparable
214391,214401,inseparable
214391,214402,inseparable
214391,214403,inseparable
214391,214404,inseparable
214391,214405,inseparable
214391,214406,inseparable
214435,214436,inseparable
214435,214437,inseparable
214435,214438,inseparable
214435,214439,inseparable
214435,214440,inseparable
214435,214441,inseparable
214435,214442,inseparable
214435,214443,inseparable
214435,214444,inseparable
214435,214445,inseparable
214435,214446,inseparable
214435,214447,inseparable
214435,214448,inseparable
214435,214449,inseparable
214435,214450,inseparable
214451,214452,inseparable
214451,214453,inseparable
214451,214454,inseparable
214451,214455,inseparable
214451,214456,inseparable
214451,214457,inseparable
214451,214458,inseparable
214451,214459,inseparable
214451,214460,inseparable
214451,214461,inseparable
214451,214462,inseparable
214451,214463,inseparable
214451,214464,inseparable
214451,214465,inseparable
214451,214466,inseparable
214467,214468,inseparable
214467,214469,inseparable
214467,214470,inseparable
214467,214471,inseparable
214467,214472,inseparable
214467,214473,inseparable
214467,214474,inseparable
214467,214475,inseparable
214467,214476,inseparable
214467,214477,inseparable
214467,214478,inseparable
214467,214479,inseparable
214467,214480,inseparable
214467,214481,inseparable
214467,214482,inseparable
214489,214490,inseparable
214489,214491,inseparable
214489,214492,inseparable
214489,214493,inseparable
214489,214494,inseparable
214489,214495,inseparable
214489,214496,inseparable
214489,214497,inseparable
214489,214498,inseparable
214489,214499,inseparable
214489,214500,inseparable
214489,214501,inseparable
214489,214502,inseparable
214489,214503,inseparable
214489,214504,inseparable
214505,214506,inseparable
214505,214507,inseparable
214505,214508,inseparable
214505,214509,inseparable
214505,214510,inseparable
214505,214511,inseparable
214505,214512,inseparable
214505,214513,inseparable
214505,214514,inseparable
214505,214515,inseparable
214505,214516,inseparable
214505,214517,inseparable
214505,214518,inseparable
214505,214519,inseparable
214505,214520,inseparable
214523,214524,inseparable
214523,214525,inseparable
214523,214526,inseparable
214523,214527,inseparable
214523,214528,inseparable
214523,214529,inseparable
214523,214530,inseparable
214523,214531,inseparable
214523,214532,inseparable
214523,214533,inseparable
214523,214534,inseparable
214523,214535,inseparable
214523,214536,inseparable
214523,214537,inseparable
214523,214538,inseparable
214543,214544,inseparable
214543,214545,inseparable
214543,214546,inseparable
214543,214547,inseparable
214543,214548,inseparable
214543,214549,inseparable
214543,214550,inseparable
214543,214551,inseparable
214543,214552,inseparable
214543,214553,inseparable
214543,214554,inseparable
214543,214555,inseparable
214543,214556,inseparable
214543,214557,inseparable
214543,214558,inseparable
214569,214570,inseparable
214569,214571,inseparable
214569,214572,inseparable
214569,214573,inseparable
214569,214574,inseparable
214569,214575,inseparable
214569,214576,inseparable
214569,214577,inseparable
214569,214578,inseparable
214569,214579,inseparable
214569,214580,inseparable
214569,214581,inseparable
214569,214582,inseparable
214569,214583,inseparable
214569,214584,inseparable
214587,214588,inseparable
214587,214589,inseparable
214587,214590,inseparable
214587,214591,inseparable
214587,214592,inseparable
214587,214593,inseparable
214587,214594,inseparable
214587,214595,inseparable
214587,214596,inseparable
214587,214597,inseparable
214587,214598,inseparable
214587,214599,inseparable
214587,214600,inseparable
214587,214601,inseparable
214587,214602,inseparable
214604,214605,inseparable
214604,214606,inseparable
214604,214607,inseparable
214604,214608,inseparable
214604,214609,inseparable
214604,214610,inseparable
214604,214611,inseparable
214604,214612,inseparable
214604,214613,inseparable
214604,214614,inseparable
214604,214615,inseparable
214604,214616,inseparable
214604,214617,inseparable
214604,214618,inseparable
214604,214619,inseparable
214622,214623,inseparable
214622,214624,inseparable
214622,214625,inseparable
214622,214626,inseparable
214622,214627,inseparable
214622,214628,inseparable
214622,214629,inseparable
214622,214630,inseparable
214622,214631,inseparable
214622,214632,inseparable
214622,214633,inseparable
214622,214634,inseparable
214622,214635,inseparable
214622,214636,inseparable
214622,214637,inseparable
214641,214642,inseparable
214641,214643,inseparable
214641,214644,inseparable
214641,214645,inseparable
214641,214646,inseparable
214641,214647,inseparable
214641,214648,inseparable
214641,214649,inseparable
214641,214650,inseparable
214641,214651,inseparable
214641,214652,inseparable
214641,214653,inseparable
214641,214654,inseparable
214641,214655,inseparable
214641,214656,inseparable
214657,214658,inseparable
214657,214659,inseparable
214657,214660,inseparable
214657,214661,inseparable
214657,214662,inseparable
214657,214663,inseparable
214657,214664,inseparable
214657,214665,inseparable
214657,214666,inseparable
214657,214667,inseparable
214657,214668,inseparable
214657,214669,inseparable
214657,214670,inseparable
214657,214671,inseparable
214657,214672,inseparable
214673,214674,inseparable
214673,214675,inseparable
214673,214676,inseparable
214673,214677,inseparable
214673,214678,inseparable
214673,214679,inseparable
214673,214680,inseparable
214673,214681,inseparable
214673,214682,inseparable
214673,214683,inseparable
214673,214684,inseparable
214673,214685,inseparable
214673,214686,inseparable
214673,214687,inseparable
214673,214688,inseparable
214689,214690,inseparable
214689,214691,inseparable
214689,214692,inseparable
214689,214693,inseparable
214689,214694,inseparable
214689,214695,inseparable
214689,214696,inseparable
214689,214697,inseparable
214689,214698,inseparable
214689,214699,inseparable
214689,214700,inseparable
214689,214701,inseparable
214689,214702,inseparable
214689,214703,inseparable
214689,214704,inseparable
214705,214706,inseparable
214705,214707,inseparable
214705,214708,inseparable
214705,214709,inseparable
214705,214710,inseparable
214705,214711,inseparable
214705,214712,inseparable
214705,214713,inseparable
214705,214714,inseparable
214705,214715,inseparable
214705,214716,inseparable
214705,214717,inseparable
214705,214718,inseparable
214705,214719,inseparable
214705,214720,inseparable
214721,214722,inseparable
214721,214723,inseparable
214721,214724,inseparable
214721,214725,inseparable
214721,214726,inseparable
214721,214727,inseparable
214721,214728,inseparable
214721,214729,inseparable
214721,214730,inseparable
214721,214731,inseparable
214721,214732,inseparable
214721,214733,inseparable
214721,214734,inseparable
214721,214735,inseparable
214721,214736,inseparable
214737,214738,inseparable
214737,214739,inseparable
214737,214740,inseparable
214737,214741,inseparable
214737,214742,inseparable
214737,214743,inseparable
214737,214744,inseparable
214737,214745,inseparable
214737,214746,inseparable
214737,214747,inseparable
214737,214748,inseparable
214737,214749,inseparable
214737,214750,inseparable
214737,214751,inseparable
214737,214752,inseparable
214753,214754,inseparable
214753,214755,inseparable
214753,214756,inseparable
214753,214757,inseparable
214753,214758,inseparable
214753,214759,inseparable
214753,214760,inseparable
214753,214761,inseparable
214753,214762,inseparable
214753,214763,inseparable
214753,214764,inseparable
214753,214765,inseparable
214753,214766,inseparable
214753,214767,inseparable
214753,214768,inseparable
214806,210356,separable
214806,210357,separable
214806,210358,separable
214806,210359,separable
214931,214932,inseparable
214931,214933,inseparable
214931,214934,inseparable
214931,214935,inseparable
214931,214936,inseparable
214931,214937,inseparable
214931,214938,inseparable
214931,214939,inseparable
214931,214940,inseparable
214931,214941,inseparable
214931,214942,inseparable
214931,214943,inseparable
214931,214944,inseparable
214931,214945,inseparable
214931,214946,inseparable
214959,214960,inseparable
214959,214961,inseparable
214959,214962,inseparable
214959,214963,inseparable
214959,214964,inseparable
214959,214965,inseparable
214959,214966,inseparable
214959,214967,inseparable
214959,214968,inseparable
214959,214969,inseparable
214959,214970,inseparable
214959,214971,inseparable
214959,214972,inseparable
214959,214973,inseparable
214959,214974,inseparable
214975,214976,inseparable
214975,214977,inseparable
214975,214978,inseparable
214975,214979,inseparable
214975,214980,inseparable
214975,214981,inseparable
214975,214982,inseparable
214975,214983,inseparable
214975,214984,inseparable
214975,214985,inseparable
214975,214986,inseparable
214975,214987,inseparable
214975,214988,inseparable
214975,214989,inseparable
214975,214990,inseparable
214991,214992,inseparable
214991,214993,inseparable
214991,214994,inseparable
214991,214995,inseparable
214991,214996,inseparable
214991,214997,inseparable
214991,214998,inseparable
214991,214999,inseparable
214991,215000,inseparable
214991,215001,inseparable
214991,215002,inseparable
214991,215003,inseparable
214991,215004,inseparable
214991,215005,inseparable
214991,215006,inseparable
215007,215008,inseparable
215007,215009,inseparable
215007,215010,inseparable
215007,215011,inseparable
215007,215012,inseparable
215007,215013,inseparable
215007,215014,inseparable
215007,215015,inseparable
215007,215016,inseparable
215007,215017,inseparable
215007,215018,inseparable
215007,215019,inseparable
215007,215020,inseparable
215007,215021,inseparable
215007,215022,inseparable
215023,215024,inseparable
215023,215025,inseparable
215023,215026,inseparable
215023,215027,inseparable
215023,215028,inseparable
215023,215029,inseparable
215023,215030,inseparable
215023,215031,inseparable
215023,215032,inseparable
215023,215033,inseparable
215023,215034,inseparable
215023,215035,inseparable
215023,215036,inseparable
215023,215037,inseparable
215023,215038,inseparable
215039,215040,inseparable
215039,215041,inseparable
215039,215042,inseparable
215039,215043,inseparable
215039,215044,inseparable
215039,215045,inseparable
215039,215046,inseparable
215039,215047,inseparable
215039,215048,inseparable
215039,215049,inseparable
215039,215050,inseparable
215039,215051,inseparable
215039,215052,inseparable
215039,215053,inseparable
215039,215054,inseparable
215055,215056,inseparable
215055,215057,inseparable
215055,215058,inseparable
215055,215059,inseparable
215055,215060,inseparable
215055,215061,inseparable
215055,215062,inseparable
215055,215063,inseparable
215055,215064,inseparable
215055,215065,inseparable
215055,215066,inseparable
215055,215067,inseparable
215055,215068,inseparable
215055,215069,inseparable
215055,215070,inseparable
215071,215072,inseparable
215071,215073,inseparable
215071,215074,inseparable
215071,215075,inseparable
215071,215076,inseparable
215071,215077,inseparable
215071,215078,inseparable
215071,215079,inseparable
215071,215080,inseparable
215071,215081,inseparable
215071,215082,inseparable
215071,215083,inseparable
215071,215084,inseparable
215071,215085,inseparable
215071,215086,inseparable
215087,215088,inseparable
215087,215089,inseparable
215087,215090,inseparable
215087,215091,inseparable
215087,215092,inseparable
215087,215093,inseparable
215087,215094,inseparable
215087,215095,inseparable
215087,215096,inseparable
215087,215097,inseparable
215087,215098,inseparable
215087,215099,inseparable
215087,215100,inseparable
215087,215101,inseparable
215087,215102,inseparable
215103,215104,inseparable
215103,215105,inseparable
215103,215106,inseparable
215103,215107,inseparable
215103,215108,inseparable
215103,215109,inseparable
215103,215110,inseparable
215103,215111,inseparable
215103,215112,inseparable
215103,215113,inseparable
215103,215114,inseparable
215103,215115,inseparable
215103,215116,inseparable
215103,215117,inseparable
215103,215118,inseparable
215119,215120,inseparable
215119,215121,inseparable
215119,215122,inseparable
215119,215123,inseparable
215119,215124,inseparable
215119,215125,inseparable
215119,215126,inseparable
215119,215127,inseparable
215119,215128,inseparable
215119,215129,inseparable
215119,215130,inseparable
215119,215131,inseparable
215119,215132,inseparable
215119,215133,inseparable
215119,215134,inseparable
215135,215136,inseparable
215135,215137,inseparable
215135,215138,inseparable
215135,215139,inseparable
215135,215140,inseparable
215135,215141,inseparable
215135,215142,inseparable
215135,215143,inseparable
215135,215144,inseparable
215135,215145,inseparable
215135,215146,inseparable
215135,215147,inseparable
215135,215148,inseparable
215135,215149,inseparable
215135,215150,inseparable
215151,215152,inseparable
215151,215153,inseparable
215151,215154,inseparable
215151,215155,inseparable
215151,215156,inseparable
215151,215157,inseparable
215151,215158,inseparable
215151,215159,inseparable
215151,215160,inseparable
215151,215161,inseparable
215151,215162,inseparable
215151,215163,inseparable
215151,215164,inseparable
215151,215165,inseparable
215151,215166,inseparable
215167,215168,inseparable
215167,215169,inseparable
215167,215170,inseparable
215167,215171,inseparable
215167,215172,inseparable
215167,215173,inseparable
215167,215174,inseparable
215167,215175,inseparable
215167,215176,inseparable
215167,215177,inseparable
215167,215178,inseparable
215167,215179,inseparable
215167,215180,inseparable
215167,215181,inseparable
215167,215182,inseparable
215183,215184,inseparable
215183,215185,inseparable
215183,215186,inseparable
215183,215187,inseparable
215183,215188,inseparable
215183,215189,inseparable
215183,215190,inseparable
215183,215191,inseparable
215183,215192,inseparable
215183,215193,inseparable
215183,215194,inseparable
215183,215195,inseparable
215183,215196,inseparable
215183,215197,inseparable
215183,215198,inseparable
215199,215200,inseparable
215199,215201,inseparable
215199,215202,inseparable
215199,215203,inseparable
215199,215204,inseparable
215199,215205,inseparable
215199,215206,inseparable
215199,215207,inseparable
215199,215208,inseparable
215199,215209,inseparable
215199,215210,inseparable
215199,215211,inseparable
215199,215212,inseparable
215199,215213,inseparable
215199,215214,inseparable
215215,215216,inseparable
215215,215217,inseparable
215215,215218,inseparable
215215,215219,inseparable
215215,215220,inseparable
215215,215221,inseparable
215215,215222,inseparable
215215,215223,inseparable
215215,215224,inseparable
215215,215225,inseparable
215215,215226,inseparable
215215,215227,inseparable
215215,215228,inseparable
215215,215229,inseparable
215215,215230,inseparable
215231,215232,inseparable
215231,215233,inseparable
215231,215234,inseparable
215231,215235,inseparable
215231,215236,inseparable
215231,215237,inseparable
215231,215238,inseparable
215231,215239,inseparable
215231,215240,inseparable
215231,215241,inseparable
215231,215242,inseparable
215231,215243,inseparable
215231,215244,inseparable
215231,215245,inseparable
215231,215246,inseparable
215247,215248,inseparable
215247,215249,inseparable
215247,215250,inseparable
215247,215251,inseparable
215247,215252,inseparable
215247,215253,inseparable
215247,215254,inseparable
215247,215255,inseparable
215247,215256,inseparable
215247,215257,inseparable
215247,215258,inseparable
215247,215259,inseparable
215247,215260,inseparable
215247,215261,inseparable
215247,215262,inseparable
215264,215266,inseparable
215264,215267,inseparable
215264,215268,inseparable
215264,215269,inseparable
215264,215270,inseparable
215264,215271,inseparable
215264,215272,inseparable
215264,215273,inseparable
215264,215274,inseparable
215264,215275,inseparable
215264,215276,inseparable
215264,215277,inseparable
215264,215278,inseparable
215264,215279,inseparable
215264,215280,inseparable
215281,215282,inseparable
215281,215283,inseparable
215281,215284,inseparable
215281,215285,inseparable
215281,215286,inseparable
215281,215287,inseparable
215281,215288,inseparable
215281,215289,inseparable
215281,215290,inseparable
215281,215291,inseparable
215281,215292,inseparable
215281,215293,inseparable
215281,215294,inseparable
215281,215295,inseparable
215281,215296,inseparable
215297,215298,inseparable
215297,215299,inseparable
215297,215300,inseparable
215297,215301,inseparable
215297,215302,inseparable
215297,215303,inseparable
215297,215304,inseparable
215297,215305,inseparable
215306,215307,inseparable
215306,215308,inseparable
215306,215309,inseparable
215306,215310,inseparable
215306,215311,inseparable
215306,215312,inseparable
215306,215313,inseparable
215306,215314,inseparable
215306,215315,inseparable
215306,215316,inseparable
215306,215317,inseparable
215306,215318,inseparable
215306,215319,inseparable
215306,215320,inseparable
215306,215321,inseparable
215322,215323,inseparable
215322,215324,inseparable
215322,215325,inseparable
215322,215326,inseparable
215322,215327,inseparable
215322,215328,inseparable
215322,215329,inseparable
215322,215330,inseparable
215322,215331,inseparable
215322,215332,inseparable
215322,215333,inseparable
215322,215334,inseparable
215322,215335,inseparable
215322,215336,inseparable
215322,215337,inseparable
215339,215340,inseparable
215339,215341,inseparable
215339,215342,inseparable
215339,215343,inseparable
215339,215344,inseparable
215339,215345,inseparable
215339,215346,inseparable
215339,215347,inseparable
215339,215348,inseparable
215339,215349,inseparable
215339,215350,inseparable
215339,215351,inseparable
215339,215352,inseparable
215339,215353,inseparable
215339,215354,inseparable
215356,215357,inseparable
215356,215358,inseparable
215356,215359,inseparable
215356,215360,inseparable
215356,215361,inseparable
215356,215362,inseparable
215356,215363,inseparable
215356,215364,inseparable
215356,215365,inseparable
215356,215366,inseparable
215356,215367,inseparable
215356,215368,inseparable
215356,215369,inseparable
215356,215370,inseparable
215356,215371,inseparable
215372,215373,inseparable
215372,215374,inseparable
215372,215375,inseparable
215372,215376,inseparable
215372,215377,inseparable
215372,215378,inseparable
215372,215379,inseparable
215372,215380,inseparable
215372,215381,inseparable
215382,215383,inseparable
215382,215384,inseparable
215382,215385,inseparable
215382,215386,inseparable
215382,215387,inseparable
215382,215388,inseparable
215382,215389,inseparable
215382,215390,inseparable
215382,215391,inseparable
215641,229986,separable
215641,229987,separable
215641,229988,separable
215641,229989,separable
215641,229990,separable
215641,229991,separable
215641,229992,separable
215641,229993,separable
215641,229994,separable
215641,229995,separable
215641,229996,separable
215671,216418,separable
215671,216419,separable
215671,216420,separable
215671,216421,separable
215671,216422,separable
215671,216423,separable
215671,216424,separable
215671,216425,separable
215671,216426,separable
215671,216427,separable
215671,216428,separable
215671,216429,separable
215671,216430,separable
215671,216431,separable
215671,216432,separable
215671,216433,separable
215786,218911,separable
215786,218912,separable
215786,218913,separable
215786,218914,separable
215786,218915,separable
215786,218916,separable
215786,218917,separable
215786,218918,separable
215786,218919,separable
215786,218920,separable
215787,218921,separable
215787,218922,separable
215787,218923,separable
215787,218924,separable
215787,218925,separable
215787,218926,separable
215787,218927,separable
215787,218928,separable
215787,218929,separable
215787,218930,separable
215787,218931,separable
215787,218932,separable
215787,218933,separable
216339,217496,inseparable
216339,217497,inseparable
216339,217498,inseparable
216339,217499,inseparable
216339,217500,inseparable
216339,217501,inseparable
216339,217502,inseparable
216339,217503,inseparable
216339,217504,inseparable
216339,217505,inseparable
216339,217506,inseparable
216339,217507,inseparable
216339,217508,inseparable
216339,217509,inseparable
216339,217510,inseparable
216339,217511,inseparable
216339,217512,inseparable
216339,217513,inseparable
216339,217514,inseparable
216339,217515,inseparable
216339,217516,inseparable
216339,217517,inseparable
216339,217518,inseparable
216339,217519,inseparable
216339,217520,inseparable
216339,217521,inseparable
216339,217522,inseparable
216339,217523,inseparable
216339,217524,inseparable
216339,217525,inseparable
216339,217526,inseparable
216339,217527,inseparable
216339,217528,inseparable
216339,217529,inseparable
216339,217530,inseparable
216339,217531,inseparable
216339,217532,inseparable
216339,217533,inseparable
216339,217534,inseparable
216339,217535,inseparable
216339,217536,inseparable
216339,217537,inseparable
216339,217538,inseparable
216339,217539,inseparable
216339,217540,inseparable
216339,217541,inseparable
216339,217542,inseparable
216339,217543,inseparable
216339,217544,inseparable
216339,217545,inseparable
216339,217546,inseparable
216339,217547,inseparable
216339,217548,inseparable
216339,217549,inseparable
216339,217550,inseparable
216339,217551,inseparable
216339,217552,inseparable
216339,217553,inseparable
216339,217554,inseparable
216339,217555,inseparable
216339,217556,inseparable
216339,217557,inseparable
216339,217558,inseparable
216339,217559,inseparable
216339,217560,inseparable
216339,217561,inseparable
216339,217562,inseparable
216339,217563,inseparable
216339,217564,inseparable
216339,217565,inseparable
216347,224933,inseparable
216434,215735,separable
216434,215736,separable
216434,215737,separable
216434,215738,separable
216434,215739,separable
216434,215740,separable
216528,173077,separable
216528,173079,separable
216528,173080,separable
216528,173082,separable
216528,173085,separable
216528,173193,separable
216528,173194,separable
216528,173195,separable
216528,173197,separable
216528,173652,separable
216528,173653,separable
216528,173655,separable
216528,173656,separable
216592,213950,separable
216592,213951,separable
216592,213952,separable
216592,213953,separable
216592,213954,separable
216592,213955,separable
216592,213956,separable
216592,213957,separable
216763,194060,separable
216763,194390,separable
216763,195911,separable
216763,195913,separable
216763,195914,separable
216763,195915,separable
216763,195916,separable
216763,195917,separable
216763,195918,separable
216763,195919,separable
216763,195920,separable
216763,195921,separable
216763,195922,separable
216763,195923,separable
216763,195924,separable
216763,195925,separable
216763,195926,separable
216763,195927,separable
216763,195928,separable
216763,195929,separable
216763,195930,separable
216763,195931,separable
216763,195932,separable
216763,197123,separable
216763,197124,separable
216763,197126,separable
216763,197127,separable
216763,197128,separable
216763,197129,separable
216763,197130,separable
216763,197131,separable
216763,197132,separable
216763,197133,separable
216778,182446,separable
216778,193841,separable
216778,193842,separable
216778,193846,separable
216778,193847,separable
216778,193848,separable
216778,193850,separable
216778,193853,separable
216778,193856,separable
216778,193857,separable
216778,196256,separable
216779,55597,separable
216779,55598,separable
216779,55599,separable
216805,171504,separable
216805,216799,separable
216805,216800,separable
216805,216801,separable
216805,216802,separable
216805,216803,separable
216805,216804,separable
216869,182823,separable
216869,182824,separable
216869,182825,separable
216869,182826,separable
216869,182827,separable
216869,182828,separable
216869,182829,separable
216869,182830,separable
216869,182831,separable
216869,182832,separable
216869,182833,separable
216869,182834,separable
216869,182835,separable
216869,216870,separable
216921,171921,separable
216921,216902,separable
216921,216903,separable
216921,216904,separable
216921,216905,separable
216921,216906,separable
216921,216907,separable
216921,216908,separable
216921,216909,separable
216921,216910,separable
216921,216911,separable
216921,216912,separable
216921,216913,separable
216921,216914,separable
216921,216915,separable
216921,216916,separable
216921,216917,separable
216921,216918,separable
216921,216919,separable
216921,216920,separable
217755,214319,separable
217755,217756,separable
217755,217757,separable
217755,217758,separable
217888,221089,inseparable
217931,220761,separable
217931,220762,separable
217931,220763,separable
217931,220764,separable
217931,220765,separable
217931,220766,separable
217931,220767,separable
217931,220768,separable
217931,220769,separable
217931,220770,separable
217931,220771,separable
217931,220772,separable
217931,220773,separable
217973,223003,separable
217973,223004,separable
217973,223005,separable
217973,223006,separable
217973,223007,separable
217973,223008,separable
217973,223009,separable
217973,223010,separable
217973,223011,separable
217973,223012,separable
217973,223013,separable
217973,223014,separable
217973,223015,separable
217973,223016,separable
217973,223017,separable
217973,223018,separable
217973,223019,separable
217973,223020,separable
218690,224932,inseparable
218993,221417,separable
218993,221418,separable
218993,221419,separable
218993,221420,separable
218993,221421,separable
218993,221422,separable
218993,221423,separable
218993,221424,separable
218993,221425,separable
218993,221426,separable
218993,221427,separable
218993,221428,separable
218993,221429,separable
218993,221430,separable
218993,221431,separable
218993,221432,separable
218993,221433,separable
218993,221434,separable
218993,221435,separable
218993,221436,separable
218993,221437,separable
218993,221438,separable
218993,221439,separable
218993,221440,separable
218993,221441,separable
219030,70845,separable
219030,70874,separable
219030,70876,separable
219030,70895,separable
219030,70915,separable
219030,70928,separable
219030,70965,separable
219030,71414,separable
219091,221100,inseparable
219302,221101,inseparable
219304,220760,inseparable
219444,217381,separable
219444,217382,separable
219444,217383,separable
219444,217384,separable
219444,217385,separable
219444,217386,separable
219444,217387,separable
219444,217388,separable
219444,217389,separable
219444,217390,separable
219450,216806,separable
219450,216807,separable
219450,216808,separable
219450,216809,separable
219450,216810,separable
219450,216811,separable
219523,221206,inseparable
220459,221014,inseparable
220620,223021,separable
220620,223022,separable
220620,223023,separable
220620,223024,separable
220620,223025,separable
220620,223026,separable
220620,223027,separable
220620,223028,separable
220620,223029,separable
220620,223030,separable
220620,223031,separable
220621,223032,separable
220621,223033,separable
220621,223034,separable
220621,223035,separable
220621,223036,separable
220621,223037,separable
220621,223038,separable
220621,223039,separable
220621,223040,separable
220621,223041,separable
220621,223042,separable
220621,223043,separable
220623,127480,separable
220623,127497,separable
220623,127498,separable
220623,127499,separable
220623,127500,separable
220623,127501,separable
220623,127502,separable
220623,127503,separable
220635,221685,separable
220635,221686,separable
220635,221687,separable
220635,221688,separable
220635,221689,separable
220635,221690,separable
220635,221691,separable
220635,221692,separable
220635,221693,separable
220635,221694,separable
220635,221695,separable
220635,221696,separable
220636,221698,separable
220636,221699,separable
220636,221700,separable
220636,221701,separable
220636,221702,separable
220636,221703,separable
220636,221704,separable
220636,221705,separable
220636,221706,separable
220636,221707,separable
220636,221708,separable
220636,221709,separable
220671,66142,separable
220751,220757,separable
220751,220758,separable
220751,220759,separable
220944,75684,separable
220944,80966,separable
220944,80967,separable
220945,81048,separable
220945,81049,separable
221053,56165,separable
221053,56166,separable
221299,225166,separable
221299,225167,separable
221299,225168,separable
221299,225169,separable
221299,225170,separable
221299,225171,separable
221299,225172,separable
221299,225173,separable
221299,225174,separable
221299,225175,separable
221299,225176,separable
221717,221742,inseparable
221718,221743,inseparable
221719,221744,inseparable
221720,221745,inseparable
221721,221746,inseparable
221722,221747,inseparable
221723,221748,inseparable
221724,221749,inseparable
221725,221750,inseparable
221726,221751,inseparable
221727,221752,inseparable
221728,221753,inseparable
221729,221754,inseparable
221730,221755,inseparable
221731,221756,inseparable
221732,221757,inseparable
221733,221758,inseparable
221734,221759,inseparable
221735,221760,inseparable
221736,221761,inseparable
221737,221762,inseparable
221738,221763,inseparable
221739,221764,inseparable
221740,221765,inseparable
221741,221766,inseparable
221768,221787,inseparable
221769,221788,inseparable
221770,221789,inseparable
221771,221790,inseparable
221772,221791,inseparable
221773,221792,inseparable
221774,221793,inseparable
221775,221794,inseparable
221776,221795,inseparable
221777,221796,inseparable
221778,221797,inseparable
221779,221798,inseparable
221780,221799,inseparable
221781,221800,inseparable
221782,221801,inseparable
221783,221802,inseparable
221784,221803,inseparable
221785,221804,inseparable
221786,221805,inseparable
221807,221830,inseparable
221808,221831,inseparable
221809,221832,inseparable
221810,221833,inseparable
221811,221834,inseparable
221812,221835,inseparable
221813,221836,inseparable
221814,221837,inseparable
221815,221838,inseparable
221816,221839,inseparable
221817,221840,inseparable
221818,221841,inseparable
221819,221842,inseparable
221820,221843,inseparable
221821,221844,inseparable
221822,221845,inseparable
221823,221846,inseparable
221824,221847,inseparable
221825,221848,inseparable
221826,221849,inseparable
221827,221850,inseparable
221828,221851,inseparable
221829,221852,inseparable
221859,221883,inseparable
221860,221884,inseparable
221861,221885,inseparable
221862,221886,inseparable
221863,221887,inseparable
221864,221888,inseparable
221865,221889,inseparable
221866,221890,inseparable
221867,221891,inseparable
221868,221892,inseparable
221869,221893,inseparable
221870,221894,inseparable
221871,221895,inseparable
221872,221896,inseparable
221873,221897,inseparable
221874,221898,inseparable
221875,221899,inseparable
221876,221900,inseparable
221877,221901,inseparable
221878,221902,inseparable
221879,221903,inseparable
221880,221904,inseparable
221881,221905,inseparable
221882,221906,inseparable
221948,222035,inseparable
221949,221969,inseparable
221950,221970,inseparable
221951,221971,inseparable
221952,221972,inseparable
221953,221973,inseparable
221954,221974,inseparable
221955,221975,inseparable
221956,221976,inseparable
221957,221977,inseparable
221958,221978,inseparable
221959,221979,inseparable
221960,221980,inseparable
221961,221981,inseparable
221962,221982,inseparable
221963,221983,inseparable
221964,221984,inseparable
221965,221985,inseparable
221966,221968,inseparable
221987,222009,inseparable
221988,222010,inseparable
221989,222011,inseparable
221990,222012,inseparable
221991,222013,inseparable
221992,222014,inseparable
221993,222015,inseparable
221994,222016,inseparable
221995,222017,inseparable
221996,222018,inseparable
221997,222019,inseparable
221998,222020,inseparable
221999,222021,inseparable
222000,222022,inseparable
222001,222023,inseparable
222002,222024,inseparable
222003,222025,inseparable
222004,222026,inseparable
222005,222027,inseparable
222006,222028,inseparable
222007,222029,inseparable
222008,222030,inseparable
222266,224935,inseparable
222267,224934,inseparable
222887,198482,separable
222887,198483,separable
222887,198484,separable
222887,198485,separable
222887,198486,separable
222887,198487,separable
222887,198488,separable
222887,198489,separable
222887,198490,separable
222887,198491,separable
222887,198492,separable
222887,198493,separable
222887,198494,separable
222887,198495,separable
222887,198496,separable
222887,198497,separable
222887,198498,separable
222887,198499,separable
222887,198500,separable
222887,198501,separable
222887,198502,separable
222887,198503,separable
222887,198504,separable
222887,198505,separable
222887,198506,separable
222887,198507,separable
222887,198508,separable
222887,198509,separable
222887,198510,separable
222887,198511,separable
222887,198512,separable
222887,198513,separable
222887,198514,separable
222887,198515,separable
222887,198516,separable
222887,198517,separable
222887,198518,separable
222887,198519,separable
222887,198520,separable
222887,198521,separable
222887,198522,separable
222887,198523,separable
222887,198524,separable
222887,198525,separable
222887,198526,separable
222887,198527,separable
222887,198528,separable
222887,198529,separable
222887,198530,separable
222887,198531,separable
222887,198532,separable
222887,198533,separable
222887,198534,separable
222909,222901,separable
222909,222902,separable
222909,222903,separable
222909,222904,separable
222909,222905,separable
222909,222906,separable
222909,222907,separable
222909,222908,separable
223113,224114,separable
223113,224115,separable
223113,224116,separable
223113,224117,separable
223113,224118,separable
223113,224119,separable
223113,224120,separable
223113,224121,separable
223113,224122,separable
223113,224123,separable
223113,224124,separable
223113,224125,separable
223113,224126,separable
223113,224127,separable
223113,224128,separable
223113,224129,separable
223113,224130,separable
223113,224131,separable
223113,224132,separable
223113,224133,separable
223113,224134,separable
223113,224135,separable
223113,224136,separable
223113,224137,separable
223113,224138,separable
223113,224139,separable
223113,224140,separable
223113,224141,separable
223113,224142,separable
223113,224143,separable
223113,224144,separable
223223,224936,inseparable
223305,223850,separable
223305,223851,separable
223305,223852,separable
223305,223853,separable
223305,223854,separable
223305,223855,separable
223305,223856,separable
223305,223857,separable
223305,223858,separable
223305,223859,separable
223305,223860,separable
223305,223861,separable
223305,223862,separable
223305,223863,separable
223305,223864,separable
223305,223865,separable
223305,223866,separable
223305,223867,separable
223614,224937,separable
223614,224938,separable
223614,224939,separable
223614,224940,separable
223614,224941,separable
223614,224942,separable
223614,224943,separable
223614,224944,separable
223615,223616,separable
223771,226736,inseparable
223771,226737,inseparable
223771,226738,inseparable
223771,226739,inseparable
223771,226740,inseparable
223771,226741,inseparable
224163,225902,separable
224163,225903,separable
224163,225904,separable
224163,225905,separable
224163,225906,separable
224163,225907,separable
224163,225908,separable
224163,225909,separable
224163,225910,separable
224163,225911,separable
224163,225912,separable
224163,225913,separable
224163,225914,separable
224163,225915,separable
224163,225916,separable
224163,225917,separable
224210,225127,separable
224210,225128,separable
224210,225129,separable
224210,225130,separable
224210,225131,separable
224210,225132,separable
224210,225133,separable
224210,225134,separable
224210,225135,separable
224210,225136,separable
224210,225137,separable
224210,225138,separable
224210,225139,separable
224210,225140,separable
224210,225141,separable
224210,225142,separable
224210,225143,separable
224210,225144,separable
224210,225145,separable
224210,225146,separable
224210,225147,separable
224210,225148,separable
224210,225149,separable
224210,225150,separable
224210,225151,separable
224382,224470,separable
224382,224471,separable
224382,224472,separable
224382,224473,separable
224382,224474,separable
224382,224475,separable
224382,224476,separable
224382,224477,separable
224382,224478,separable
224382,224479,separable
225218,46270,separable
225218,46272,separable
225388,226721,separable
225388,226722,separable
225388,226723,separable
225388,226724,separable
225388,226725,separable
225388,226726,separable
225388,226727,separable
225388,226728,separable
225388,226729,separable
225388,226730,separable
225797,215627,separable
225797,215628,separable
225797,215629,separable
225797,215630,separable
225803,215746,separable
225803,215747,separable
225803,215748,separable
225803,215749,separable
225803,215750,separable
225803,215751,separable
225804,215753,separable
225804,215754,separable
225804,215755,separable
225804,215756,separable
225804,215757,separable
225804,215758,separable
225918,30253,separable
225918,30255,separable
225918,30256,separable
225918,30257,separable
225918,30258,separable
225918,30259,separable
225918,30260,separable
225918,30261,separable
225918,30262,separable
226188,226392,separable
226211,226347,separable
226211,226348,separable
226211,226349,separable
226211,226350,separable
226211,226351,separable
226211,226352,separable
226211,226353,separable
226211,226354,separable
226211,226355,separable
226211,226356,separable
226211,226357,separable
226211,226358,separable
226211,226359,separable
226211,226360,separable
226211,226361,separable
226211,226362,separable
226211,226363,separable
226211,226364,separable
226211,226365,separable
226211,226366,separable
226325,226580,separable
226325,226581,separable
226325,226582,separable
226325,226583,separable
226325,226584,separable
226325,226585,separable
226325,226586,separable
226325,226587,separable
226325,226588,separable
226325,226589,separable
226427,226429,inseparable
226533,226548,separable
226533,226549,separable
226533,226550,separable
226533,226551,separable
226533,226552,separable
226533,226553,separable
226533,226554,separable
226533,226555,separable
226533,226556,separable
226533,226557,separable
226533,226558,separable
226533,226559,separable
226533,226560,separable
226533,226561,separable
226533,226562,separable
226533,226563,separable
226533,226564,separable
226533,226565,separable
226533,226566,separable
226533,226567,separable
226533,226568,separable
226533,226569,separable
226533,226570,separable
226533,226571,separable
226647,228211,separable
226647,228212,separable
226647,228213,separable
226647,228214,separable
226647,228215,separable
226647,228216,separable
226647,228217,separable
226647,228218,separable
226647,228219,separable
226647,228220,separable
226647,228221,separable
226647,228222,separable
226946,232379,separable
226946,232380,separable
226946,232381,separable
226946,232382,separable
226946,232383,separable
226946,232384,separable
226946,232385,separable
226946,232386,separable
226946,232387,separable
226946,232388,separable
226946,232389,separable
226946,232390,separable
226984,229552,separable
226984,229553,separable
226984,229554,separable
226984,229555,separable
226984,229556,separable
226984,229557,separable
226984,229558,separable
226984,229559,separable
226984,229560,separable
226984,229561,separable
226984,229562,separable
226984,229563,separable
226984,229564,separable
226984,229565,separable
226984,229566,separable
226984,229567,separable
226984,229568,separable
226984,229569,separable
226984,229570,separable
226984,229571,separable
226984,229572,separable
226984,229573,separable
226984,229574,separable
226984,229575,separable
226984,229576,separable
226984,229577,separable
226984,229578,separable
226984,229579,separable
226984,229580,separable
226984,229581,separable
226984,229582,separable
226984,229583,separable
226984,229584,separable
226984,229585,separable
226984,229586,separable
226984,229587,separable
226984,229588,separable
226984,229589,separable
226984,229590,separable
226984,229591,separable
226984,229592,separable
226984,229593,separable
226984,229594,separable
226984,229595,separable
226984,229596,separable
226984,229597,separable
226984,229598,separable
226984,229599,separable
226984,229600,separable
226984,229601,separable
226984,229602,separable
226984,229603,separable
226984,229604,separable
226984,229605,separable
226984,229606,separable
226984,229607,separable
226984,229608,separable
226984,229609,separable
226984,229610,separable
226984,229611,separable
226984,229612,separable
226984,229613,separable
226984,229614,separable
226984,229615,separable
226984,229616,separable
226984,229617,separable
226984,229618,separable
226984,229619,separable
226984,229620,separable
226984,229621,separable
226984,229622,separable
226984,229623,separable
226984,229624,separable
226984,229625,separable
226984,229626,separable
226984,229627,separable
226984,229628,separable
226984,229629,separable
226984,229630,separable
226984,229631,separable
226984,229632,separable
226984,229633,separable
226984,229634,separable
226984,229635,separable
226984,229636,separable
226984,229637,separable
226984,229638,separable
226984,229639,separable
226984,229640,separable
226984,229641,separable
226984,229642,separable
226984,229643,separable
226984,229644,separable
226984,229645,separable
226984,229646,separable
226984,229647,separable
226984,229648,separable
226984,229649,separable
226984,229650,separable
226984,229651,separable
226984,229652,separable
226990,227530,separable
226990,227531,separable
226990,227532,separable
226990,227533,separable
226990,227534,separable
226990,227535,separable
226990,227536,separable
226990,227537,separable
226990,227538,separable
226990,227539,separable
227017,227567,separable
227017,227568,separable
227017,227569,separable
227017,227570,separable
227017,227571,separable
227017,227572,separable
227017,227573,separable
227017,227574,separable
227017,227575,separable
227017,227576,separable
227017,227577,separable
227017,227578,separable
227483,60489,separable
227483,60504,separable
227483,60505,separable
227483,60575,separable
227483,60576,separable
227483,60577,separable
227483,60578,separable
227483,60579,separable
227483,60580,separable
227483,60581,separable
227483,60582,separable
227483,60630,separable
227672,66620,separable
227672,66621,separable
227672,66622,separable
227672,66623,separable
227672,66624,separable
227672,66625,separable
227672,66626,separable
227672,66627,separable
227672,66628,separable
227672,66629,separable
227672,66630,separable
227672,66631,separable
227672,66632,separable
227672,66633,separable
227672,66634,separable
227672,66635,separable
227672,66636,separable
227672,66637,separable
227672,66638,separable
227672,66639,separable
227672,66640,separable
227672,66641,separable
227672,66642,separable
227672,66643,separable
227672,66644,separable
227672,66645,separable
227673,66646,separable
227673,66647,separable
227673,66648,separable
227673,66649,separable
227673,66650,separable
227673,66651,separable
227673,66652,separable
227673,66653,separable
227673,66654,separable
227673,66655,separable
227673,66656,separable
227673,66657,separable
227673,66658,separable
227673,66659,separable
227673,66660,separable
227673,66661,separable
227673,66662,separable
227673,66663,separable
228362,229086,separable
228362,229087,separable
228362,229088,separable
228362,229089,separable
228362,229090,separable
228362,229091,separable
228362,229092,separable
228362,229093,separable
228362,229094,separable
228362,229095,separable
228362,229096,separable
228362,229097,separable
228362,229098,separable
228362,229099,separable
228362,229100,separable
228362,229101,separable
229037,227614,separable
229037,227615,separable
229037,227616,separable
229037,227617,separable
229037,227618,separable
229151,137106,separable
229151,138803,separable
229151,138804,separable
229151,138805,separable
229151,138806,separable
229151,138807,separable
229151,138808,separable
229151,138810,separable
229203,76411,separable
229203,83161,separable
229203,83162,separable
229203,83163,separable
229203,83164,separable
229203,83165,separable
229203,83166,separable
229203,83167,separable
229203,83168,separable
229203,83169,separable
229337,231163,separable
229337,231164,separable
229337,231165,separable
229337,231166,separable
229337,231167,separable
229337,231168,separable
229337,231169,separable
229337,231170,separable
229337,231171,separable
229337,231172,separable
229337,231173,separable
229337,231174,separable
229476,231913,separable
229476,231914,separable
229476,231915,separable
229476,231916,separable
229476,231917,separable
229476,231918,separable
229476,231919,separable
229476,231920,separable
229476,231921,separable
229476,231922,separable
229476,231923,separable
229476,231924,separable
229476,231925,separable
229476,231926,separable
229476,231927,separable
229813,231073,separable
229813,231074,separable
229813,231075,separable
229813,231076,separable
229813,231077,separable
229813,231078,separable
229847,231214,separable
229847,231215,separable
229847,231216,separable
229847,231217,separable
229847,231218,separable
229847,231219,separable
229847,231220,separable
229870,231784,inseparable
229870,231785,inseparable
229870,231786,inseparable
229870,231787,inseparable
229870,231788,inseparable
229870,231789,inseparable
229870,231790,inseparable
229870,231791,inseparable
231151,125529,separable
231151,126233,separable
231335,231639,separable
231335,231640,separable
231335,231641,separable
231335,231642,separable
231335,231643,separable
231335,231644,separable
231335,231645,separable
231335,231646,separable
231396,55963,separable
231396,55964,separable
231396,55965,separable
231396,55966,separable
231396,55967,separable
231396,55968,separable
231396,55969,separable
231396,55970,separable
231396,55971,separable
231396,55972,separable
231568,229905,separable
231568,229907,separable
231568,229909,separable
231568,229910,separable
231568,229911,separable
231568,229912,separable
231568,229913,separable
231568,230923,separable
231569,233944,separable
231569,233945,separable
231569,233946,separable
231569,233947,separable
231569,233948,separable
231569,233949,separable
231569,233950,separable
231569,233951,separable
231569,233952,separable
231569,233953,separable
231569,233954,separable
231569,233955,separable
231569,233956,separable
231569,233957,separable
231569,233958,separable
231569,233959,separable
231569,233960,separable
231569,233961,separable
231783,60632,separable
231783,60633,separable
231783,66145,separable
231783,66146,separable
231783,66147,separable
231783,66148,separable
231783,66149,separable
231783,66150,separable
231783,66151,separable
231842,230909,separable
231842,230993,separable
231842,231177,separable
231842,231178,separable
231842,231179,separable
231842,231181,separable
231842,231182,separable
231842,231183,separable
231842,231184,separable
231842,231185,separable
231842,231186,separable
231842,231187,separable
232187,228472,separable
232187,228605,separable
232187,228606,separable
232187,228607,separable
232187,228608,separable
232187,228609,separable
232187,228610,separable
232187,228611,separable
232187,228612,separable
232187,228613,separable
232187,228614,separable
232187,228615,separable
232187,228616,separable
232187,228617,separable
232187,228618,separable
232187,228619,separable
232187,228620,separable
232187,228621,separable
232187,228622,separable
232187,228623,separable
232187,228624,separable
232187,228625,separable
232187,228626,separable
232187,228627,separable
232187,228628,separable
232187,228629,separable
232187,228630,separable
232187,228631,separable
232187,228632,separable
232187,228633,separable
232187,228643,separable
232203,232204,inseparable
232219,194459,separable
232219,194760,separable
232219,195953,separable
232219,195954,separable
232219,197770,separable
232219,197794,separable
232219,197795,separable
232219,197796,separable
232219,197797,separable
232219,197798,separable
232219,198256,separable
232219,198257,separable
232329,60889,separable
232329,60890,separable
233932,232275,separable
233932,232276,separable
233932,232277,separable
233932,232278,separable
233932,232279,separable
233932,232280,separable
233932,232281,separable
233932,232282,separable
233932,232283,separable
233932,232284,separable
233932,232285,separable
233932,232286,separable
233932,232287,separable
233932,232288,separable
233932,232289,separable
233932,232290,separable
233932,232291,separable
233932,232292,separable
233932,232293,separable
233932,232294,separable
233932,232295,separable
233932,232296,separable
233932,232297,separable
233932,232298,separable
233932,232299,separable
233932,232300,separable
233932,232301,separable
233932,232302,separable
233932,232303,separable
233932,232304,separable
233932,232305,separable
233932,232306,separable
233932,232307,separable
233932,232308,separable
233932,232309,separable
233932,232310,separable
233932,232311,separable
233932,232312,separable
233932,232313,separable
233932,232314,separable
233932,232315,separable
233932,232316,separable
233932,232317,separable
233932,232318,separable
233932,232319,separable
233932,232320,separable
233932,232321,separable
233932,232322,separable
233932,232323,separable
233932,232324,separable
233967,203991,separable
233967,203992,separable
233967,203993,separable
233967,203994,separable
233967,203995,separable
233967,203996,separable
233967,203997,separable
233967,203998,separable
233967,203999,separable
233967,204000,separable
233967,204001,separable
233967,204002,separable
233967,204003,separable
233967,204004,separable
233967,204005,separable
233967,204006,separable
233967,204007,separable
233967,204008,separable
233967,204009,separable
233967,204010,separable
233967,204011,separable
233967,204012,separable
233967,204013,separable
233967,204014,separable
233967,204015,separable
233967,204016,separable
233967,204017,separable
233967,204018,separable
233967,204019,separable
233967,204020,separable
233967,204021,separable
233967,204022,separable
233967,204023,separable
233967,204024,separable
233967,204025,separable
233967,204026,separable
233967,204027,separable
233967,204028,separable
233967,204029,separable
233967,204030,separable
233967,204031,separable
233967,204032,separable
233967,204033,separable
233967,204034,separable
233967,204035,separable
233967,204036,separable
233967,204037,separable
233967,204038,separable
233967,204039,separable
233967,204040,separable
233967,204041,separable
233967,204042,separable
233967,204043,separable
233967,204044,separable
233967,204045,separable
233967,204046,separable
233967,204047,separable
233967,204048,separable
233967,204049,separable
233967,204050,separable
233967,204051,separable
233967,204052,separable
233967,204053,separable
233967,204054,separable
233967,204055,separable
233967,204056,separable
233967,204057,separable
233967,204058,separable
233967,204059,separable
234295,229476,separable
234295,231913,separable
234295,231914,separable
234295,231915,separable
234295,231916,separable
234295,231917,separable
234295,231918,separable
234295,231919,separable
234295,231920,separable
234295,231921,separable
234295,231922,separable
234295,231923,separable
234295,231924,separable
234295,231925,separable
234295,231926,separable
234295,231927,separable
234646,117440,separable
234646,121121,separable
234646,121122,separable
234646,121123,separable
234646,121124,separable
234646,121125,separable
